column,row,easting_m,northing_m,elevation_m
0,0,31.250,9968.750,1561.327
1,0,93.750,9968.750,1518.788
2,0,156.250,9968.750,1459.153
3,0,218.750,9968.750,1388.492
4,0,281.250,9968.750,1334.970
5,0,343.750,9968.750,1339.748
6,0,406.250,9968.750,1362.653
7,0,468.750,9968.750,1380.989
8,0,531.250,9968.750,1416.752
9,0,593.750,9968.750,1452.622
10,0,656.250,9968.750,1434.706
11,0,718.750,9968.750,1413.532
12,0,781.250,9968.750,1403.762
13,0,843.750,9968.750,1387.963
14,0,906.250,9968.750,1368.921
15,0,968.750,9968.750,1380.688
16,0,1031.250,9968.750,1422.971
17,0,1093.750,9968.750,1453.033
18,0,1156.250,9968.750,1427.793
19,0,1218.750,9968.750,1373.117
20,0,1281.250,9968.750,1344.471
21,0,1343.750,9968.750,1343.626
22,0,1406.250,9968.750,1348.546
23,0,1468.750,9968.750,1370.532
24,0,1531.250,9968.750,1410.406
25,0,1593.750,9968.750,1430.453
26,0,1656.250,9968.750,1431.327
27,0,1718.750,9968.750,1428.239
28,0,1781.250,9968.750,1436.801
29,0,1843.750,9968.750,1451.576
30,0,1906.250,9968.750,1449.339
31,0,1968.750,9968.750,1407.137
32,0,2031.250,9968.750,1380.712
33,0,2093.750,9968.750,1381.962
34,0,2156.250,9968.750,1373.711
35,0,2218.750,9968.750,1353.472
36,0,2281.250,9968.750,1350.681
37,0,2343.750,9968.750,1362.690
38,0,2406.250,9968.750,1410.280
39,0,2468.750,9968.750,1477.653
40,0,2531.250,9968.750,1503.986
41,0,2593.750,9968.750,1489.497
42,0,2656.250,9968.750,1456.432
43,0,2718.750,9968.750,1409.361
44,0,2781.250,9968.750,1370.919
45,0,2843.750,9968.750,1366.465
46,0,2906.250,9968.750,1373.314
47,0,2968.750,9968.750,1371.919
48,0,3031.250,9968.750,1350.278
49,0,3093.750,9968.750,1324.416
50,0,3156.250,9968.750,1324.619
51,0,3218.750,9968.750,1372.437
52,0,3281.250,9968.750,1429.971
53,0,3343.750,9968.750,1468.823
54,0,3406.250,9968.750,1492.688
55,0,3468.750,9968.750,1505.721
56,0,3531.250,9968.750,1513.539
57,0,3593.750,9968.750,1533.052
58,0,3656.250,9968.750,1577.321
59,0,3718.750,9968.750,1626.287
60,0,3781.250,9968.750,1641.027
61,0,3843.750,9968.750,1616.887
62,0,3906.250,9968.750,1611.184
63,0,3968.750,9968.750,1646.430
64,0,4031.250,9968.750,1695.851
65,0,4093.750,9968.750,1755.218
66,0,4156.250,9968.750,1828.658
67,0,4218.750,9968.750,1825.120
68,0,4281.250,9968.750,1834.020
69,0,4343.750,9968.750,1851.721
70,0,4406.250,9968.750,1817.558
71,0,4468.750,9968.750,1745.125
72,0,4531.250,9968.750,1675.998
73,0,4593.750,9968.750,1624.531
74,0,4656.250,9968.750,1582.475
75,0,4718.750,9968.750,1559.030
76,0,4781.250,9968.750,1551.185
77,0,4843.750,9968.750,1552.797
78,0,4906.250,9968.750,1579.601
79,0,4968.750,9968.750,1617.409
80,0,5031.250,9968.750,1618.502
81,0,5093.750,9968.750,1574.038
82,0,5156.250,9968.750,1549.445
83,0,5218.750,9968.750,1564.960
84,0,5281.250,9968.750,1582.100
85,0,5343.750,9968.750,1581.714
86,0,5406.250,9968.750,1554.532
87,0,5468.750,9968.750,1518.715
88,0,5531.250,9968.750,1490.917
89,0,5593.750,9968.750,1467.761
90,0,5656.250,9968.750,1424.766
91,0,5718.750,9968.750,1366.346
92,0,5781.250,9968.750,1325.631
93,0,5843.750,9968.750,1317.455
94,0,5906.250,9968.750,1319.263
95,0,5968.750,9968.750,1314.099
96,0,6031.250,9968.750,1305.309
97,0,6093.750,9968.750,1299.745
98,0,6156.250,9968.750,1313.887
99,0,6218.750,9968.750,1336.056
100,0,6281.250,9968.750,1334.992
101,0,6343.750,9968.750,1323.984
102,0,6406.250,9968.750,1324.772
103,0,6468.750,9968.750,1340.075
104,0,6531.250,9968.750,1352.055
105,0,6593.750,9968.750,1354.831
106,0,6656.250,9968.750,1362.084
107,0,6718.750,9968.750,1360.990
108,0,6781.250,9968.750,1323.984
109,0,6843.750,9968.750,1284.456
110,0,6906.250,9968.750,1303.562
111,0,6968.750,9968.750,1369.480
112,0,7031.250,9968.750,1421.482
113,0,7093.750,9968.750,1426.685
114,0,7156.250,9968.750,1401.710
115,0,7218.750,9968.750,1353.352
116,0,7281.250,9968.750,1294.733
117,0,7343.750,9968.750,1248.433
118,0,7406.250,9968.750,1216.897
119,0,7468.750,9968.750,1194.779
120,0,7531.250,9968.750,1194.491
121,0,7593.750,9968.750,1202.960
122,0,7656.250,9968.750,1207.646
123,0,7718.750,9968.750,1208.840
124,0,7781.250,9968.750,1230.312
125,0,7843.750,9968.750,1293.982
126,0,7906.250,9968.750,1378.511
127,0,7968.750,9968.750,1453.492
128,0,8031.250,9968.750,1498.850
129,0,8093.750,9968.750,1538.338
130,0,8156.250,9968.750,1600.161
131,0,8218.750,9968.750,1679.384
132,0,8281.250,9968.750,1764.726
133,0,8343.750,9968.750,1866.048
134,0,8406.250,9968.750,1960.541
135,0,8468.750,9968.750,2002.891
136,0,8531.250,9968.750,2016.127
137,0,8593.750,9968.750,2036.606
138,0,8656.250,9968.750,2074.260
139,0,8718.750,9968.750,2100.281
140,0,8781.250,9968.750,2110.728
141,0,8843.750,9968.750,2101.558
142,0,8906.250,9968.750,2079.327
143,0,8968.750,9968.750,2062.087
144,0,9031.250,9968.750,2046.376
145,0,9093.750,9968.750,2042.326
146,0,9156.250,9968.750,2053.286
147,0,9218.750,9968.750,2070.269
148,0,9281.250,9968.750,2095.293
149,0,9343.750,9968.750,2126.553
150,0,9406.250,9968.750,2148.337
151,0,9468.750,9968.750,2173.203
152,0,9531.250,9968.750,2172.905
153,0,9593.750,9968.750,2148.210
154,0,9656.250,9968.750,2135.207
155,0,9718.750,9968.750,2130.657
156,0,9781.250,9968.750,2155.639
157,0,9843.750,9968.750,2195.950
158,0,9906.250,9968.750,2222.607
159,0,9968.750,9968.750,2227.315
0,1,31.250,9906.250,1518.778
1,1,93.750,9906.250,1481.869
2,1,156.250,9906.250,1432.434
3,1,218.750,9906.250,1385.140
4,1,281.250,9906.250,1357.178
5,1,343.750,9906.250,1366.588
6,1,406.250,9906.250,1389.655
7,1,468.750,9906.250,1406.257
8,1,531.250,9906.250,1422.628
9,1,593.750,9906.250,1431.573
10,1,656.250,9906.250,1412.847
11,1,718.750,9906.250,1404.861
12,1,781.250,9906.250,1401.854
13,1,843.750,9906.250,1396.729
14,1,906.250,9906.250,1396.720
15,1,968.750,9906.250,1409.959
16,1,1031.250,9906.250,1430.051
17,1,1093.750,9906.250,1445.738
18,1,1156.250,9906.250,1437.552
19,1,1218.750,9906.250,1407.294
20,1,1281.250,9906.250,1378.410
21,1,1343.750,9906.250,1365.959
22,1,1406.250,9906.250,1364.104
23,1,1468.750,9906.250,1378.398
24,1,1531.250,9906.250,1407.038
25,1,1593.750,9906.250,1425.688
26,1,1656.250,9906.250,1432.254
27,1,1718.750,9906.250,1434.579
28,1,1781.250,9906.250,1438.979
29,1,1843.750,9906.250,1443.613
30,1,1906.250,9906.250,1439.795
31,1,1968.750,9906.250,1408.516
32,1,2031.250,9906.250,1391.075
33,1,2093.750,9906.250,1400.993
34,1,2156.250,9906.250,1404.705
35,1,2218.750,9906.250,1383.732
36,1,2281.250,9906.250,1363.959
37,1,2343.750,9906.250,1365.281
38,1,2406.250,9906.250,1400.722
39,1,2468.750,9906.250,1448.248
40,1,2531.250,9906.250,1468.758
41,1,2593.750,9906.250,1456.838
42,1,2656.250,9906.250,1428.854
43,1,2718.750,9906.250,1398.515
44,1,2781.250,9906.250,1380.037
45,1,2843.750,9906.250,1376.506
46,1,2906.250,9906.250,1372.740
47,1,2968.750,9906.250,1366.331
48,1,3031.250,9906.250,1355.039
49,1,3093.750,9906.250,1342.608
50,1,3156.250,9906.250,1344.773
51,1,3218.750,9906.250,1387.589
52,1,3281.250,9906.250,1435.642
53,1,3343.750,9906.250,1460.221
54,1,3406.250,9906.250,1471.434
55,1,3468.750,9906.250,1485.298
56,1,3531.250,9906.250,1510.762
57,1,3593.750,9906.250,1543.238
58,1,3656.250,9906.250,1582.312
59,1,3718.750,9906.250,1620.966
60,1,3781.250,9906.250,1638.213
61,1,3843.750,9906.250,1633.955
62,1,3906.250,9906.250,1642.624
63,1,3968.750,9906.250,1668.524
64,1,4031.250,9906.250,1700.760
65,1,4093.750,9906.250,1756.745
66,1,4156.250,9906.250,1832.953
67,1,4218.750,9906.250,1832.859
68,1,4281.250,9906.250,1831.289
69,1,4343.750,9906.250,1828.436
70,1,4406.250,9906.250,1790.121
71,1,4468.750,9906.250,1737.894
72,1,4531.250,9906.250,1681.055
73,1,4593.750,9906.250,1617.046
74,1,4656.250,9906.250,1558.961
75,1,4718.750,9906.250,1533.767
76,1,4781.250,9906.250,1535.489
77,1,4843.750,9906.250,1542.621
78,1,4906.250,9906.250,1562.978
79,1,4968.750,9906.250,1594.012
80,1,5031.250,9906.250,1601.645
81,1,5093.750,9906.250,1581.915
82,1,5156.250,9906.250,1573.819
83,1,5218.750,9906.250,1580.388
84,1,5281.250,9906.250,1580.635
85,1,5343.750,9906.250,1579.992
86,1,5406.250,9906.250,1564.355
87,1,5468.750,9906.250,1536.190
88,1,5531.250,9906.250,1501.448
89,1,5593.750,9906.250,1466.815
90,1,5656.250,9906.250,1428.782
91,1,5718.750,9906.250,1397.834
92,1,5781.250,9906.250,1371.255
93,1,5843.750,9906.250,1351.510
94,1,5906.250,9906.250,1337.426
95,1,5968.750,9906.250,1322.398
96,1,6031.250,9906.250,1305.521
97,1,6093.750,9906.250,1295.262
98,1,6156.250,9906.250,1295.028
99,1,6218.750,9906.250,1296.829
100,1,6281.250,9906.250,1293.800
101,1,6343.750,9906.250,1292.185
102,1,6406.250,9906.250,1297.754
103,1,6468.750,9906.250,1312.190
104,1,6531.250,9906.250,1327.153
105,1,6593.750,9906.250,1336.342
106,1,6656.250,9906.250,1351.532
107,1,6718.750,9906.250,1357.564
108,1,6781.250,9906.250,1328.342
109,1,6843.750,9906.250,1294.478
110,1,6906.250,9906.250,1310.602
111,1,6968.750,9906.250,1362.017
112,1,7031.250,9906.250,1400.677
113,1,7093.750,9906.250,1405.851
114,1,7156.250,9906.250,1387.814
115,1,7218.750,9906.250,1344.275
116,1,7281.250,9906.250,1288.168
117,1,7343.750,9906.250,1247.873
118,1,7406.250,9906.250,1225.978
119,1,7468.750,9906.250,1212.022
120,1,7531.250,9906.250,1214.703
121,1,7593.750,9906.250,1223.568
122,1,7656.250,9906.250,1227.083
123,1,7718.750,9906.250,1237.408
124,1,7781.250,9906.250,1273.617
125,1,7843.750,9906.250,1333.345
126,1,7906.250,9906.250,1390.194
127,1,7968.750,9906.250,1445.739
128,1,8031.250,9906.250,1493.205
129,1,8093.750,9906.250,1539.702
130,1,8156.250,9906.250,1604.171
131,1,8218.750,9906.250,1686.186
132,1,8281.250,9906.250,1771.405
133,1,8343.750,9906.250,1869.631
134,1,8406.250,9906.250,1961.745
135,1,8468.750,9906.250,2006.666
136,1,8531.250,9906.250,2034.138
137,1,8593.750,9906.250,2060.203
138,1,8656.250,9906.250,2075.313
139,1,8718.750,9906.250,2079.311
140,1,8781.250,9906.250,2089.284
141,1,8843.750,9906.250,2093.510
142,1,8906.250,9906.250,2087.769
143,1,8968.750,9906.250,2070.824
144,1,9031.250,9906.250,2049.542
145,1,9093.750,9906.250,2043.380
146,1,9156.250,9906.250,2057.744
147,1,9218.750,9906.250,2078.952
148,1,9281.250,9906.250,2100.369
149,1,9343.750,9906.250,2124.055
150,1,9406.250,9906.250,2145.240
151,1,9468.750,9906.250,2176.219
152,1,9531.250,9906.250,2178.029
153,1,9593.750,9906.250,2152.649
154,1,9656.250,9906.250,2142.237
155,1,9718.750,9906.250,2136.735
156,1,9781.250,9906.250,2155.428
157,1,9843.750,9906.250,2191.376
158,1,9906.250,9906.250,2215.930
159,1,9968.750,9906.250,2218.297
0,2,31.250,9843.750,1459.384
1,2,93.750,9843.750,1432.232
2,2,156.250,9843.750,1399.507
3,2,218.750,9843.750,1384.075
4,2,281.250,9843.750,1388.966
5,2,343.750,9843.750,1404.499
6,2,406.250,9843.750,1426.737
7,2,468.750,9843.750,1439.514
8,2,531.250,9843.750,1431.749
9,2,593.750,9843.750,1408.514
10,2,656.250,9843.750,1388.854
11,2,718.750,9843.750,1397.317
12,2,781.250,9843.750,1403.861
13,2,843.750,9843.750,1412.618
14,2,906.250,9843.750,1435.294
15,2,968.750,9843.750,1449.822
16,2,1031.250,9843.750,1443.839
17,2,1093.750,9843.750,1442.388
18,2,1156.250,9843.750,1453.076
19,2,1218.750,9843.750,1450.418
20,2,1281.250,9843.750,1421.279
21,2,1343.750,9843.750,1394.592
22,2,1406.250,9843.750,1383.549
23,2,1468.750,9843.750,1387.610
24,2,1531.250,9843.750,1402.315
25,2,1593.750,9843.750,1418.996
26,2,1656.250,9843.750,1432.322
27,2,1718.750,9843.750,1441.332
28,2,1781.250,9843.750,1441.325
29,2,1843.750,9843.750,1434.342
30,2,1906.250,9843.750,1428.516
31,2,1968.750,9843.750,1410.248
32,2,2031.250,9843.750,1404.201
33,2,2093.750,9843.750,1425.341
34,2,2156.250,9843.750,1443.925
35,2,2218.750,9843.750,1422.598
36,2,2281.250,9843.750,1382.016
37,2,2343.750,9843.750,1368.716
38,2,2406.250,9843.750,1387.626
39,2,2468.750,9843.750,1410.353
40,2,2531.250,9843.750,1423.754
41,2,2593.750,9843.750,1416.446
42,2,2656.250,9843.750,1397.342
43,2,2718.750,9843.750,1389.683
44,2,2781.250,9843.750,1396.553
45,2,2843.750,9843.750,1395.007
46,2,2906.250,9843.750,1380.811
47,2,2968.750,9843.750,1370.978
48,2,3031.250,9843.750,1373.761
49,2,3093.750,9843.750,1378.210
50,2,3156.250,9843.750,1382.393
51,2,3218.750,9843.750,1415.659
52,2,3281.250,9843.750,1446.862
53,2,3343.750,9843.750,1448.827
54,2,3406.250,9843.750,1440.998
55,2,3468.750,9843.750,1454.576
56,2,3531.250,9843.750,1500.619
57,2,3593.750,9843.750,1549.017
58,2,3656.250,9843.750,1583.502
59,2,3718.750,9843.750,1611.459
60,2,3781.250,9843.750,1632.015
61,2,3843.750,9843.750,1650.817
62,2,3906.250,9843.750,1676.210
63,2,3968.750,9843.750,1691.441
64,2,4031.250,9843.750,1703.705
65,2,4093.750,9843.750,1755.403
66,2,4156.250,9843.750,1834.267
67,2,4218.750,9843.750,1847.602
68,2,4281.250,9843.750,1834.738
69,2,4343.750,9843.750,1808.570
70,2,4406.250,9843.750,1765.334
71,2,4468.750,9843.750,1735.027
72,2,4531.250,9843.750,1690.319
73,2,4593.750,9843.750,1609.725
74,2,4656.250,9843.750,1531.471
75,2,4718.750,9843.750,1503.344
76,2,4781.250,9843.750,1515.133
77,2,4843.750,9843.750,1527.638
78,2,4906.250,9843.750,1539.712
79,2,4968.750,9843.750,1562.445
80,2,5031.250,9843.750,1577.784
81,2,5093.750,9843.750,1587.872
82,2,5156.250,9843.750,1600.682
83,2,5218.750,9843.750,1599.089
84,2,5281.250,9843.750,1581.633
85,2,5343.750,9843.750,1581.631
86,2,5406.250,9843.750,1580.602
87,2,5468.750,9843.750,1562.643
88,2,5531.250,9843.750,1521.113
89,2,5593.750,9843.750,1473.960
90,2,5656.250,9843.750,1441.382
91,2,5718.750,9843.750,1439.710
92,2,5781.250,9843.750,1425.759
93,2,5843.750,9843.750,1388.681
94,2,5906.250,9843.750,1352.814
95,2,5968.750,9843.750,1324.606
96,2,6031.250,9843.750,1297.747
97,2,6093.750,9843.750,1281.927
98,2,6156.250,9843.750,1265.131
99,2,6218.750,9843.750,1243.546
100,2,6281.250,9843.750,1238.096
101,2,6343.750,9843.750,1246.065
102,2,6406.250,9843.750,1255.281
103,2,6468.750,9843.750,1266.832
104,2,6531.250,9843.750,1284.173
105,2,6593.750,9843.750,1301.519
106,2,6656.250,9843.750,1328.906
107,2,6718.750,9843.750,1347.093
108,2,6781.250,9843.750,1330.549
109,2,6843.750,9843.750,1305.563
110,2,6906.250,9843.750,1318.174
111,2,6968.750,9843.750,1350.768
112,2,7031.250,9843.750,1370.996
113,2,7093.750,9843.750,1373.394
114,2,7156.250,9843.750,1362.285
115,2,7218.750,9843.750,1326.418
116,2,7281.250,9843.750,1277.524
117,2,7343.750,9843.750,1249.230
118,2,7406.250,9843.750,1243.076
119,2,7468.750,9843.750,1241.697
120,2,7531.250,9843.750,1248.660
121,2,7593.750,9843.750,1257.867
122,2,7656.250,9843.750,1259.338
123,2,7718.750,9843.750,1279.058
124,2,7781.250,9843.750,1330.800
125,2,7843.750,9843.750,1384.419
126,2,7906.250,9843.750,1407.925
127,2,7968.750,9843.750,1439.840
128,2,8031.250,9843.750,1488.872
129,2,8093.750,9843.750,1542.916
130,2,8156.250,9843.750,1609.900
131,2,8218.750,9843.750,1694.200
132,2,8281.250,9843.750,1778.122
133,2,8343.750,9843.750,1871.791
134,2,8406.250,9843.750,1960.744
135,2,8468.750,9843.750,2008.827
136,2,8531.250,9843.750,2048.851
137,2,8593.750,9843.750,2044.973
138,2,8656.250,9843.750,2069.523
139,2,8718.750,9843.750,2038.238
140,2,8781.250,9843.750,2048.163
141,2,8843.750,9843.750,2078.036
142,2,8906.250,9843.750,2093.945
143,2,8968.750,9843.750,2079.883
144,2,9031.250,9843.750,2054.054
145,2,9093.750,9843.750,2045.993
146,2,9156.250,9843.750,2064.425
147,2,9218.750,9843.750,2090.612
148,2,9281.250,9843.750,2107.934
149,2,9343.750,9843.750,2122.829
150,2,9406.250,9843.750,2143.066
151,2,9468.750,9843.750,2180.855
152,2,9531.250,9843.750,2187.122
153,2,9593.750,9843.750,2158.999
154,2,9656.250,9843.750,2149.993
155,2,9718.750,9843.750,2142.553
156,2,9781.250,9843.750,2153.528
157,2,9843.750,9843.750,2184.322
158,2,9906.250,9843.750,2206.390
159,2,9968.750,9843.750,2206.157
0,3,31.250,9781.250,1409.900
1,3,93.750,9781.250,1394.819
2,3,156.250,9781.250,1381.293
3,3,218.750,9781.250,1391.069
4,3,281.250,9781.250,1417.602
5,3,343.750,9781.250,1437.571
6,3,406.250,9781.250,1456.727
7,3,468.750,9781.250,1463.185
8,3,531.250,9781.250,1441.471
9,3,593.750,9781.250,1402.876
10,3,656.250,9781.250,1382.797
11,3,718.750,9781.250,1400.743
12,3,781.250,9781.250,1415.564
13,3,843.750,9781.250,1433.677
14,3,906.250,9781.250,1466.732
15,3,968.750,9781.250,1480.612
16,3,1031.250,9781.250,1463.508
17,3,1093.750,9781.250,1454.107
18,3,1156.250,9781.250,1470.057
19,3,1218.750,9781.250,1476.737
20,3,1281.250,9781.250,1447.631
21,3,1343.750,9781.250,1413.112
22,3,1406.250,9781.250,1394.800
23,3,1468.750,9781.250,1391.375
24,3,1531.250,9781.250,1398.189
25,3,1593.750,9781.250,1413.161
26,3,1656.250,9781.250,1429.486
27,3,1718.750,9781.250,1442.131
28,3,1781.250,9781.250,1441.602
29,3,1843.750,9781.250,1430.627
30,3,1906.250,9781.250,1423.580
31,3,1968.750,9781.250,1411.160
32,3,2031.250,9781.250,1412.039
33,3,2093.750,9781.250,1440.642
34,3,2156.250,9781.250,1467.665
35,3,2218.750,9781.250,1447.556
36,3,2281.250,9781.250,1396.104
37,3,2343.750,9781.250,1371.322
38,3,2406.250,9781.250,1377.295
39,3,2468.750,9781.250,1385.620
40,3,2531.250,9781.250,1395.356
41,3,2593.750,9781.250,1394.309
42,3,2656.250,9781.250,1386.644
43,3,2718.750,9781.250,1396.319
44,3,2781.250,9781.250,1418.644
45,3,2843.750,9781.250,1420.266
46,3,2906.250,9781.250,1407.019
47,3,2968.750,9781.250,1402.198
48,3,3031.250,9781.250,1415.911
49,3,3093.750,9781.250,1430.340
50,3,3156.250,9781.250,1434.631
51,3,3218.750,9781.250,1454.315
52,3,3281.250,9781.250,1463.535
53,3,3343.750,9781.250,1440.552
54,3,3406.250,9781.250,1413.549
55,3,3468.750,9781.250,1423.709
56,3,3531.250,9781.250,1478.290
57,3,3593.750,9781.250,1535.371
58,3,3656.250,9781.250,1571.660
59,3,3718.750,9781.250,1598.486
60,3,3781.250,9781.250,1621.432
61,3,3843.750,9781.250,1649.734
62,3,3906.250,9781.250,1682.104
63,3,3968.750,9781.250,1693.441
64,3,4031.250,9781.250,1697.540
65,3,4093.750,9781.250,1746.521
66,3,4156.250,9781.250,1824.761
67,3,4218.750,9781.250,1868.927
68,3,4281.250,9781.250,1853.852
69,3,4343.750,9781.250,1819.926
70,3,4406.250,9781.250,1774.513
71,3,4468.750,9781.250,1748.713
72,3,4531.250,9781.250,1703.100
73,3,4593.750,9781.250,1610.826
74,3,4656.250,9781.250,1520.798
75,3,4718.750,9781.250,1489.131
76,3,4781.250,9781.250,1501.853
77,3,4843.750,9781.250,1513.554
78,3,4906.250,9781.250,1520.056
79,3,4968.750,9781.250,1538.041
80,3,5031.250,9781.250,1556.674
81,3,5093.750,9781.250,1581.703
82,3,5156.250,9781.250,1607.575
83,3,5218.750,9781.250,1608.781
84,3,5281.250,9781.250,1589.639
85,3,5343.750,9781.250,1592.392
86,3,5406.250,9781.250,1600.223
87,3,5468.750,9781.250,1589.737
88,3,5531.250,9781.250,1548.741
89,3,5593.750,9781.250,1498.535
90,3,5656.250,9781.250,1467.189
91,3,5718.750,9781.250,1469.924
92,3,5781.250,9781.250,1450.833
93,3,5843.750,9781.250,1396.763
94,3,5906.250,9781.250,1343.738
95,3,5968.750,9781.250,1305.845
96,3,6031.250,9781.250,1273.388
97,3,6093.750,9781.250,1255.021
98,3,6156.250,9781.250,1232.062
99,3,6218.750,9781.250,1201.984
100,3,6281.250,9781.250,1195.266
101,3,6343.750,9781.250,1203.819
102,3,6406.250,9781.250,1209.643
103,3,6468.750,9781.250,1215.172
104,3,6531.250,9781.250,1230.672
105,3,6593.750,9781.250,1253.020
106,3,6656.250,9781.250,1292.752
107,3,6718.750,9781.250,1325.760
108,3,6781.250,9781.250,1323.893
109,3,6843.750,9781.250,1308.629
110,3,6906.250,9781.250,1319.753
111,3,6968.750,9781.250,1339.612
112,3,7031.250,9781.250,1344.791
113,3,7093.750,9781.250,1338.777
114,3,7156.250,9781.250,1327.254
115,3,7218.750,9781.250,1299.868
116,3,7281.250,9781.250,1265.309
117,3,7343.750,9781.250,1255.089
118,3,7406.250,9781.250,1267.278
119,3,7468.750,9781.250,1279.281
120,3,7531.250,9781.250,1290.103
121,3,7593.750,9781.250,1298.761
122,3,7656.250,9781.250,1297.395
123,3,7718.750,9781.250,1317.588
124,3,7781.250,9781.250,1371.210
125,3,7843.750,9781.250,1418.366
126,3,7906.250,9781.250,1425.549
127,3,7968.750,9781.250,1445.354
128,3,8031.250,9781.250,1492.922
129,3,8093.750,9781.250,1548.726
130,3,8156.250,9781.250,1615.281
131,3,8218.750,9781.250,1697.926
132,3,8281.250,9781.250,1778.290
133,3,8343.750,9781.250,1867.616
134,3,8406.250,9781.250,1954.254
135,3,8468.750,9781.250,2004.058
136,3,8531.250,9781.250,2041.918
137,3,8593.750,9781.250,2039.010
138,3,8656.250,9781.250,2049.196
139,3,8718.750,9781.250,2001.405
140,3,8781.250,9781.250,2011.827
141,3,8843.750,9781.250,2055.997
142,3,8906.250,9781.250,2086.850
143,3,8968.750,9781.250,2080.593
144,3,9031.250,9781.250,2058.037
145,3,9093.750,9781.250,2050.686
146,3,9156.250,9781.250,2070.946
147,3,9218.750,9781.250,2099.222
148,3,9281.250,9781.250,2115.218
149,3,9343.750,9781.250,2126.729
150,3,9406.250,9781.250,2145.981
151,3,9468.750,9781.250,2185.860
152,3,9531.250,9781.250,2198.627
153,3,9593.750,9781.250,2164.421
154,3,9656.250,9781.250,2151.927
155,3,9718.750,9781.250,2141.533
156,3,9781.250,9781.250,2148.181
157,3,9843.750,9781.250,2176.602
158,3,9906.250,9781.250,2197.672
159,3,9968.750,9781.250,2196.856
0,4,31.250,9718.750,1383.744
1,4,93.750,9718.750,1373.849
2,4,156.250,9718.750,1374.663
3,4,218.750,9718.750,1407.388
4,4,281.250,9718.750,1452.474
5,4,343.750,9718.750,1474.655
6,4,406.250,9718.750,1484.429
7,4,468.750,9718.750,1480.945
8,4,531.250,9718.750,1452.173
9,4,593.750,9718.750,1408.691
10,4,656.250,9718.750,1386.657
11,4,718.750,9718.750,1406.341
12,4,781.250,9718.750,1429.748
13,4,843.750,9718.750,1451.372
14,4,906.250,9718.750,1477.137
15,4,968.750,9718.750,1484.941
16,4,1031.250,9718.750,1470.443
17,4,1093.750,9718.750,1461.255
18,4,1156.250,9718.750,1477.595
19,4,1218.750,9718.750,1491.770
20,4,1281.250,9718.750,1468.410
21,4,1343.750,9718.750,1426.933
22,4,1406.250,9718.750,1397.394
23,4,1468.750,9718.750,1387.160
24,4,1531.250,9718.750,1390.270
25,4,1593.750,9718.750,1402.922
26,4,1656.250,9718.750,1415.300
27,4,1718.750,9718.750,1425.581
28,4,1781.250,9718.750,1431.716
29,4,1843.750,9718.750,1431.396
30,4,1906.250,9718.750,1424.879
31,4,1968.750,9718.750,1405.104
32,4,2031.250,9718.750,1403.753
33,4,2093.750,9718.750,1433.877
34,4,2156.250,9718.750,1460.140
35,4,2218.750,9718.750,1443.601
36,4,2281.250,9718.750,1401.117
37,4,2343.750,9718.750,1375.254
38,4,2406.250,9718.750,1374.207
39,4,2468.750,9718.750,1380.963
40,4,2531.250,9718.750,1392.426
41,4,2593.750,9718.750,1403.430
42,4,2656.250,9718.750,1411.292
43,4,2718.750,9718.750,1424.394
44,4,2781.250,9718.750,1441.118
45,4,2843.750,9718.750,1445.978
46,4,2906.250,9718.750,1448.044
47,4,2968.750,9718.750,1457.255
48,4,3031.250,9718.750,1474.429
49,4,3093.750,9718.750,1487.051
50,4,3156.250,9718.750,1489.162
51,4,3218.750,9718.750,1494.419
52,4,3281.250,9718.750,1480.732
53,4,3343.750,9718.750,1429.316
54,4,3406.250,9718.750,1378.502
55,4,3468.750,9718.750,1383.410
56,4,3531.250,9718.750,1440.873
57,4,3593.750,9718.750,1502.310
58,4,3656.250,9718.750,1538.752
59,4,3718.750,9718.750,1562.732
60,4,3781.250,9718.750,1586.937
61,4,3843.750,9718.750,1627.468
62,4,3906.250,9718.750,1668.957
63,4,3968.750,9718.750,1680.249
64,4,4031.250,9718.750,1681.513
65,4,4093.750,9718.750,1726.127
66,4,4156.250,9718.750,1792.231
67,4,4218.750,9718.750,1836.302
68,4,4281.250,9718.750,1858.394
69,4,4343.750,9718.750,1871.793
70,4,4406.250,9718.750,1827.909
71,4,4468.750,9718.750,1785.222
72,4,4531.250,9718.750,1724.082
73,4,4593.750,9718.750,1634.737
74,4,4656.250,9718.750,1554.025
75,4,4718.750,9718.750,1518.317
76,4,4781.250,9718.750,1510.567
77,4,4843.750,9718.750,1506.965
78,4,4906.250,9718.750,1503.374
79,4,4968.750,9718.750,1509.048
80,4,5031.250,9718.750,1525.158
81,4,5093.750,9718.750,1559.219
82,4,5156.250,9718.750,1595.795
83,4,5218.750,9718.750,1615.118
84,4,5281.250,9718.750,1618.331
85,4,5343.750,9718.750,1625.754
86,4,5406.250,9718.750,1633.160
87,4,5468.750,9718.750,1625.362
88,4,5531.250,9718.750,1587.358
89,4,5593.750,9718.750,1535.944
90,4,5656.250,9718.750,1499.888
91,4,5718.750,9718.750,1476.336
92,4,5781.250,9718.750,1432.007
93,4,5843.750,9718.750,1367.057
94,4,5906.250,9718.750,1308.114
95,4,5968.750,9718.750,1264.398
96,4,6031.250,9718.750,1226.350
97,4,6093.750,9718.750,1206.457
98,4,6156.250,9718.750,1190.265
99,4,6218.750,9718.750,1169.407
100,4,6281.250,9718.750,1165.063
101,4,6343.750,9718.750,1175.768
102,4,6406.250,9718.750,1178.726
103,4,6468.750,9718.750,1178.484
104,4,6531.250,9718.750,1190.284
105,4,6593.750,9718.750,1209.163
106,4,6656.250,9718.750,1247.232
107,4,6718.750,9718.750,1288.708
108,4,6781.250,9718.750,1306.078
109,4,6843.750,9718.750,1307.405
110,4,6906.250,9718.750,1321.146
111,4,6968.750,9718.750,1332.803
112,4,7031.250,9718.750,1326.307
113,4,7093.750,9718.750,1303.232
114,4,7156.250,9718.750,1277.577
115,4,7218.750,9718.750,1258.643
116,4,7281.250,9718.750,1250.911
117,4,7343.750,9718.750,1266.894
118,4,7406.250,9718.750,1303.675
119,4,7468.750,9718.750,1337.025
120,4,7531.250,9718.750,1348.932
121,4,7593.750,9718.750,1342.587
122,4,7656.250,9718.750,1329.600
123,4,7718.750,9718.750,1339.148
124,4,7781.250,9718.750,1377.237
125,4,7843.750,9718.750,1417.848
126,4,7906.250,9718.750,1429.908
127,4,7968.750,9718.750,1453.732
128,4,8031.250,9718.750,1506.826
129,4,8093.750,9718.750,1568.696
130,4,8156.250,9718.750,1629.501
131,4,8218.750,9718.750,1701.822
132,4,8281.250,9718.750,1775.795
133,4,8343.750,9718.750,1863.283
134,4,8406.250,9718.750,1950.755
135,4,8468.750,9718.750,2002.804
136,4,8531.250,9718.750,2041.980
137,4,8593.750,9718.750,2049.555
138,4,8656.250,9718.750,2031.825
139,4,8718.750,9718.750,1991.670
140,4,8781.250,9718.750,2001.174
141,4,8843.750,9718.750,2036.551
142,4,8906.250,9718.750,2066.834
143,4,8968.750,9718.750,2071.787
144,4,9031.250,9718.750,2061.052
145,4,9093.750,9718.750,2058.273
146,4,9156.250,9718.750,2075.407
147,4,9218.750,9718.750,2098.813
148,4,9281.250,9718.750,2115.985
149,4,9343.750,9718.750,2131.465
150,4,9406.250,9718.750,2151.453
151,4,9468.750,9718.750,2195.668
152,4,9531.250,9718.750,2198.119
153,4,9593.750,9718.750,2160.866
154,4,9656.250,9718.750,2146.402
155,4,9718.750,9718.750,2131.315
156,4,9781.250,9718.750,2130.362
157,4,9843.750,9718.750,2155.510
158,4,9906.250,9718.750,2181.650
159,4,9968.750,9718.750,2188.788
0,5,31.250,9656.250,1373.333
1,5,93.750,9656.250,1363.152
2,5,156.250,9656.250,1373.563
3,5,218.750,9656.250,1428.931
4,5,281.250,9656.250,1492.942
5,5,343.750,9656.250,1515.348
6,5,406.250,9656.250,1512.562
7,5,468.750,9656.250,1499.146
8,5,531.250,9656.250,1465.512
9,5,593.750,9656.250,1418.659
10,5,656.250,9656.250,1393.751
11,5,718.750,9656.250,1412.335
12,5,781.250,9656.250,1444.610
13,5,843.750,9656.250,1467.266
14,5,906.250,9656.250,1478.205
15,5,968.750,9656.250,1475.334
16,5,1031.250,9656.250,1464.036
17,5,1093.750,9656.250,1455.058
18,5,1156.250,9656.250,1474.057
19,5,1218.750,9656.250,1503.350
20,5,1281.250,9656.250,1491.519
21,5,1343.750,9656.250,1442.725
22,5,1406.250,9656.250,1398.634
23,5,1468.750,9656.250,1379.986
24,5,1531.250,9656.250,1378.709
25,5,1593.750,9656.250,1388.058
26,5,1656.250,9656.250,1392.750
27,5,1718.750,9656.250,1397.078
28,5,1781.250,9656.250,1412.095
29,5,1843.750,9656.250,1428.363
30,5,1906.250,9656.250,1423.269
31,5,1968.750,9656.250,1390.660
32,5,2031.250,9656.250,1382.868
33,5,2093.750,9656.250,1411.432
34,5,2156.250,9656.250,1432.744
35,5,2218.750,9656.250,1420.515
36,5,2281.250,9656.250,1397.285
37,5,2343.750,9656.250,1378.429
38,5,2406.250,9656.250,1375.471
39,5,2468.750,9656.250,1386.331
40,5,2531.250,9656.250,1401.593
41,5,2593.750,9656.250,1426.609
42,5,2656.250,9656.250,1450.160
43,5,2718.750,9656.250,1458.811
44,5,2781.250,9656.250,1459.950
45,5,2843.750,9656.250,1467.839
46,5,2906.250,9656.250,1489.631
47,5,2968.750,9656.250,1514.176
48,5,3031.250,9656.250,1529.687
49,5,3093.750,9656.250,1534.545
50,5,3156.250,9656.250,1533.959
51,5,3218.750,9656.250,1527.703
52,5,3281.250,9656.250,1495.286
53,5,3343.750,9656.250,1416.951
54,5,3406.250,9656.250,1341.715
55,5,3468.750,9656.250,1342.379
56,5,3531.250,9656.250,1403.738
57,5,3593.750,9656.250,1468.516
58,5,3656.250,9656.250,1499.667
59,5,3718.750,9656.250,1514.106
60,5,3781.250,9656.250,1538.097
61,5,3843.750,9656.250,1597.794
62,5,3906.250,9656.250,1654.730
63,5,3968.750,9656.250,1667.281
64,5,4031.250,9656.250,1664.921
65,5,4093.750,9656.250,1702.869
66,5,4156.250,9656.250,1750.019
67,5,4218.750,9656.250,1780.495
68,5,4281.250,9656.250,1796.846
69,5,4343.750,9656.250,1822.857
70,5,4406.250,9656.250,1875.063
71,5,4468.750,9656.250,1829.698
72,5,4531.250,9656.250,1750.210
73,5,4593.750,9656.250,1672.754
74,5,4656.250,9656.250,1612.411
75,5,4718.750,9656.250,1572.294
76,5,4781.250,9656.250,1533.197
77,5,4843.750,9656.250,1506.501
78,5,4906.250,9656.250,1488.392
79,5,4968.750,9656.250,1475.732
80,5,5031.250,9656.250,1487.356
81,5,5093.750,9656.250,1531.854
82,5,5156.250,9656.250,1579.774
83,5,5218.750,9656.250,1620.909
84,5,5281.250,9656.250,1653.632
85,5,5343.750,9656.250,1665.363
86,5,5406.250,9656.250,1668.700
87,5,5468.750,9656.250,1661.677
88,5,5531.250,9656.250,1625.538
89,5,5593.750,9656.250,1570.695
90,5,5656.250,9656.250,1529.726
91,5,5718.750,9656.250,1473.659
92,5,5781.250,9656.250,1401.418
93,5,5843.750,9656.250,1330.268
94,5,5906.250,9656.250,1269.783
95,5,5968.750,9656.250,1219.352
96,5,6031.250,9656.250,1172.585
97,5,6093.750,9656.250,1150.088
98,5,6156.250,9656.250,1144.630
99,5,6218.750,9656.250,1138.459
100,5,6281.250,9656.250,1138.481
101,5,6343.750,9656.250,1156.660
102,5,6406.250,9656.250,1161.170
103,5,6468.750,9656.250,1157.806
104,5,6531.250,9656.250,1166.395
105,5,6593.750,9656.250,1176.058
106,5,6656.250,9656.250,1200.947
107,5,6718.750,9656.250,1243.619
108,5,6781.250,9656.250,1281.072
109,5,6843.750,9656.250,1302.667
110,5,6906.250,9656.250,1321.454
111,5,6968.750,9656.250,1326.917
112,5,7031.250,9656.250,1311.716
113,5,7093.750,9656.250,1270.679
114,5,7156.250,9656.250,1227.234
115,5,7218.750,9656.250,1217.240
116,5,7281.250,9656.250,1241.090
117,5,7343.750,9656.250,1285.109
118,5,7406.250,9656.250,1348.111
119,5,7468.750,9656.250,1405.976
120,5,7531.250,9656.250,1416.486
121,5,7593.750,9656.250,1385.952
122,5,7656.250,9656.250,1355.910
123,5,7718.750,9656.250,1350.964
124,5,7781.250,9656.250,1367.467
125,5,7843.750,9656.250,1401.428
126,5,7906.250,9656.250,1426.455
127,5,7968.750,9656.250,1461.715
128,5,8031.250,9656.250,1526.493
129,5,8093.750,9656.250,1597.710
130,5,8156.250,9656.250,1647.775
131,5,8218.750,9656.250,1703.873
132,5,8281.250,9656.250,1771.050
133,5,8343.750,9656.250,1860.671
134,5,8406.250,9656.250,1953.477
135,5,8468.750,9656.250,2010.549
136,5,8531.250,9656.250,2041.466
137,5,8593.750,9656.250,2049.505
138,5,8656.250,9656.250,2029.239
139,5,8718.750,9656.250,2005.576
140,5,8781.250,9656.250,2012.819
141,5,8843.750,9656.250,2027.853
142,5,8906.250,9656.250,2048.572
143,5,8968.750,9656.250,2063.594
144,5,9031.250,9656.250,2066.683
145,5,9093.750,9656.250,2070.296
146,5,9156.250,9656.250,2082.116
147,5,9218.750,9656.250,2096.268
148,5,9281.250,9656.250,2113.315
149,5,9343.750,9656.250,2133.832
150,5,9406.250,9656.250,2155.446
151,5,9468.750,9656.250,2208.060
152,5,9531.250,9656.250,2187.630
153,5,9593.750,9656.250,2152.125
154,5,9656.250,9656.250,2138.839
155,5,9718.750,9656.250,2118.040
156,5,9781.250,9656.250,2105.864
157,5,9843.750,9656.250,2126.286
158,5,9906.250,9656.250,2161.815
159,5,9968.750,9656.250,2182.859
0,6,31.250,9593.750,1373.351
1,6,93.750,9593.750,1362.806
2,6,156.250,9593.750,1378.979
3,6,218.750,9593.750,1448.323
4,6,281.250,9593.750,1523.997
5,6,343.750,9593.750,1546.957
6,6,406.250,9593.750,1537.604
7,6,468.750,9593.750,1520.261
8,6,531.250,9593.750,1485.440
9,6,593.750,9593.750,1437.409
10,6,656.250,9593.750,1410.558
11,6,718.750,9593.750,1427.580
12,6,781.250,9593.750,1464.823
13,6,843.750,9593.750,1486.925
14,6,906.250,9593.750,1485.830
15,6,968.750,9593.750,1471.879
16,6,1031.250,9593.750,1457.720
17,6,1093.750,9593.750,1445.304
18,6,1156.250,9593.750,1465.512
19,6,1218.750,9593.750,1506.757
20,6,1281.250,9593.750,1505.619
21,6,1343.750,9593.750,1453.982
22,6,1406.250,9593.750,1400.051
23,6,1468.750,9593.750,1374.216
24,6,1531.250,9593.750,1368.153
25,6,1593.750,9593.750,1373.995
26,6,1656.250,9593.750,1371.861
27,6,1718.750,9593.750,1370.247
28,6,1781.250,9593.750,1389.136
29,6,1843.750,9593.750,1415.123
30,6,1906.250,9593.750,1411.119
31,6,1968.750,9593.750,1371.066
32,6,2031.250,9593.750,1359.872
33,6,2093.750,9593.750,1387.912
34,6,2156.250,9593.750,1406.726
35,6,2218.750,9593.750,1398.516
36,6,2281.250,9593.750,1389.892
37,6,2343.750,9593.750,1378.136
38,6,2406.250,9593.750,1376.311
39,6,2468.750,9593.750,1391.200
40,6,2531.250,9593.750,1409.286
41,6,2593.750,9593.750,1443.354
42,6,2656.250,9593.750,1476.908
43,6,2718.750,9593.750,1482.911
44,6,2781.250,9593.750,1475.181
45,6,2843.750,9593.750,1486.674
46,6,2906.250,9593.750,1522.045
47,6,2968.750,9593.750,1556.556
48,6,3031.250,9593.750,1570.835
49,6,3093.750,9593.750,1570.693
50,6,3156.250,9593.750,1568.940
51,6,3218.750,9593.750,1556.738
52,6,3281.250,9593.750,1514.095
53,6,3343.750,9593.750,1420.091
54,6,3406.250,9593.750,1330.106
55,6,3468.750,9593.750,1327.562
56,6,3531.250,9593.750,1390.116
57,6,3593.750,9593.750,1455.037
58,6,3656.250,9593.750,1480.088
59,6,3718.750,9593.750,1485.964
60,6,3781.250,9593.750,1508.518
61,6,3843.750,9593.750,1580.119
62,6,3906.250,9593.750,1647.257
63,6,3968.750,9593.750,1660.904
64,6,4031.250,9593.750,1655.585
65,6,4093.750,9593.750,1687.844
66,6,4156.250,9593.750,1721.329
67,6,4218.750,9593.750,1741.569
68,6,4281.250,9593.750,1753.107
69,6,4343.750,9593.750,1775.752
70,6,4406.250,9593.750,1830.911
71,6,4468.750,9593.750,1867.289
72,6,4531.250,9593.750,1777.064
73,6,4593.750,9593.750,1707.740
74,6,4656.250,9593.750,1659.969
75,6,4718.750,9593.750,1615.363
76,6,4781.250,9593.750,1554.121
77,6,4843.750,9593.750,1510.488
78,6,4906.250,9593.750,1481.482
79,6,4968.750,9593.750,1456.061
80,6,5031.250,9593.750,1463.750
81,6,5093.750,9593.750,1513.913
82,6,5156.250,9593.750,1568.678
83,6,5218.750,9593.750,1622.817
84,6,5281.250,9593.750,1673.497
85,6,5343.750,9593.750,1688.386
86,6,5406.250,9593.750,1690.444
87,6,5468.750,9593.750,1685.290
88,6,5531.250,9593.750,1651.521
89,6,5593.750,9593.750,1595.310
90,6,5656.250,9593.750,1552.594
91,6,5718.750,9593.750,1477.773
92,6,5781.250,9593.750,1388.929
93,6,5843.750,9593.750,1313.225
94,6,5906.250,9593.750,1249.882
95,6,5968.750,9593.750,1192.339
96,6,6031.250,9593.750,1137.144
97,6,6093.750,9593.750,1111.019
98,6,6156.250,9593.750,1111.378
99,6,6218.750,9593.750,1114.173
100,6,6281.250,9593.750,1117.036
101,6,6343.750,9593.750,1140.634
102,6,6406.250,9593.750,1147.217
103,6,6468.750,9593.750,1143.018
104,6,6531.250,9593.750,1149.382
105,6,6593.750,9593.750,1150.921
106,6,6656.250,9593.750,1164.244
107,6,6718.750,9593.750,1205.389
108,6,6781.250,9593.750,1254.675
109,6,6843.750,9593.750,1289.080
110,6,6906.250,9593.750,1311.637
111,6,6968.750,9593.750,1315.282
112,6,7031.250,9593.750,1298.339
113,6,7093.750,9593.750,1250.714
114,6,7156.250,9593.750,1201.037
115,6,7218.750,9593.750,1200.616
116,6,7281.250,9593.750,1247.213
117,6,7343.750,9593.750,1310.992
118,6,7406.250,9593.750,1391.842
119,6,7468.750,9593.750,1465.209
120,6,7531.250,9593.750,1474.083
121,6,7593.750,9593.750,1426.970
122,6,7656.250,9593.750,1384.472
123,6,7718.750,9593.750,1368.225
124,6,7781.250,9593.750,1368.577
125,6,7843.750,9593.750,1395.808
126,6,7906.250,9593.750,1428.135
127,6,7968.750,9593.750,1470.504
128,6,8031.250,9593.750,1541.984
129,6,8093.750,9593.750,1616.686
130,6,8156.250,9593.750,1656.967
131,6,8218.750,9593.750,1701.077
132,6,8281.250,9593.750,1765.078
133,6,8343.750,9593.750,1859.434
134,6,8406.250,9593.750,1959.627
135,6,8468.750,9593.750,2023.188
136,6,8531.250,9593.750,2047.273
137,6,8593.750,9593.750,2056.120
138,6,8656.250,9593.750,2042.721
139,6,8718.750,9593.750,2030.855
140,6,8781.250,9593.750,2036.206
141,6,8843.750,9593.750,2036.459
142,6,8906.250,9593.750,2048.802
143,6,8968.750,9593.750,2068.582
144,6,9031.250,9593.750,2080.098
145,6,9093.750,9593.750,2088.176
146,6,9156.250,9593.750,2096.437
147,6,9218.750,9593.750,2103.005
148,6,9281.250,9593.750,2117.390
149,6,9343.750,9593.750,2138.859
150,6,9406.250,9593.750,2160.697
151,6,9468.750,9593.750,2218.834
152,6,9531.250,9593.750,2179.536
153,6,9593.750,9593.750,2146.396
154,6,9656.250,9593.750,2133.877
155,6,9718.750,9593.750,2108.865
156,6,9781.250,9593.750,2089.154
157,6,9843.750,9593.750,2106.934
158,6,9906.250,9593.750,2150.344
159,6,9968.750,9593.750,2182.728
0,7,31.250,9531.250,1383.837
1,7,93.750,9531.250,1384.440
2,7,156.250,9531.250,1408.851
3,7,218.750,9531.250,1474.189
4,7,281.250,9531.250,1542.793
5,7,343.750,9531.250,1566.442
6,7,406.250,9531.250,1558.258
7,7,468.750,9531.250,1542.678
8,7,531.250,9531.250,1510.734
9,7,593.750,9531.250,1465.308
10,7,656.250,9531.250,1440.039
11,7,718.750,9531.250,1459.554
12,7,781.250,9531.250,1496.684
13,7,843.750,9531.250,1511.787
14,7,906.250,9531.250,1500.373
15,7,968.750,9531.250,1479.002
16,7,1031.250,9531.250,1461.988
17,7,1093.750,9531.250,1446.234
18,7,1156.250,9531.250,1459.752
19,7,1218.750,9531.250,1496.429
20,7,1281.250,9531.250,1498.288
21,7,1343.750,9531.250,1451.804
22,7,1406.250,9531.250,1400.406
23,7,1468.750,9531.250,1374.610
24,7,1531.250,9531.250,1367.502
25,7,1593.750,9531.250,1370.111
26,7,1656.250,9531.250,1361.118
27,7,1718.750,9531.250,1353.235
28,7,1781.250,9531.250,1365.263
29,7,1843.750,9531.250,1384.367
30,7,1906.250,9531.250,1381.899
31,7,1968.750,9531.250,1356.963
32,7,2031.250,9531.250,1357.140
33,7,2093.750,9531.250,1382.201
34,7,2156.250,9531.250,1395.025
35,7,2218.750,9531.250,1389.600
36,7,2281.250,9531.250,1389.116
37,7,2343.750,9531.250,1383.220
38,7,2406.250,9531.250,1377.729
39,7,2468.750,9531.250,1384.699
40,7,2531.250,9531.250,1401.300
41,7,2593.750,9531.250,1436.550
42,7,2656.250,9531.250,1472.714
43,7,2718.750,9531.250,1488.060
44,7,2781.250,9531.250,1493.152
45,7,2843.750,9531.250,1509.048
46,7,2906.250,9531.250,1541.257
47,7,2968.750,9531.250,1573.737
48,7,3031.250,9531.250,1593.160
49,7,3093.750,9531.250,1600.166
50,7,3156.250,9531.250,1598.913
51,7,3218.750,9531.250,1577.846
52,7,3281.250,9531.250,1528.710
53,7,3343.750,9531.250,1440.992
54,7,3406.250,9531.250,1360.631
55,7,3468.750,9531.250,1356.502
56,7,3531.250,9531.250,1412.135
57,7,3593.750,9531.250,1471.599
58,7,3656.250,9531.250,1495.850
59,7,3718.750,9531.250,1502.726
60,7,3781.250,9531.250,1522.300
61,7,3843.750,9531.250,1580.541
62,7,3906.250,9531.250,1638.314
63,7,3968.750,9531.250,1657.482
64,7,4031.250,9531.250,1661.119
65,7,4093.750,9531.250,1692.380
66,7,4156.250,9531.250,1722.520
67,7,4218.750,9531.250,1740.168
68,7,4281.250,9531.250,1749.723
69,7,4343.750,9531.250,1770.277
70,7,4406.250,9531.250,1823.025
71,7,4468.750,9531.250,1882.162
72,7,4531.250,9531.250,1791.564
73,7,4593.750,9531.250,1717.513
74,7,4656.250,9531.250,1661.515
75,7,4718.750,9531.250,1613.330
76,7,4781.250,9531.250,1557.001
77,7,4843.750,9531.250,1515.360
78,7,4906.250,9531.250,1486.414
79,7,4968.750,9531.250,1463.769
80,7,5031.250,9531.250,1469.291
81,7,5093.750,9531.250,1510.551
82,7,5156.250,9531.250,1560.867
83,7,5218.750,9531.250,1614.625
84,7,5281.250,9531.250,1664.370
85,7,5343.750,9531.250,1681.179
86,7,5406.250,9531.250,1684.453
87,7,5468.750,9531.250,1680.855
88,7,5531.250,9531.250,1657.720
89,7,5593.750,9531.250,1616.074
90,7,5656.250,9531.250,1576.868
91,7,5718.750,9531.250,1500.808
92,7,5781.250,9531.250,1410.496
93,7,5843.750,9531.250,1328.325
94,7,5906.250,9531.250,1253.788
95,7,5968.750,9531.250,1190.244
96,7,6031.250,9531.250,1136.686
97,7,6093.750,9531.250,1109.866
98,7,6156.250,9531.250,1102.813
99,7,6218.750,9531.250,1098.828
100,7,6281.250,9531.250,1100.868
101,7,6343.750,9531.250,1126.478
102,7,6406.250,9531.250,1135.910
103,7,6468.750,9531.250,1131.319
104,7,6531.250,9531.250,1134.127
105,7,6593.750,9531.250,1133.179
106,7,6656.250,9531.250,1141.810
107,7,6718.750,9531.250,1179.045
108,7,6781.250,9531.250,1229.081
109,7,6843.750,9531.250,1266.183
110,7,6906.250,9531.250,1288.561
111,7,6968.750,9531.250,1293.718
112,7,7031.250,9531.250,1282.271
113,7,7093.750,9531.250,1245.902
114,7,7156.250,9531.250,1210.121
115,7,7218.750,9531.250,1220.568
116,7,7281.250,9531.250,1275.895
117,7,7343.750,9531.250,1346.047
118,7,7406.250,9531.250,1428.453
119,7,7468.750,9531.250,1499.836
120,7,7531.250,9531.250,1509.303
121,7,7593.750,9531.250,1469.083
122,7,7656.250,9531.250,1429.497
123,7,7718.750,9531.250,1407.318
124,7,7781.250,9531.250,1399.015
125,7,7843.750,9531.250,1418.244
126,7,7906.250,9531.250,1441.518
127,7,7968.750,9531.250,1477.052
128,7,8031.250,9531.250,1546.011
129,7,8093.750,9531.250,1619.252
130,7,8156.250,9531.250,1657.472
131,7,8218.750,9531.250,1701.119
132,7,8281.250,9531.250,1767.990
133,7,8343.750,9531.250,1867.097
134,7,8406.250,9531.250,1972.413
135,7,8468.750,9531.250,2040.407
136,7,8531.250,9531.250,2052.134
137,7,8593.750,9531.250,2062.650
138,7,8656.250,9531.250,2064.667
139,7,8718.750,9531.250,2054.815
140,7,8781.250,9531.250,2060.764
141,7,8843.750,9531.250,2062.694
142,7,8906.250,9531.250,2073.871
143,7,8968.750,9531.250,2092.932
144,7,9031.250,9531.250,2106.526
145,7,9093.750,9531.250,2114.710
146,7,9156.250,9531.250,2125.236
147,7,9218.750,9531.250,2132.394
148,7,9281.250,9531.250,2137.960
149,7,9343.750,9531.250,2146.833
150,7,9406.250,9531.250,2164.604
151,7,9468.750,9531.250,2219.750
152,7,9531.250,9531.250,2189.619
153,7,9593.750,9531.250,2152.144
154,7,9656.250,9531.250,2132.040
155,7,9718.750,9531.250,2106.303
156,7,9781.250,9531.250,2090.600
157,7,9843.750,9531.250,2110.986
158,7,9906.250,9531.250,2155.431
159,7,9968.750,9531.250,2189.833
0,8,31.250,9468.750,1413.083
1,8,93.750,9468.750,1437.703
2,8,156.250,9468.750,1475.247
3,8,218.750,9468.750,1521.025
4,8,281.250,9468.750,1563.853
5,8,343.750,9468.750,1583.533
6,8,406.250,9468.750,1572.799
7,8,468.750,9468.750,1556.254
8,8,531.250,9468.750,1531.139
9,8,593.750,9468.750,1495.469
10,8,656.250,9468.750,1477.911
11,8,718.750,9468.750,1505.803
12,8,781.250,9468.750,1542.489
13,8,843.750,9468.750,1541.211
14,8,906.250,9468.750,1510.921
15,8,968.750,9468.750,1483.763
16,8,1031.250,9468.750,1473.217
17,8,1093.750,9468.750,1459.043
18,8,1156.250,9468.750,1457.002
19,8,1218.750,9468.750,1474.637
20,8,1281.250,9468.750,1474.393
21,8,1343.750,9468.750,1439.437
22,8,1406.250,9468.750,1401.033
23,8,1468.750,9468.750,1384.822
24,8,1531.250,9468.750,1383.855
25,8,1593.750,9468.750,1383.362
26,8,1656.250,9468.750,1361.304
27,8,1718.750,9468.750,1341.605
28,8,1781.250,9468.750,1338.733
29,8,1843.750,9468.750,1341.409
30,8,1906.250,9468.750,1344.309
31,8,1968.750,9468.750,1359.116
32,8,2031.250,9468.750,1386.280
33,8,2093.750,9468.750,1399.095
34,8,2156.250,9468.750,1391.228
35,8,2218.750,9468.750,1387.143
36,8,2281.250,9468.750,1400.417
37,8,2343.750,9468.750,1402.432
38,8,2406.250,9468.750,1381.069
39,8,2468.750,9468.750,1363.409
40,8,2531.250,9468.750,1375.261
41,8,2593.750,9468.750,1410.919
42,8,2656.250,9468.750,1449.370
43,8,2718.750,9468.750,1483.916
44,8,2781.250,9468.750,1515.424
45,8,2843.750,9468.750,1533.817
46,8,2906.250,9468.750,1548.895
47,8,2968.750,9468.750,1571.692
48,8,3031.250,9468.750,1604.621
49,8,3093.750,9468.750,1631.284
50,8,3156.250,9468.750,1630.466
51,8,3218.750,9468.750,1587.833
52,8,3281.250,9468.750,1526.453
53,8,3343.750,9468.750,1462.761
54,8,3406.250,9468.750,1414.632
55,8,3468.750,9468.750,1409.932
56,8,3531.250,9468.750,1450.378
57,8,3593.750,9468.750,1500.316
58,8,3656.250,9468.750,1530.916
59,8,3718.750,9468.750,1549.007
60,8,3781.250,9468.750,1565.000
61,8,3843.750,9468.750,1586.180
62,8,3906.250,9468.750,1614.692
63,8,3968.750,9468.750,1645.945
64,8,4031.250,9468.750,1675.695
65,8,4093.750,9468.750,1709.788
66,8,4156.250,9468.750,1738.423
67,8,4218.750,9468.750,1756.781
68,8,4281.250,9468.750,1767.680
69,8,4343.750,9468.750,1788.178
70,8,4406.250,9468.750,1838.463
71,8,4468.750,9468.750,1876.807
72,8,4531.250,9468.750,1787.872
73,8,4593.750,9468.750,1704.053
74,8,4656.250,9468.750,1630.447
75,8,4718.750,9468.750,1580.467
76,8,4781.250,9468.750,1548.184
77,8,4843.750,9468.750,1522.419
78,8,4906.250,9468.750,1501.798
79,8,4968.750,9468.750,1492.232
80,8,5031.250,9468.750,1494.381
81,8,5093.750,9468.750,1510.749
82,8,5156.250,9468.750,1545.622
83,8,5218.750,9468.750,1594.979
84,8,5281.250,9468.750,1638.560
85,8,5343.750,9468.750,1656.221
86,8,5406.250,9468.750,1656.460
87,8,5468.750,9468.750,1651.145
88,8,5531.250,9468.750,1651.645
89,8,5593.750,9468.750,1645.720
90,8,5656.250,9468.750,1612.401
91,8,5718.750,9468.750,1533.840
92,8,5781.250,9468.750,1445.332
93,8,5843.750,9468.750,1356.579
94,8,5906.250,9468.750,1265.420
95,8,5968.750,9468.750,1198.967
96,8,6031.250,9468.750,1160.566
97,8,6093.750,9468.750,1137.205
98,8,6156.250,9468.750,1110.696
99,8,6218.750,9468.750,1087.058
100,8,6281.250,9468.750,1086.632
101,8,6343.750,9468.750,1118.632
102,8,6406.250,9468.750,1137.571
103,8,6468.750,9468.750,1133.821
104,8,6531.250,9468.750,1131.375
105,8,6593.750,9468.750,1131.635
106,8,6656.250,9468.750,1134.390
107,8,6718.750,9468.750,1161.553
108,8,6781.250,9468.750,1207.215
109,8,6843.750,9468.750,1244.170
110,8,6906.250,9468.750,1262.597
111,8,6968.750,9468.750,1268.514
112,8,7031.250,9468.750,1264.875
113,8,7093.750,9468.750,1248.280
114,8,7156.250,9468.750,1235.569
115,8,7218.750,9468.750,1258.810
116,8,7281.250,9468.750,1319.854
117,8,7343.750,9468.750,1389.476
118,8,7406.250,9468.750,1459.885
119,8,7468.750,9468.750,1515.930
120,8,7531.250,9468.750,1525.889
121,8,7593.750,9468.750,1509.965
122,8,7656.250,9468.750,1487.013
123,8,7718.750,9468.750,1459.793
124,8,7781.250,9468.750,1441.312
125,8,7843.750,9468.750,1452.029
126,8,7906.250,9468.750,1458.701
127,8,7968.750,9468.750,1480.709
128,8,8031.250,9468.750,1547.307
129,8,8093.750,9468.750,1623.771
130,8,8156.250,9468.750,1665.201
131,8,8218.750,9468.750,1713.328
132,8,8281.250,9468.750,1785.648
133,8,8343.750,9468.750,1887.865
134,8,8406.250,9468.750,1994.246
135,8,8468.750,9468.750,2056.598
136,8,8531.250,9468.750,2062.722
137,8,8593.750,9468.750,2079.751
138,8,8656.250,9468.750,2089.389
139,8,8718.750,9468.750,2082.680
140,8,8781.250,9468.750,2091.820
141,8,8843.750,9468.750,2102.352
142,8,8906.250,9468.750,2113.490
143,8,8968.750,9468.750,2129.787
144,8,9031.250,9468.750,2143.983
145,8,9093.750,9468.750,2148.420
146,8,9156.250,9468.750,2166.204
147,8,9218.750,9468.750,2182.944
148,8,9281.250,9468.750,2175.419
149,8,9343.750,9468.750,2159.219
150,8,9406.250,9468.750,2169.023
151,8,9468.750,9468.750,2213.504
152,8,9531.250,9468.750,2219.739
153,8,9593.750,9468.750,2168.235
154,8,9656.250,9468.750,2131.169
155,8,9718.750,9468.750,2109.942
156,8,9781.250,9468.750,2110.136
157,8,9843.750,9468.750,2136.616
158,8,9906.250,9468.750,2173.596
159,8,9968.750,9468.750,2199.892
0,9,31.250,9406.250,1453.446
1,9,93.750,9406.250,1496.179
2,9,156.250,9406.250,1541.444
3,9,218.750,9406.250,1567.529
4,9,281.250,9406.250,1586.664
5,9,343.750,9406.250,1602.158
6,9,406.250,9406.250,1587.831
7,9,468.750,9406.250,1569.321
8,9,531.250,9406.250,1551.518
9,9,593.750,9406.250,1527.338
10,9,656.250,9406.250,1519.202
11,9,718.750,9406.250,1554.119
12,9,781.250,9406.250,1588.490
13,9,843.750,9406.250,1570.688
14,9,906.250,9406.250,1522.641
15,9,968.750,9406.250,1489.997
16,9,1031.250,9406.250,1483.866
17,9,1093.750,9406.250,1469.262
18,9,1156.250,9406.250,1451.567
19,9,1218.750,9406.250,1450.390
20,9,1281.250,9406.250,1447.515
21,9,1343.750,9406.250,1425.538
22,9,1406.250,9406.250,1403.956
23,9,1468.750,9406.250,1401.872
24,9,1531.250,9406.250,1410.182
25,9,1593.750,9406.250,1407.356
26,9,1656.250,9406.250,1372.218
27,9,1718.750,9406.250,1339.737
28,9,1781.250,9406.250,1321.602
29,9,1843.750,9406.250,1308.935
30,9,1906.250,9406.250,1317.015
31,9,1968.750,9406.250,1367.292
32,9,2031.250,9406.250,1418.307
33,9,2093.750,9406.250,1420.791
34,9,2156.250,9406.250,1395.223
35,9,2218.750,9406.250,1392.422
36,9,2281.250,9406.250,1417.438
37,9,2343.750,9406.250,1425.047
38,9,2406.250,9406.250,1388.242
39,9,2468.750,9406.250,1347.968
40,9,2531.250,9406.250,1355.305
41,9,2593.750,9406.250,1391.657
42,9,2656.250,9406.250,1432.674
43,9,2718.750,9406.250,1484.061
44,9,2781.250,9406.250,1537.896
45,9,2843.750,9406.250,1557.552
46,9,2906.250,9406.250,1555.847
47,9,2968.750,9406.250,1569.275
48,9,3031.250,9406.250,1614.118
49,9,3093.750,9406.250,1658.468
50,9,3156.250,9406.250,1658.703
51,9,3218.750,9406.250,1599.511
52,9,3281.250,9406.250,1530.713
53,9,3343.750,9406.250,1491.309
54,9,3406.250,9406.250,1473.168
55,9,3468.750,9406.250,1467.413
56,9,3531.250,9406.250,1493.813
57,9,3593.750,9406.250,1535.431
58,9,3656.250,9406.250,1572.887
59,9,3718.750,9406.250,1602.419
60,9,3781.250,9406.250,1615.983
61,9,3843.750,9406.250,1603.110
62,9,3906.250,9406.250,1602.532
63,9,3968.750,9406.250,1640.664
64,9,4031.250,9406.250,1691.214
65,9,4093.750,9406.250,1727.268
66,9,4156.250,9406.250,1755.883
67,9,4218.750,9406.250,1777.142
68,9,4281.250,9406.250,1791.568
69,9,4343.750,9406.250,1813.764
70,9,4406.250,9406.250,1861.806
71,9,4468.750,9406.250,1865.757
72,9,4531.250,9406.250,1780.341
73,9,4593.750,9406.250,1689.937
74,9,4656.250,9406.250,1602.184
75,9,4718.750,9406.250,1550.888
76,9,4781.250,9406.250,1540.503
77,9,4843.750,9406.250,1530.035
78,9,4906.250,9406.250,1518.089
79,9,4968.750,9406.250,1520.573
80,9,5031.250,9406.250,1519.226
81,9,5093.750,9406.250,1512.704
82,9,5156.250,9406.250,1532.907
83,9,5218.750,9406.250,1577.658
84,9,5281.250,9406.250,1615.622
85,9,5343.750,9406.250,1633.956
86,9,5406.250,9406.250,1630.261
87,9,5468.750,9406.250,1622.206
88,9,5531.250,9406.250,1642.255
89,9,5593.750,9406.250,1666.710
90,9,5656.250,9406.250,1638.529
91,9,5718.750,9406.250,1560.610
92,9,5781.250,9406.250,1478.653
93,9,5843.750,9406.250,1390.087
94,9,5906.250,9406.250,1288.949
95,9,5968.750,9406.250,1220.762
96,9,6031.250,9406.250,1193.772
97,9,6093.750,9406.250,1169.471
98,9,6156.250,9406.250,1121.380
99,9,6218.750,9406.250,1077.327
100,9,6281.250,9406.250,1074.759
101,9,6343.750,9406.250,1115.884
102,9,6406.250,9406.250,1148.504
103,9,6468.750,9406.250,1150.910
104,9,6531.250,9406.250,1148.476
105,9,6593.750,9406.250,1152.474
106,9,6656.250,9406.250,1149.646
107,9,6718.750,9406.250,1164.310
108,9,6781.250,9406.250,1199.994
109,9,6843.750,9406.250,1231.029
110,9,6906.250,9406.250,1243.482
111,9,6968.750,9406.250,1251.195
112,9,7031.250,9406.250,1257.034
113,9,7093.750,9406.250,1260.586
114,9,7156.250,9406.250,1269.925
115,9,7218.750,9406.250,1304.690
116,9,7281.250,9406.250,1367.615
117,9,7343.750,9406.250,1430.853
118,9,7406.250,9406.250,1483.494
119,9,7468.750,9406.250,1520.479
120,9,7531.250,9406.250,1529.076
121,9,7593.750,9406.250,1536.056
122,9,7656.250,9406.250,1531.016
123,9,7718.750,9406.250,1502.932
124,9,7781.250,9406.250,1478.398
125,9,7843.750,9406.250,1483.076
126,9,7906.250,9406.250,1475.457
127,9,7968.750,9406.250,1485.123
128,9,8031.250,9406.250,1548.801
129,9,8093.750,9406.250,1627.915
130,9,8156.250,9406.250,1673.392
131,9,8218.750,9406.250,1727.588
132,9,8281.250,9406.250,1806.560
133,9,8343.750,9406.250,1912.363
134,9,8406.250,9406.250,2019.705
135,9,8468.750,9406.250,2055.054
136,9,8531.250,9406.250,2068.617
137,9,8593.750,9406.250,2091.632
138,9,8656.250,9406.250,2115.548
139,9,8718.750,9406.250,2125.242
140,9,8781.250,9406.250,2137.648
141,9,8843.750,9406.250,2153.520
142,9,8906.250,9406.250,2160.466
143,9,8968.750,9406.250,2168.910
144,9,9031.250,9406.250,2177.921
145,9,9093.750,9406.250,2176.079
146,9,9156.250,9406.250,2200.506
147,9,9218.750,9406.250,2220.990
148,9,9281.250,9406.250,2214.020
149,9,9343.750,9406.250,2178.917
150,9,9406.250,9406.250,2181.646
151,9,9468.750,9406.250,2213.976
152,9,9531.250,9406.250,2250.070
153,9,9593.750,9406.250,2186.305
154,9,9656.250,9406.250,2136.666
155,9,9718.750,9406.250,2122.494
156,9,9781.250,9406.250,2138.222
157,9,9843.750,9406.250,2168.723
158,9,9906.250,9406.250,2194.449
159,9,9968.750,9406.250,2208.333
0,10,31.250,9343.750,1495.083
1,10,93.750,9343.750,1533.663
2,10,156.250,9343.750,1572.774
3,10,218.750,9343.750,1592.951
4,10,281.250,9343.750,1609.114
5,10,343.750,9343.750,1626.079
6,10,406.250,9343.750,1613.230
7,10,468.750,9343.750,1595.076
8,10,531.250,9343.750,1580.733
9,10,593.750,9343.750,1563.097
10,10,656.250,9343.750,1560.152
11,10,718.750,9343.750,1590.508
12,10,781.250,9343.750,1616.462
13,10,843.750,9343.750,1592.553
14,10,906.250,9343.750,1540.868
15,10,968.750,9343.750,1503.293
16,10,1031.250,9343.750,1488.150
17,10,1093.750,9343.750,1464.301
18,10,1156.250,9343.750,1438.540
19,10,1218.750,9343.750,1430.791
20,10,1281.250,9343.750,1427.423
21,10,1343.750,9343.750,1413.832
22,10,1406.250,9343.750,1406.408
23,10,1468.750,9343.750,1420.485
24,10,1531.250,9343.750,1440.401
25,10,1593.750,9343.750,1436.775
26,10,1656.250,9343.750,1392.827
27,10,1718.750,9343.750,1350.427
28,10,1781.250,9343.750,1323.870
29,10,1843.750,9343.750,1305.579
30,10,1906.250,9343.750,1313.959
31,10,1968.750,9343.750,1369.117
32,10,2031.250,9343.750,1424.284
33,10,2093.750,9343.750,1430.702
34,10,2156.250,9343.750,1409.767
35,10,2218.750,9343.750,1409.822
36,10,2281.250,9343.750,1435.844
37,10,2343.750,9343.750,1442.620
38,10,2406.250,9343.750,1403.272
39,10,2468.750,9343.750,1359.483
40,10,2531.250,9343.750,1365.351
41,10,2593.750,9343.750,1403.624
42,10,2656.250,9343.750,1447.835
43,10,2718.750,9343.750,1503.631
44,10,2781.250,9343.750,1562.093
45,10,2843.750,9343.750,1583.144
46,10,2906.250,9343.750,1575.142
47,10,2968.750,9343.750,1583.595
48,10,3031.250,9343.750,1628.532
49,10,3093.750,9343.750,1674.962
50,10,3156.250,9343.750,1677.634
51,10,3218.750,9343.750,1624.002
52,10,3281.250,9343.750,1563.022
53,10,3343.750,9343.750,1534.322
54,10,3406.250,9343.750,1524.423
55,10,3468.750,9343.750,1516.500
56,10,3531.250,9343.750,1537.616
57,10,3593.750,9343.750,1576.084
58,10,3656.250,9343.750,1613.913
59,10,3718.750,9343.750,1644.672
60,10,3781.250,9343.750,1657.579
61,10,3843.750,9343.750,1636.127
62,10,3906.250,9343.750,1624.399
63,10,3968.750,9343.750,1655.640
64,10,4031.250,9343.750,1703.501
65,10,4093.750,9343.750,1736.808
66,10,4156.250,9343.750,1766.206
67,10,4218.750,9343.750,1791.207
68,10,4281.250,9343.750,1809.443
69,10,4343.750,9343.750,1832.878
70,10,4406.250,9343.750,1877.922
71,10,4468.750,9343.750,1860.043
72,10,4531.250,9343.750,1778.273
73,10,4593.750,9343.750,1692.164
74,10,4656.250,9343.750,1606.438
75,10,4718.750,9343.750,1553.115
76,10,4781.250,9343.750,1541.973
77,10,4843.750,9343.750,1532.443
78,10,4906.250,9343.750,1522.452
79,10,4968.750,9343.750,1526.046
80,10,5031.250,9343.750,1523.461
81,10,5093.750,9343.750,1515.591
82,10,5156.250,9343.750,1534.485
83,10,5218.750,9343.750,1576.100
84,10,5281.250,9343.750,1611.244
85,10,5343.750,9343.750,1630.888
86,10,5406.250,9343.750,1626.492
87,10,5468.750,9343.750,1616.636
88,10,5531.250,9343.750,1636.022
89,10,5593.750,9343.750,1661.714
90,10,5656.250,9343.750,1635.667
91,10,5718.750,9343.750,1567.301
92,10,5781.250,9343.750,1498.970
93,10,5843.750,9343.750,1423.840
94,10,5906.250,9343.750,1330.611
95,10,5968.750,9343.750,1259.507
96,10,6031.250,9343.750,1222.924
97,10,6093.750,9343.750,1185.146
98,10,6156.250,9343.750,1124.213
99,10,6218.750,9343.750,1072.131
100,10,6281.250,9343.750,1069.522
101,10,6343.750,9343.750,1118.818
102,10,6406.250,9343.750,1165.149
103,10,6468.750,9343.750,1181.741
104,10,6531.250,9343.750,1190.112
105,10,6593.750,9343.750,1199.227
106,10,6656.250,9343.750,1193.014
107,10,6718.750,9343.750,1196.657
108,10,6781.250,9343.750,1218.102
109,10,6843.750,9343.750,1237.297
110,10,6906.250,9343.750,1243.852
111,10,6968.750,9343.750,1254.094
112,10,7031.250,9343.750,1269.012
113,10,7093.750,9343.750,1285.768
114,10,7156.250,9343.750,1307.304
115,10,7218.750,9343.750,1348.508
116,10,7281.250,9343.750,1406.078
117,10,7343.750,9343.750,1456.539
118,10,7406.250,9343.750,1492.597
119,10,7468.750,9343.750,1515.578
120,10,7531.250,9343.750,1521.033
121,10,7593.750,9343.750,1536.741
122,10,7656.250,9343.750,1542.100
123,10,7718.750,9343.750,1520.769
124,10,7781.250,9343.750,1499.997
125,10,7843.750,9343.750,1503.661
126,10,7906.250,9343.750,1492.820
127,10,7968.750,9343.750,1497.722
128,10,8031.250,9343.750,1553.604
129,10,8093.750,9343.750,1626.201
130,10,8156.250,9343.750,1673.412
131,10,8218.750,9343.750,1734.704
132,10,8281.250,9343.750,1821.479
133,10,8343.750,9343.750,1931.598
134,10,8406.250,9343.750,2040.693
135,10,8468.750,9343.750,2057.987
136,10,8531.250,9343.750,2062.948
137,10,8593.750,9343.750,2079.784
138,10,8656.250,9343.750,2099.070
139,10,8718.750,9343.750,2124.667
140,10,8781.250,9343.750,2136.445
141,10,8843.750,9343.750,2153.360
142,10,8906.250,9343.750,2182.494
143,10,8968.750,9343.750,2199.638
144,10,9031.250,9343.750,2197.223
145,10,9093.750,9343.750,2188.451
146,10,9156.250,9343.750,2211.225
147,10,9218.750,9343.750,2235.962
148,10,9281.250,9343.750,2237.058
149,10,9343.750,9343.750,2206.360
150,10,9406.250,9343.750,2207.608
151,10,9468.750,9343.750,2233.616
152,10,9531.250,9343.750,2259.884
153,10,9593.750,9343.750,2197.594
154,10,9656.250,9343.750,2152.959
155,10,9718.750,9343.750,2144.339
156,10,9781.250,9343.750,2161.099
157,10,9843.750,9343.750,2187.328
158,10,9906.250,9343.750,2205.608
159,10,9968.750,9343.750,2212.826
0,11,31.250,9281.250,1527.530
1,11,93.750,9281.250,1546.787
2,11,156.250,9281.250,1571.821
3,11,218.750,9281.250,1596.097
4,11,281.250,9281.250,1622.969
5,11,343.750,9281.250,1649.365
6,11,406.250,9281.250,1653.043
7,11,468.750,9281.250,1643.212
8,11,531.250,9281.250,1627.408
9,11,593.750,9281.250,1609.527
10,11,656.250,9281.250,1603.291
11,11,718.750,9281.250,1606.626
12,11,781.250,9281.250,1611.935
13,11,843.750,9281.250,1602.628
14,11,906.250,9281.250,1576.274
15,11,968.750,9281.250,1536.450
16,11,1031.250,9281.250,1492.742
17,11,1093.750,9281.250,1447.495
18,11,1156.250,9281.250,1419.994
19,11,1218.750,9281.250,1415.088
20,11,1281.250,9281.250,1412.383
21,11,1343.750,9281.250,1398.494
22,11,1406.250,9281.250,1397.198
23,11,1468.750,9281.250,1431.712
24,11,1531.250,9281.250,1472.888
25,11,1593.750,9281.250,1470.172
26,11,1656.250,9281.250,1414.926
27,11,1718.750,9281.250,1363.411
28,11,1781.250,9281.250,1335.408
29,11,1843.750,9281.250,1316.702
30,11,1906.250,9281.250,1319.978
31,11,1968.750,9281.250,1358.395
32,11,2031.250,9281.250,1404.395
33,11,2093.750,9281.250,1432.832
34,11,2156.250,9281.250,1444.879
35,11,2218.750,9281.250,1449.727
36,11,2281.250,9281.250,1460.587
37,11,2343.750,9281.250,1456.802
38,11,2406.250,9281.250,1423.214
39,11,2468.750,9281.250,1387.716
40,11,2531.250,9281.250,1393.310
41,11,2593.750,9281.250,1436.526
42,11,2656.250,9281.250,1485.405
43,11,2718.750,9281.250,1540.090
44,11,2781.250,9281.250,1598.616
45,11,2843.750,9281.250,1623.737
46,11,2906.250,9281.250,1606.389
47,11,2968.750,9281.250,1603.886
48,11,3031.250,9281.250,1640.429
49,11,3093.750,9281.250,1679.161
50,11,3156.250,9281.250,1685.929
51,11,3218.750,9281.250,1655.070
52,11,3281.250,9281.250,1612.212
53,11,3343.750,9281.250,1589.912
54,11,3406.250,9281.250,1584.395
55,11,3468.750,9281.250,1576.709
56,11,3531.250,9281.250,1595.469
57,11,3593.750,9281.250,1631.667
58,11,3656.250,9281.250,1662.819
59,11,3718.750,9281.250,1683.660
60,11,3781.250,9281.250,1694.878
61,11,3843.750,9281.250,1676.864
62,11,3906.250,9281.250,1665.016
63,11,3968.750,9281.250,1687.358
64,11,4031.250,9281.250,1724.418
65,11,4093.750,9281.250,1752.313
66,11,4156.250,9281.250,1778.990
67,11,4218.750,9281.250,1804.896
68,11,4281.250,9281.250,1823.456
69,11,4343.750,9281.250,1841.975
70,11,4406.250,9281.250,1882.016
71,11,4468.750,9281.250,1853.468
72,11,4531.250,9281.250,1769.837
73,11,4593.750,9281.250,1701.923
74,11,4656.250,9281.250,1639.485
75,11,4718.750,9281.250,1584.467
76,11,4781.250,9281.250,1548.847
77,11,4843.750,9281.250,1525.008
78,11,4906.250,9281.250,1511.434
79,11,4968.750,9281.250,1507.790
80,11,5031.250,9281.250,1508.910
81,11,5093.750,9281.250,1527.166
82,11,5156.250,9281.250,1561.647
83,11,5218.750,9281.250,1591.537
84,11,5281.250,9281.250,1610.764
85,11,5343.750,9281.250,1629.730
86,11,5406.250,9281.250,1631.737
87,11,5468.750,9281.250,1622.580
88,11,5531.250,9281.250,1626.333
89,11,5593.750,9281.250,1633.616
90,11,5656.250,9281.250,1608.838
91,11,5718.750,9281.250,1560.451
92,11,5781.250,9281.250,1512.198
93,11,5843.750,9281.250,1461.303
94,11,5906.250,9281.250,1393.508
95,11,5968.750,9281.250,1319.596
96,11,6031.250,9281.250,1252.785
97,11,6093.750,9281.250,1190.064
98,11,6156.250,9281.250,1129.810
99,11,6218.750,9281.250,1087.585
100,11,6281.250,9281.250,1086.402
101,11,6343.750,9281.250,1133.823
102,11,6406.250,9281.250,1185.580
103,11,6468.750,9281.250,1218.080
104,11,6531.250,9281.250,1241.589
105,11,6593.750,9281.250,1254.747
106,11,6656.250,9281.250,1247.191
107,11,6718.750,9281.250,1243.098
108,11,6781.250,9281.250,1256.254
109,11,6843.750,9281.250,1271.415
110,11,6906.250,9281.250,1274.590
111,11,6968.750,9281.250,1279.140
112,11,7031.250,9281.250,1296.078
113,11,7093.750,9281.250,1320.026
114,11,7156.250,9281.250,1346.341
115,11,7218.750,9281.250,1387.328
116,11,7281.250,9281.250,1426.516
117,11,7343.750,9281.250,1455.835
118,11,7406.250,9281.250,1475.482
119,11,7468.750,9281.250,1485.233
120,11,7531.250,9281.250,1488.564
121,11,7593.750,9281.250,1517.421
122,11,7656.250,9281.250,1537.453
123,11,7718.750,9281.250,1529.992
124,11,7781.250,9281.250,1522.427
125,11,7843.750,9281.250,1530.537
126,11,7906.250,9281.250,1531.204
127,11,7968.750,9281.250,1541.682
128,11,8031.250,9281.250,1575.356
129,11,8093.750,9281.250,1616.325
130,11,8156.250,9281.250,1659.069
131,11,8218.750,9281.250,1730.236
132,11,8281.250,9281.250,1827.191
133,11,8343.750,9281.250,1934.882
134,11,8406.250,9281.250,2035.635
135,11,8468.750,9281.250,2084.439
136,11,8531.250,9281.250,2056.031
137,11,8593.750,9281.250,2048.387
138,11,8656.250,9281.250,2055.506
139,11,8718.750,9281.250,2067.728
140,11,8781.250,9281.250,2081.139
141,11,8843.750,9281.250,2125.544
142,11,8906.250,9281.250,2180.042
143,11,8968.750,9281.250,2209.071
144,11,9031.250,9281.250,2217.252
145,11,9093.750,9281.250,2205.551
146,11,9156.250,9281.250,2210.839
147,11,9218.750,9281.250,2234.048
148,11,9281.250,9281.250,2242.068
149,11,9343.750,9281.250,2232.527
150,11,9406.250,9281.250,2237.735
151,11,9468.750,9281.250,2268.685
152,11,9531.250,9281.250,2244.073
153,11,9593.750,9281.250,2198.430
154,11,9656.250,9281.250,2175.207
155,11,9718.750,9281.250,2167.391
156,11,9781.250,9281.250,2164.722
157,11,9843.750,9281.250,2176.264
158,11,9906.250,9281.250,2202.743
159,11,9968.750,9281.250,2226.018
0,12,31.250,9218.750,1545.438
1,12,93.750,9218.750,1544.674
2,12,156.250,9218.750,1556.405
3,12,218.750,9218.750,1587.403
4,12,281.250,9218.750,1628.553
5,12,343.750,9218.750,1668.603
6,12,406.250,9218.750,1694.522
7,12,468.750,9218.750,1695.446
8,12,531.250,9218.750,1676.283
9,12,593.750,9218.750,1655.080
10,12,656.250,9218.750,1642.682
11,12,718.750,9218.750,1615.766
12,12,781.250,9218.750,1599.105
13,12,843.750,9218.750,1608.938
14,12,906.250,9218.750,1614.478
15,12,968.750,9218.750,1575.431
16,12,1031.250,9218.750,1503.557
17,12,1093.750,9218.750,1438.326
18,12,1156.250,9218.750,1411.917
19,12,1218.750,9218.750,1411.589
20,12,1281.250,9218.750,1408.669
21,12,1343.750,9218.750,1390.512
22,12,1406.250,9218.750,1389.039
23,12,1468.750,9218.750,1438.394
24,12,1531.250,9218.750,1498.090
25,12,1593.750,9218.750,1497.244
26,12,1656.250,9218.750,1436.364
27,12,1718.750,9218.750,1383.569
28,12,1781.250,9218.750,1360.046
29,12,1843.750,9218.750,1341.767
30,12,1906.250,9218.750,1337.164
31,12,1968.750,9218.750,1353.559
32,12,2031.250,9218.750,1387.425
33,12,2093.750,9218.750,1440.949
34,12,2156.250,9218.750,1491.159
35,12,2218.750,9218.750,1501.293
36,12,2281.250,9218.750,1493.034
37,12,2343.750,9218.750,1475.158
38,12,2406.250,9218.750,1446.696
39,12,2468.750,9218.750,1420.305
40,12,2531.250,9218.750,1423.969
41,12,2593.750,9218.750,1469.550
42,12,2656.250,9218.750,1520.810
43,12,2718.750,9218.750,1574.086
44,12,2781.250,9218.750,1636.143
45,12,2843.750,9218.750,1670.163
46,12,2906.250,9218.750,1645.625
47,12,2968.750,9218.750,1632.266
48,12,3031.250,9218.750,1660.234
49,12,3093.750,9218.750,1690.569
50,12,3156.250,9218.750,1701.181
51,12,3218.750,9218.750,1691.323
52,12,3281.250,9218.750,1662.553
53,12,3343.750,9218.750,1642.892
54,12,3406.250,9218.750,1641.680
55,12,3468.750,9218.750,1636.427
56,12,3531.250,9218.750,1654.767
57,12,3593.750,9218.750,1689.675
58,12,3656.250,9218.750,1715.527
59,12,3718.750,9218.750,1727.766
60,12,3781.250,9218.750,1738.819
61,12,3843.750,9218.750,1726.077
62,12,3906.250,9218.750,1716.585
63,12,3968.750,9218.750,1731.232
64,12,4031.250,9218.750,1757.255
65,12,4093.750,9218.750,1779.080
66,12,4156.250,9218.750,1800.730
67,12,4218.750,9218.750,1824.585
68,12,4281.250,9218.750,1839.694
69,12,4343.750,9218.750,1847.645
70,12,4406.250,9218.750,1878.836
71,12,4468.750,9218.750,1848.120
72,12,4531.250,9218.750,1761.772
73,12,4593.750,9218.750,1715.026
74,12,4656.250,9218.750,1680.435
75,12,4718.750,9218.750,1625.237
76,12,4781.250,9218.750,1562.964
77,12,4843.750,9218.750,1523.543
78,12,4906.250,9218.750,1505.944
79,12,4968.750,9218.750,1494.621
80,12,5031.250,9218.750,1502.321
81,12,5093.750,9218.750,1553.024
82,12,5156.250,9218.750,1606.361
83,12,5218.750,9218.750,1622.489
84,12,5281.250,9218.750,1622.342
85,12,5343.750,9218.750,1639.289
86,12,5406.250,9218.750,1648.548
87,12,5468.750,9218.750,1639.226
88,12,5531.250,9218.750,1624.076
89,12,5593.750,9218.750,1610.148
90,12,5656.250,9218.750,1584.681
91,12,5718.750,9218.750,1553.150
92,12,5781.250,9218.750,1520.767
93,12,5843.750,9218.750,1493.038
94,12,5906.250,9218.750,1455.256
95,12,5968.750,9218.750,1383.666
96,12,6031.250,9218.750,1287.657
97,12,6093.750,9218.750,1200.493
98,12,6156.250,9218.750,1144.454
99,12,6218.750,9218.750,1115.562
100,12,6281.250,9218.750,1115.284
101,12,6343.750,9218.750,1154.102
102,12,6406.250,9218.750,1203.055
103,12,6468.750,9218.750,1246.205
104,12,6531.250,9218.750,1282.749
105,12,6593.750,9218.750,1299.284
106,12,6656.250,9218.750,1292.211
107,12,6718.750,9218.750,1283.627
108,12,6781.250,9218.750,1294.092
109,12,6843.750,9218.750,1311.084
110,12,6906.250,9218.750,1313.009
111,12,6968.750,9218.750,1309.039
112,12,7031.250,9218.750,1324.853
113,12,7093.750,9218.750,1352.789
114,12,7156.250,9218.750,1380.041
115,12,7218.750,9218.750,1417.649
116,12,7281.250,9218.750,1436.719
117,12,7343.750,9218.750,1445.906
118,12,7406.250,9218.750,1452.055
119,12,7468.750,9218.750,1449.892
120,12,7531.250,9218.750,1450.631
121,12,7593.750,9218.750,1492.353
122,12,7656.250,9218.750,1527.170
123,12,7718.750,9218.750,1534.584
124,12,7781.250,9218.750,1542.207
125,12,7843.750,9218.750,1556.515
126,12,7906.250,9218.750,1572.094
127,12,7968.750,9218.750,1590.974
128,12,8031.250,9218.750,1601.210
129,12,8093.750,9218.750,1606.593
130,12,8156.250,9218.750,1642.406
131,12,8218.750,9218.750,1721.658
132,12,8281.250,9218.750,1827.260
133,12,8343.750,9218.750,1929.256
134,12,8406.250,9218.750,2017.947
135,12,8468.750,9218.750,2101.843
136,12,8531.250,9218.750,2052.129
137,12,8593.750,9218.750,2019.633
138,12,8656.250,9218.750,2015.713
139,12,8718.750,9218.750,2014.333
140,12,8781.250,9218.750,2028.164
141,12,8843.750,9218.750,2098.410
142,12,8906.250,9218.750,2174.763
143,12,8968.750,9218.750,2207.351
144,12,9031.250,9218.750,2217.366
145,12,9093.750,9218.750,2225.971
146,12,9156.250,9218.750,2211.554
147,12,9218.750,9218.750,2218.743
148,12,9281.250,9218.750,2237.896
149,12,9343.750,9218.750,2247.710
150,12,9406.250,9218.750,2257.629
151,12,9468.750,9218.750,2282.109
152,12,9531.250,9218.750,2223.958
153,12,9593.750,9218.750,2198.183
154,12,9656.250,9218.750,2198.182
155,12,9718.750,9218.750,2189.981
156,12,9781.250,9218.750,2165.087
157,12,9843.750,9218.750,2161.666
158,12,9906.250,9218.750,2201.754
159,12,9968.750,9218.750,2247.780
0,13,31.250,9156.250,1546.585
1,13,93.750,9156.250,1539.590
2,13,156.250,9156.250,1548.078
3,13,218.750,9156.250,1582.784
4,13,281.250,9156.250,1631.416
5,13,343.750,9156.250,1680.954
6,13,406.250,9156.250,1719.204
7,13,468.750,9156.250,1725.411
8,13,531.250,9156.250,1703.997
9,13,593.750,9156.250,1680.030
10,13,656.250,9156.250,1664.957
11,13,718.750,9156.250,1628.460
12,13,781.250,9156.250,1604.827
13,13,843.750,9156.250,1622.451
14,13,906.250,9156.250,1640.692
15,13,968.750,9156.250,1603.900
16,13,1031.250,9156.250,1524.403
17,13,1093.750,9156.250,1454.131
18,13,1156.250,9156.250,1429.040
19,13,1218.750,9156.250,1430.546
20,13,1281.250,9156.250,1427.604
21,13,1343.750,9156.250,1407.890
22,13,1406.250,9156.250,1404.605
23,13,1468.750,9156.250,1455.893
24,13,1531.250,9156.250,1519.530
25,13,1593.750,9156.250,1520.111
26,13,1656.250,9156.250,1462.948
27,13,1718.750,9156.250,1416.460
28,13,1781.250,9156.250,1398.174
29,13,1843.750,9156.250,1378.983
30,13,1906.250,9156.250,1368.333
31,13,1968.750,9156.250,1373.081
32,13,2031.250,9156.250,1400.628
33,13,2093.750,9156.250,1463.344
34,13,2156.250,9156.250,1528.134
35,13,2218.750,9156.250,1540.409
36,13,2281.250,9156.250,1524.040
37,13,2343.750,9156.250,1499.026
38,13,2406.250,9156.250,1470.378
39,13,2468.750,9156.250,1445.796
40,13,2531.250,9156.250,1445.569
41,13,2593.750,9156.250,1488.013
42,13,2656.250,9156.250,1537.615
43,13,2718.750,9156.250,1591.820
44,13,2781.250,9156.250,1661.149
45,13,2843.750,9156.250,1705.508
46,13,2906.250,9156.250,1683.017
47,13,2968.750,9156.250,1667.189
48,13,3031.250,9156.250,1692.371
49,13,3093.750,9156.250,1719.983
50,13,3156.250,9156.250,1732.653
51,13,3218.750,9156.250,1728.416
52,13,3281.250,9156.250,1702.033
53,13,3343.750,9156.250,1682.411
54,13,3406.250,9156.250,1684.444
55,13,3468.750,9156.250,1682.638
56,13,3531.250,9156.250,1703.045
57,13,3593.750,9156.250,1738.390
58,13,3656.250,9156.250,1764.112
59,13,3718.750,9156.250,1775.264
60,13,3781.250,9156.250,1786.663
61,13,3843.750,9156.250,1774.781
62,13,3906.250,9156.250,1765.328
63,13,3968.750,9156.250,1775.631
64,13,4031.250,9156.250,1794.893
65,13,4093.750,9156.250,1811.387
66,13,4156.250,9156.250,1827.903
67,13,4218.750,9156.250,1847.366
68,13,4281.250,9156.250,1856.456
69,13,4343.750,9156.250,1853.408
70,13,4406.250,9156.250,1874.204
71,13,4468.750,9156.250,1850.515
72,13,4531.250,9156.250,1766.065
73,13,4593.750,9156.250,1730.134
74,13,4656.250,9156.250,1708.463
75,13,4718.750,9156.250,1655.193
76,13,4781.250,9156.250,1585.005
77,13,4843.750,9156.250,1541.503
78,13,4906.250,9156.250,1523.471
79,13,4968.750,9156.250,1510.444
80,13,5031.250,9156.250,1522.290
81,13,5093.750,9156.250,1586.155
82,13,5156.250,9156.250,1646.144
83,13,5218.750,9156.250,1656.174
84,13,5281.250,9156.250,1647.712
85,13,5343.750,9156.250,1662.918
86,13,5406.250,9156.250,1674.020
87,13,5468.750,9156.250,1662.467
88,13,5531.250,9156.250,1638.081
89,13,5593.750,9156.250,1615.679
90,13,5656.250,9156.250,1589.133
91,13,5718.750,9156.250,1561.947
92,13,5781.250,9156.250,1533.690
93,13,5843.750,9156.250,1514.731
94,13,5906.250,9156.250,1491.195
95,13,5968.750,9156.250,1424.190
96,13,6031.250,9156.250,1318.997
97,13,6093.750,9156.250,1222.416
98,13,6156.250,9156.250,1167.062
99,13,6218.750,9156.250,1142.232
100,13,6281.250,9156.250,1141.596
101,13,6343.750,9156.250,1174.348
102,13,6406.250,9156.250,1218.559
103,13,6468.750,9156.250,1263.377
104,13,6531.250,9156.250,1304.299
105,13,6593.750,9156.250,1321.744
106,13,6656.250,9156.250,1314.561
107,13,6718.750,9156.250,1304.074
108,13,6781.250,9156.250,1314.874
109,13,6843.750,9156.250,1334.309
110,13,6906.250,9156.250,1336.187
111,13,6968.750,9156.250,1327.711
112,13,7031.250,9156.250,1342.124
113,13,7093.750,9156.250,1370.740
114,13,7156.250,9156.250,1397.227
115,13,7218.750,9156.250,1431.360
116,13,7281.250,9156.250,1440.566
117,13,7343.750,9156.250,1440.342
118,13,7406.250,9156.250,1439.856
119,13,7468.750,9156.250,1431.004
120,13,7531.250,9156.250,1428.860
121,13,7593.750,9156.250,1474.539
122,13,7656.250,9156.250,1516.051
123,13,7718.750,9156.250,1531.470
124,13,7781.250,9156.250,1547.240
125,13,7843.750,9156.250,1565.461
126,13,7906.250,9156.250,1587.787
127,13,7968.750,9156.250,1610.747
128,13,8031.250,9156.250,1613.154
129,13,8093.750,9156.250,1605.355
130,13,8156.250,9156.250,1637.277
131,13,8218.750,9156.250,1718.103
132,13,8281.250,9156.250,1826.559
133,13,8343.750,9156.250,1926.434
134,13,8406.250,9156.250,2010.678
135,13,8468.750,9156.250,2096.811
136,13,8531.250,9156.250,2057.723
137,13,8593.750,9156.250,2015.911
138,13,8656.250,9156.250,2007.877
139,13,8718.750,9156.250,2001.140
140,13,8781.250,9156.250,2013.406
141,13,8843.750,9156.250,2090.654
142,13,8906.250,9156.250,2172.968
143,13,8968.750,9156.250,2206.988
144,13,9031.250,9156.250,2220.380
145,13,9093.750,9156.250,2239.539
146,13,9156.250,9156.250,2219.245
147,13,9218.750,9156.250,2217.789
148,13,9281.250,9156.250,2235.913
149,13,9343.750,9156.250,2248.630
150,13,9406.250,9156.250,2259.500
151,13,9468.750,9156.250,2278.028
152,13,9531.250,9156.250,2225.712
153,13,9593.750,9156.250,2209.845
154,13,9656.250,9156.250,2218.575
155,13,9718.750,9156.250,2209.921
156,13,9781.250,9156.250,2176.721
157,13,9843.750,9156.250,2168.592
158,13,9906.250,9156.250,2216.342
159,13,9968.750,9156.250,2273.943
0,14,31.250,9093.750,1550.154
1,14,93.750,9093.750,1543.229
2,14,156.250,9093.750,1552.469
3,14,218.750,9093.750,1581.256
4,14,281.250,9093.750,1620.191
5,14,343.750,9093.750,1668.314
6,14,406.250,9093.750,1704.465
7,14,468.750,9093.750,1710.288
8,14,531.250,9093.750,1694.004
9,14,593.750,9093.750,1675.969
10,14,656.250,9093.750,1665.875
11,14,718.750,9093.750,1647.935
12,14,781.250,9093.750,1635.503
13,14,843.750,9093.750,1645.545
14,14,906.250,9093.750,1653.597
15,14,968.750,9093.750,1620.396
16,14,1031.250,9093.750,1560.585
17,14,1093.750,9093.750,1506.066
18,14,1156.250,9093.750,1480.321
19,14,1218.750,9093.750,1475.720
20,14,1281.250,9093.750,1471.544
21,14,1343.750,9093.750,1447.988
22,14,1406.250,9093.750,1439.818
23,14,1468.750,9093.750,1480.625
24,14,1531.250,9093.750,1531.340
25,14,1593.750,9093.750,1532.494
26,14,1656.250,9093.750,1491.359
27,14,1718.750,9093.750,1458.212
28,14,1781.250,9093.750,1449.292
29,14,1843.750,9093.750,1438.891
30,14,1906.250,9093.750,1425.929
31,14,1968.750,9093.750,1417.120
32,14,2031.250,9093.750,1432.486
33,14,2093.750,9093.750,1480.804
34,14,2156.250,9093.750,1529.092
35,14,2218.750,9093.750,1539.161
36,14,2281.250,9093.750,1530.659
37,14,2343.750,9093.750,1512.266
38,14,2406.250,9093.750,1485.778
39,14,2468.750,9093.750,1462.185
40,14,2531.250,9093.750,1459.697
41,14,2593.750,9093.750,1497.364
42,14,2656.250,9093.750,1543.528
43,14,2718.750,9093.750,1597.554
44,14,2781.250,9093.750,1669.359
45,14,2843.750,9093.750,1719.887
46,14,2906.250,9093.750,1712.300
47,14,2968.750,9093.750,1705.035
48,14,3031.250,9093.750,1728.497
49,14,3093.750,9093.750,1754.145
50,14,3156.250,9093.750,1765.539
51,14,3218.750,9093.750,1749.121
52,14,3281.250,9093.750,1716.119
53,14,3343.750,9093.750,1697.273
54,14,3406.250,9093.750,1699.005
55,14,3468.750,9093.750,1700.387
56,14,3531.250,9093.750,1727.408
57,14,3593.750,9093.750,1764.653
58,14,3656.250,9093.750,1796.374
59,14,3718.750,9093.750,1818.867
60,14,3781.250,9093.750,1832.543
61,14,3843.750,9093.750,1824.602
62,14,3906.250,9093.750,1817.311
63,14,3968.750,9093.750,1818.023
64,14,4031.250,9093.750,1822.235
65,14,4093.750,9093.750,1833.611
66,14,4156.250,9093.750,1854.846
67,14,4218.750,9093.750,1877.136
68,14,4281.250,9093.750,1880.309
69,14,4343.750,9093.750,1867.284
70,14,4406.250,9093.750,1879.166
71,14,4468.750,9093.750,1855.312
72,14,4531.250,9093.750,1780.785
73,14,4593.750,9093.750,1749.729
74,14,4656.250,9093.750,1729.914
75,14,4718.750,9093.750,1679.961
76,14,4781.250,9093.750,1612.292
77,14,4843.750,9093.750,1569.737
78,14,4906.250,9093.750,1556.004
79,14,4968.750,9093.750,1549.802
80,14,5031.250,9093.750,1560.877
81,14,5093.750,9093.750,1610.779
82,14,5156.250,9093.750,1659.462
83,14,5218.750,9093.750,1673.741
84,14,5281.250,9093.750,1674.186
85,14,5343.750,9093.750,1690.861
86,14,5406.250,9093.750,1709.573
87,14,5468.750,9093.750,1704.555
88,14,5531.250,9093.750,1677.565
89,14,5593.750,9093.750,1649.326
90,14,5656.250,9093.750,1620.189
91,14,5718.750,9093.750,1587.267
92,14,5781.250,9093.750,1553.372
93,14,5843.750,9093.750,1534.577
94,14,5906.250,9093.750,1515.654
95,14,5968.750,9093.750,1452.323
96,14,6031.250,9093.750,1350.989
97,14,6093.750,9093.750,1256.681
98,14,6156.250,9093.750,1194.898
99,14,6218.750,9093.750,1159.315
100,14,6281.250,9093.750,1157.729
101,14,6343.750,9093.750,1196.406
102,14,6406.250,9093.750,1241.554
103,14,6468.750,9093.750,1280.173
104,14,6531.250,9093.750,1315.960
105,14,6593.750,9093.750,1332.099
106,14,6656.250,9093.750,1325.744
107,14,6718.750,9093.750,1317.035
108,14,6781.250,9093.750,1325.856
109,14,6843.750,9093.750,1339.986
110,14,6906.250,9093.750,1340.176
111,14,6968.750,9093.750,1331.107
112,14,7031.250,9093.750,1342.760
113,14,7093.750,9093.750,1373.293
114,14,7156.250,9093.750,1406.003
115,14,7218.750,9093.750,1439.277
116,14,7281.250,9093.750,1450.215
117,14,7343.750,9093.750,1452.085
118,14,7406.250,9093.750,1443.417
119,14,7468.750,9093.750,1420.934
120,14,7531.250,9093.750,1416.024
121,14,7593.750,9093.750,1465.368
122,14,7656.250,9093.750,1511.732
123,14,7718.750,9093.750,1527.025
124,14,7781.250,9093.750,1539.976
125,14,7843.750,9093.750,1558.774
126,14,7906.250,9093.750,1579.035
127,14,7968.750,9093.750,1600.254
128,14,8031.250,9093.750,1612.743
129,14,8093.750,9093.750,1620.292
130,14,8156.250,9093.750,1654.168
131,14,8218.750,9093.750,1730.768
132,14,8281.250,9093.750,1835.989
133,14,8343.750,9093.750,1934.974
134,14,8406.250,9093.750,2018.799
135,14,8468.750,9093.750,2104.457
136,14,8531.250,9093.750,2063.133
137,14,8593.750,9093.750,2020.544
138,14,8656.250,9093.750,2013.214
139,14,8718.750,9093.750,2008.875
140,14,8781.250,9093.750,2019.987
141,14,8843.750,9093.750,2093.664
142,14,8906.250,9093.750,2172.406
143,14,8968.750,9093.750,2213.596
144,14,9031.250,9093.750,2235.682
145,14,9093.750,9093.750,2232.169
146,14,9156.250,9093.750,2235.212
147,14,9218.750,9093.750,2247.069
148,14,9281.250,9093.750,2262.151
149,14,9343.750,9093.750,2271.812
150,14,9406.250,9093.750,2278.017
151,14,9468.750,9093.750,2289.208
152,14,9531.250,9093.750,2257.184
153,14,9593.750,9093.750,2241.876
154,14,9656.250,9093.750,2243.258
155,14,9718.750,9093.750,2234.780
156,14,9781.250,9093.750,2205.320
157,14,9843.750,9093.750,2198.084
158,14,9906.250,9093.750,2237.291
159,14,9968.750,9093.750,2283.870
0,15,31.250,9031.250,1561.989
1,15,93.750,9031.250,1556.027
2,15,156.250,9031.250,1566.920
3,15,218.750,9031.250,1585.068
4,15,281.250,9031.250,1602.816
5,15,343.750,9031.250,1639.021
6,15,406.250,9031.250,1664.262
7,15,468.750,9031.250,1668.353
8,15,531.250,9031.250,1663.853
9,15,593.750,9031.250,1659.784
10,15,656.250,9031.250,1659.770
11,15,718.750,9031.250,1670.174
12,15,781.250,9031.250,1674.099
13,15,843.750,9031.250,1670.750
14,15,906.250,9031.250,1661.707
15,15,968.750,9031.250,1634.978
16,15,1031.250,9031.250,1608.910
17,15,1093.750,9031.250,1582.129
18,15,1156.250,9031.250,1556.933
19,15,1218.750,9031.250,1542.757
20,15,1281.250,9031.250,1535.057
21,15,1343.750,9031.250,1503.000
22,15,1406.250,9031.250,1485.604
23,15,1468.750,9031.250,1509.309
24,15,1531.250,9031.250,1538.950
25,15,1593.750,9031.250,1538.896
26,15,1656.250,9031.250,1517.884
27,15,1718.750,9031.250,1500.470
28,15,1781.250,9031.250,1504.562
29,15,1843.750,9031.250,1511.208
30,15,1906.250,9031.250,1499.068
31,15,1968.750,9031.250,1471.629
32,15,2031.250,9031.250,1467.527
33,15,2093.750,9031.250,1489.232
34,15,2156.250,9031.250,1506.880
35,15,2218.750,9031.250,1511.750
36,15,2281.250,9031.250,1519.152
37,15,2343.750,9031.250,1518.803
38,15,2406.250,9031.250,1503.224
39,15,2468.750,9031.250,1484.640
40,15,2531.250,9031.250,1481.148
41,15,2593.750,9031.250,1514.188
42,15,2656.250,9031.250,1556.296
43,15,2718.750,9031.250,1607.351
44,15,2781.250,9031.250,1675.398
45,15,2843.750,9031.250,1727.158
46,15,2906.250,9031.250,1737.780
47,15,2968.750,9031.250,1739.530
48,15,3031.250,9031.250,1754.405
49,15,3093.750,9031.250,1772.099
50,15,3156.250,9031.250,1780.492
51,15,3218.750,9031.250,1750.354
52,15,3281.250,9031.250,1714.547
53,15,3343.750,9031.250,1701.297
54,15,3406.250,9031.250,1701.106
55,15,3468.750,9031.250,1703.451
56,15,3531.250,9031.250,1736.249
57,15,3593.750,9031.250,1773.867
58,15,3656.250,9031.250,1813.215
59,15,3718.750,9031.250,1852.684
60,15,3781.250,9031.250,1870.736
61,15,3843.750,9031.250,1870.724
62,15,3906.250,9031.250,1868.007
63,15,3968.750,9031.250,1854.970
64,15,4031.250,9031.250,1838.005
65,15,4093.750,9031.250,1843.866
66,15,4156.250,9031.250,1875.788
67,15,4218.750,9031.250,1902.419
68,15,4281.250,9031.250,1906.870
69,15,4343.750,9031.250,1889.296
70,15,4406.250,9031.250,1897.932
71,15,4468.750,9031.250,1866.379
72,15,4531.250,9031.250,1804.518
73,15,4593.750,9031.250,1775.833
74,15,4656.250,9031.250,1754.322
75,15,4718.750,9031.250,1707.875
76,15,4781.250,9031.250,1642.317
77,15,4843.750,9031.250,1599.212
78,15,4906.250,9031.250,1590.837
79,15,4968.750,9031.250,1594.851
80,15,5031.250,9031.250,1604.767
81,15,5093.750,9031.250,1632.260
82,15,5156.250,9031.250,1662.865
83,15,5218.750,9031.250,1683.567
84,15,5281.250,9031.250,1697.651
85,15,5343.750,9031.250,1716.398
86,15,5406.250,9031.250,1748.569
87,15,5468.750,9031.250,1756.741
88,15,5531.250,9031.250,1728.148
89,15,5593.750,9031.250,1691.269
90,15,5656.250,9031.250,1658.448
91,15,5718.750,9031.250,1616.956
92,15,5781.250,9031.250,1573.767
93,15,5843.750,9031.250,1553.061
94,15,5906.250,9031.250,1538.240
95,15,5968.750,9031.250,1478.733
96,15,6031.250,9031.250,1383.813
97,15,6093.750,9031.250,1296.332
98,15,6156.250,9031.250,1228.690
99,15,6218.750,9031.250,1179.295
100,15,6281.250,9031.250,1177.238
101,15,6343.750,9031.250,1228.131
102,15,6406.250,9031.250,1277.833
103,15,6468.750,9031.250,1307.371
104,15,6531.250,9031.250,1333.425
105,15,6593.750,9031.250,1346.691
106,15,6656.250,9031.250,1342.311
107,15,6718.750,9031.250,1338.250
108,15,6781.250,9031.250,1342.203
109,15,6843.750,9031.250,1344.055
110,15,6906.250,9031.250,1338.892
111,15,6968.750,9031.250,1328.119
112,15,7031.250,9031.250,1332.933
113,15,7093.750,9031.250,1363.742
114,15,7156.250,9031.250,1404.786
115,15,7218.750,9031.250,1436.586
116,15,7281.250,9031.250,1451.673
117,15,7343.750,9031.250,1459.547
118,15,7406.250,9031.250,1441.922
119,15,7468.750,9031.250,1403.208
120,15,7531.250,9031.250,1398.518
121,15,7593.750,9031.250,1456.564
122,15,7656.250,9031.250,1511.205
123,15,7718.750,9031.250,1525.535
124,15,7781.250,9031.250,1532.537
125,15,7843.750,9031.250,1550.546
126,15,7906.250,9031.250,1565.302
127,15,7968.750,9031.250,1581.656
128,15,8031.250,9031.250,1609.026
129,15,8093.750,9031.250,1643.141
130,15,8156.250,9031.250,1685.740
131,15,8218.750,9031.250,1760.650
132,15,8281.250,9031.250,1862.098
133,15,8343.750,9031.250,1959.239
134,15,8406.250,9031.250,2041.504
135,15,8468.750,9031.250,2125.520
136,15,8531.250,9031.250,2074.114
137,15,8593.750,9031.250,2026.372
138,15,8656.250,9031.250,2015.939
139,15,8718.750,9031.250,2013.984
140,15,8781.250,9031.250,2025.708
141,15,8843.750,9031.250,2096.952
142,15,8906.250,9031.250,2171.694
143,15,8968.750,9031.250,2221.950
144,15,9031.250,9031.250,2220.067
145,15,9093.750,9031.250,2216.567
146,15,9156.250,9031.250,2254.236
147,15,9218.750,9031.250,2275.739
148,15,9281.250,9031.250,2277.644
149,15,9343.750,9031.250,2279.993
150,15,9406.250,9031.250,2288.314
151,15,9468.750,9031.250,2301.199
152,15,9531.250,9031.250,2299.567
153,15,9593.750,9031.250,2286.042
154,15,9656.250,9031.250,2278.921
155,15,9718.750,9031.250,2272.411
156,15,9781.250,9031.250,2248.751
157,15,9843.750,9031.250,2240.866
158,15,9906.250,9031.250,2262.758
159,15,9968.750,9031.250,2288.178
0,16,31.250,8968.750,1577.228
1,16,93.750,8968.750,1573.470
2,16,156.250,8968.750,1586.636
3,16,218.750,8968.750,1596.912
4,16,281.250,8968.750,1596.019
5,16,343.750,8968.750,1617.079
6,16,406.250,8968.750,1631.297
7,16,468.750,8968.750,1635.696
8,16,531.250,8968.750,1643.342
9,16,593.750,8968.750,1653.024
10,16,656.250,8968.750,1661.937
11,16,718.750,8968.750,1689.687
12,16,781.250,8968.750,1702.320
13,16,843.750,8968.750,1689.133
14,16,906.250,8968.750,1669.354
15,16,968.750,8968.750,1650.719
16,16,1031.250,8968.750,1654.008
17,16,1093.750,8968.750,1653.685
18,16,1156.250,8968.750,1635.612
19,16,1218.750,8968.750,1618.824
20,16,1281.250,8968.750,1608.124
21,16,1343.750,8968.750,1567.426
22,16,1406.250,8968.750,1539.318
23,16,1468.750,8968.750,1546.519
24,16,1531.250,8968.750,1558.062
25,16,1593.750,8968.750,1554.866
26,16,1656.250,8968.750,1546.372
27,16,1718.750,8968.750,1540.382
28,16,1781.250,8968.750,1555.374
29,16,1843.750,8968.750,1576.084
30,16,1906.250,8968.750,1566.331
31,16,1968.750,8968.750,1524.551
32,16,2031.250,8968.750,1502.191
33,16,2093.750,8968.750,1498.748
34,16,2156.250,8968.750,1489.903
35,16,2218.750,8968.750,1489.323
36,16,2281.250,8968.750,1510.701
37,16,2343.750,8968.750,1530.198
38,16,2406.250,8968.750,1529.808
39,16,2468.750,8968.750,1517.921
40,16,2531.250,8968.750,1513.256
41,16,2593.750,8968.750,1541.905
42,16,2656.250,8968.750,1579.562
43,16,2718.750,8968.750,1626.256
44,16,2781.250,8968.750,1688.470
45,16,2843.750,8968.750,1737.808
46,16,2906.250,8968.750,1757.183
47,16,2968.750,8968.750,1759.990
48,16,3031.250,8968.750,1762.992
49,16,3093.750,8968.750,1770.879
50,16,3156.250,8968.750,1777.810
51,16,3218.750,8968.750,1745.579
52,16,3281.250,8968.750,1716.886
53,16,3343.750,8968.750,1714.253
54,16,3406.250,8968.750,1715.672
55,16,3468.750,8968.750,1717.929
56,16,3531.250,8968.750,1750.381
57,16,3593.750,8968.750,1783.890
58,16,3656.250,8968.750,1824.665
59,16,3718.750,8968.750,1872.953
60,16,3781.250,8968.750,1893.810
61,16,3843.750,8968.750,1899.055
62,16,3906.250,8968.750,1899.371
63,16,3968.750,8968.750,1877.739
64,16,4031.250,8968.750,1847.343
65,16,4093.750,8968.750,1848.336
66,16,4156.250,8968.750,1887.180
67,16,4218.750,8968.750,1877.594
68,16,4281.250,8968.750,1885.350
69,16,4343.750,8968.750,1911.470
70,16,4406.250,8968.750,1920.622
71,16,4468.750,8968.750,1882.903
72,16,4531.250,8968.750,1833.515
73,16,4593.750,8968.750,1808.665
74,16,4656.250,8968.750,1787.900
75,16,4718.750,8968.750,1745.982
76,16,4781.250,8968.750,1682.387
77,16,4843.750,8968.750,1638.191
78,16,4906.250,8968.750,1631.924
79,16,4968.750,8968.750,1642.115
80,16,5031.250,8968.750,1652.708
81,16,5093.750,8968.750,1665.779
82,16,5156.250,8968.750,1682.500
83,16,5218.750,8968.750,1703.216
84,16,5281.250,8968.750,1721.572
85,16,5343.750,8968.750,1738.782
86,16,5406.250,8968.750,1780.580
87,16,5468.750,8968.750,1800.081
88,16,5531.250,8968.750,1773.699
89,16,5593.750,8968.750,1733.166
90,16,5656.250,8968.750,1697.232
91,16,5718.750,8968.750,1647.338
92,16,5781.250,8968.750,1594.047
93,16,5843.750,8968.750,1567.900
94,16,5906.250,8968.750,1553.902
95,16,5968.750,8968.750,1498.558
96,16,6031.250,8968.750,1410.508
97,16,6093.750,8968.750,1331.476
98,16,6156.250,8968.750,1264.954
99,16,6218.750,8968.750,1210.207
100,16,6281.250,8968.750,1208.048
101,16,6343.750,8968.750,1265.108
102,16,6406.250,8968.750,1314.982
103,16,6468.750,8968.750,1335.125
104,16,6531.250,8968.750,1351.328
105,16,6593.750,8968.750,1361.434
106,16,6656.250,8968.750,1359.816
107,16,6718.750,8968.750,1362.016
108,16,6781.250,8968.750,1363.939
109,16,6843.750,8968.750,1356.506
110,16,6906.250,8968.750,1344.754
111,16,6968.750,8968.750,1328.312
112,16,7031.250,8968.750,1321.782
113,16,7093.750,8968.750,1345.156
114,16,7156.250,8968.750,1385.213
115,16,7218.750,8968.750,1411.934
116,16,7281.250,8968.750,1428.538
117,16,7343.750,8968.750,1441.921
118,16,7406.250,8968.750,1422.785
119,16,7468.750,8968.750,1378.827
120,16,7531.250,8968.750,1378.030
121,16,7593.750,8968.750,1445.588
122,16,7656.250,8968.750,1509.643
123,16,7718.750,8968.750,1527.510
124,16,7781.250,8968.750,1533.787
125,16,7843.750,8968.750,1552.207
126,16,7906.250,8968.750,1562.596
127,16,7968.750,8968.750,1574.373
128,16,8031.250,8968.750,1610.175
129,16,8093.750,8968.750,1663.000
130,16,8156.250,8968.750,1716.196
131,16,8218.750,8968.750,1794.122
132,16,8281.250,8968.750,1894.007
133,16,8343.750,8968.750,1989.006
134,16,8406.250,8968.750,2068.844
135,16,8468.750,8968.750,2150.703
136,16,8531.250,8968.750,2095.543
137,16,8593.750,8968.750,2039.277
138,16,8656.250,8968.750,2021.058
139,16,8718.750,8968.750,2017.522
140,16,8781.250,8968.750,2029.741
141,16,8843.750,8968.750,2099.134
142,16,8906.250,8968.750,2169.543
143,16,8968.750,8968.750,2221.417
144,16,9031.250,8968.750,2225.858
145,16,9093.750,8968.750,2219.537
146,16,9156.250,8968.750,2253.309
147,16,9218.750,8968.750,2230.533
148,16,9281.250,8968.750,2240.124
149,16,9343.750,8968.750,2249.881
150,16,9406.250,8968.750,2264.863
151,16,9468.750,8968.750,2304.718
152,16,9531.250,8968.750,2296.155
153,16,9593.750,8968.750,2297.028
154,16,9656.250,8968.750,2312.402
155,16,9718.750,8968.750,2323.443
156,16,9781.250,8968.750,2302.469
157,16,9843.750,8968.750,2290.486
158,16,9906.250,8968.750,2297.483
159,16,9968.750,8968.750,2307.049
0,17,31.250,8906.250,1585.880
1,17,93.750,8906.250,1586.716
2,17,156.250,8906.250,1602.068
3,17,218.750,8906.250,1617.114
4,17,281.250,8906.250,1619.893
5,17,343.750,8906.250,1629.973
6,17,406.250,8906.250,1633.008
7,17,468.750,8906.250,1637.110
8,17,531.250,8906.250,1650.765
9,17,593.750,8906.250,1665.345
10,17,656.250,8906.250,1677.391
11,17,718.750,8906.250,1701.930
12,17,781.250,8906.250,1710.430
13,17,843.750,8906.250,1695.466
14,17,906.250,8906.250,1676.784
15,17,968.750,8906.250,1666.302
16,17,1031.250,8906.250,1687.454
17,17,1093.750,8906.250,1706.341
18,17,1156.250,8906.250,1703.665
19,17,1218.750,8906.250,1696.755
20,17,1281.250,8906.250,1686.730
21,17,1343.750,8906.250,1642.953
22,17,1406.250,8906.250,1607.085
23,17,1468.750,8906.250,1597.956
24,17,1531.250,8906.250,1592.196
25,17,1593.750,8906.250,1583.223
26,17,1656.250,8906.250,1576.268
27,17,1718.750,8906.250,1574.871
28,17,1781.250,8906.250,1594.345
29,17,1843.750,8906.250,1619.184
30,17,1906.250,8906.250,1613.756
31,17,1968.750,8906.250,1576.193
32,17,2031.250,8906.250,1547.901
33,17,2093.750,8906.250,1527.947
34,17,2156.250,8906.250,1505.461
35,17,2218.750,8906.250,1501.100
36,17,2281.250,8906.250,1528.050
37,17,2343.750,8906.250,1560.232
38,17,2406.250,8906.250,1572.077
39,17,2468.750,8906.250,1564.800
40,17,2531.250,8906.250,1556.858
41,17,2593.750,8906.250,1573.704
42,17,2656.250,8906.250,1601.764
43,17,2718.750,8906.250,1644.555
44,17,2781.250,8906.250,1702.441
45,17,2843.750,8906.250,1747.633
46,17,2906.250,8906.250,1765.081
47,17,2968.750,8906.250,1762.592
48,17,3031.250,8906.250,1756.671
49,17,3093.750,8906.250,1758.424
50,17,3156.250,8906.250,1768.332
51,17,3218.750,8906.250,1755.098
52,17,3281.250,8906.250,1746.505
53,17,3343.750,8906.250,1754.305
54,17,3406.250,8906.250,1759.103
55,17,3468.750,8906.250,1761.056
56,17,3531.250,8906.250,1783.387
57,17,3593.750,8906.250,1805.903
58,17,3656.250,8906.250,1839.582
59,17,3718.750,8906.250,1883.518
60,17,3781.250,8906.250,1902.991
61,17,3843.750,8906.250,1906.244
62,17,3906.250,8906.250,1905.476
63,17,3968.750,8906.250,1882.520
64,17,4031.250,8906.250,1849.167
65,17,4093.750,8906.250,1845.744
66,17,4156.250,8906.250,1881.486
67,17,4218.750,8906.250,1882.391
68,17,4281.250,8906.250,1881.024
69,17,4343.750,8906.250,1909.949
70,17,4406.250,8906.250,1926.339
71,17,4468.750,8906.250,1901.556
72,17,4531.250,8906.250,1866.957
73,17,4593.750,8906.250,1852.824
74,17,4656.250,8906.250,1841.303
75,17,4718.750,8906.250,1805.292
76,17,4781.250,8906.250,1740.130
77,17,4843.750,8906.250,1692.638
78,17,4906.250,8906.250,1682.263
79,17,4968.750,8906.250,1688.704
80,17,5031.250,8906.250,1701.246
81,17,5093.750,8906.250,1716.074
82,17,5156.250,8906.250,1729.228
83,17,5218.750,8906.250,1743.866
84,17,5281.250,8906.250,1757.057
85,17,5343.750,8906.250,1767.761
86,17,5406.250,8906.250,1805.548
87,17,5468.750,8906.250,1827.348
88,17,5531.250,8906.250,1806.663
89,17,5593.750,8906.250,1768.216
90,17,5656.250,8906.250,1731.115
91,17,5718.750,8906.250,1681.759
92,17,5781.250,8906.250,1624.148
93,17,5843.750,8906.250,1582.272
94,17,5906.250,8906.250,1553.620
95,17,5968.750,8906.250,1500.651
96,17,6031.250,8906.250,1423.252
97,17,6093.750,8906.250,1354.833
98,17,6156.250,8906.250,1297.818
99,17,6218.750,8906.250,1250.811
100,17,6281.250,8906.250,1247.032
101,17,6343.750,8906.250,1289.276
102,17,6406.250,8906.250,1325.168
103,17,6468.750,8906.250,1338.100
104,17,6531.250,8906.250,1349.080
105,17,6593.750,8906.250,1358.012
106,17,6656.250,8906.250,1362.516
107,17,6718.750,8906.250,1373.179
108,17,6781.250,8906.250,1380.740
109,17,6843.750,8906.250,1375.434
110,17,6906.250,8906.250,1359.981
111,17,6968.750,8906.250,1338.144
112,17,7031.250,8906.250,1320.003
113,17,7093.750,8906.250,1321.791
114,17,7156.250,8906.250,1339.310
115,17,7218.750,8906.250,1356.144
116,17,7281.250,8906.250,1372.840
117,17,7343.750,8906.250,1391.081
118,17,7406.250,8906.250,1387.678
119,17,7468.750,8906.250,1364.738
120,17,7531.250,8906.250,1369.177
121,17,7593.750,8906.250,1428.276
122,17,7656.250,8906.250,1490.497
123,17,7718.750,8906.250,1521.127
124,17,7781.250,8906.250,1540.593
125,17,7843.750,8906.250,1563.107
126,17,7906.250,8906.250,1572.976
127,17,7968.750,8906.250,1582.900
128,17,8031.250,8906.250,1615.364
129,17,8093.750,8906.250,1667.749
130,17,8156.250,8906.250,1728.975
131,17,8218.750,8906.250,1819.630
132,17,8281.250,8906.250,1924.946
133,17,8343.750,8906.250,2015.380
134,17,8406.250,8906.250,2088.560
135,17,8468.750,8906.250,2166.328
136,17,8531.250,8906.250,2132.804
137,17,8593.750,8906.250,2073.087
138,17,8656.250,8906.250,2044.626
139,17,8718.750,8906.250,2033.282
140,17,8781.250,8906.250,2042.418
141,17,8843.750,8906.250,2101.995
142,17,8906.250,8906.250,2162.582
143,17,8968.750,8906.250,2205.069
144,17,9031.250,8906.250,2241.243
145,17,9093.750,8906.250,2254.522
146,17,9156.250,8906.250,2220.238
147,17,9218.750,8906.250,2201.993
148,17,9281.250,8906.250,2215.013
149,17,9343.750,8906.250,2228.003
150,17,9406.250,8906.250,2245.588
151,17,9468.750,8906.250,2295.820
152,17,9531.250,8906.250,2298.788
153,17,9593.750,8906.250,2281.112
154,17,9656.250,8906.250,2285.819
155,17,9718.750,8906.250,2307.733
156,17,9781.250,8906.250,2352.507
157,17,9843.750,8906.250,2350.688
158,17,9906.250,8906.250,2350.873
159,17,9968.750,8906.250,2357.000
0,18,31.250,8843.750,1592.592
1,18,93.750,8843.750,1598.482
2,18,156.250,8843.750,1612.861
3,18,218.750,8843.750,1642.855
4,18,281.250,8843.750,1672.935
5,18,343.750,8843.750,1678.999
6,18,406.250,8843.750,1665.301
7,18,468.750,8843.750,1662.385
8,18,531.250,8843.750,1673.587
9,18,593.750,8843.750,1682.110
10,18,656.250,8843.750,1692.726
11,18,718.750,8843.750,1709.564
12,18,781.250,8843.750,1712.354
13,18,843.750,8843.750,1698.681
14,18,906.250,8843.750,1683.934
15,18,968.750,8843.750,1681.455
16,18,1031.250,8843.750,1720.856
17,18,1093.750,8843.750,1758.102
18,18,1156.250,8843.750,1771.579
19,18,1218.750,8843.750,1777.785
20,18,1281.250,8843.750,1770.884
21,18,1343.750,8843.750,1730.036
22,18,1406.250,8843.750,1691.411
23,18,1468.750,8843.750,1660.357
24,18,1531.250,8843.750,1626.537
25,18,1593.750,8843.750,1609.270
26,18,1656.250,8843.750,1603.106
27,18,1718.750,8843.750,1604.828
28,18,1781.250,8843.750,1624.489
29,18,1843.750,8843.750,1648.902
30,18,1906.250,8843.750,1651.592
31,18,1968.750,8843.750,1639.292
32,18,2031.250,8843.750,1620.135
33,18,2093.750,8843.750,1588.373
34,18,2156.250,8843.750,1556.793
35,18,2218.750,8843.750,1550.232
36,18,2281.250,8843.750,1577.389
37,18,2343.750,8843.750,1612.803
38,18,2406.250,8843.750,1627.391
39,18,2468.750,8843.750,1619.205
40,18,2531.250,8843.750,1604.446
41,18,2593.750,8843.750,1595.325
42,18,2656.250,8843.750,1604.522
43,18,2718.750,8843.750,1644.874
44,18,2781.250,8843.750,1701.219
45,18,2843.750,8843.750,1743.787
46,18,2906.250,8843.750,1762.948
47,18,2968.750,8843.750,1761.030
48,18,3031.250,8843.750,1753.325
49,18,3093.750,8843.750,1754.830
50,18,3156.250,8843.750,1770.379
51,18,3218.750,8843.750,1785.787
52,18,3281.250,8843.750,1800.495
53,18,3343.750,8843.750,1811.096
54,18,3406.250,8843.750,1814.281
55,18,3468.750,8843.750,1816.876
56,18,3531.250,8843.750,1825.477
57,18,3593.750,8843.750,1834.343
58,18,3656.250,8843.750,1861.217
59,18,3718.750,8843.750,1899.869
60,18,3781.250,8843.750,1915.833
61,18,3843.750,8843.750,1913.420
62,18,3906.250,8843.750,1910.323
63,18,3968.750,8843.750,1885.823
64,18,4031.250,8843.750,1847.630
65,18,4093.750,8843.750,1839.465
66,18,4156.250,8843.750,1867.408
67,18,4218.750,8843.750,1903.341
68,18,4281.250,8843.750,1898.072
69,18,4343.750,8843.750,1905.473
70,18,4406.250,8843.750,1922.675
71,18,4468.750,8843.750,1917.457
72,18,4531.250,8843.750,1903.474
73,18,4593.750,8843.750,1906.369
74,18,4656.250,8843.750,1891.233
75,18,4718.750,8843.750,1881.070
76,18,4781.250,8843.750,1809.397
77,18,4843.750,8843.750,1756.212
78,18,4906.250,8843.750,1739.624
79,18,4968.750,8843.750,1737.120
80,18,5031.250,8843.750,1750.881
81,18,5093.750,8843.750,1773.583
82,18,5156.250,8843.750,1787.752
83,18,5218.750,8843.750,1800.361
84,18,5281.250,8843.750,1814.112
85,18,5343.750,8843.750,1816.744
86,18,5406.250,8843.750,1838.172
87,18,5468.750,8843.750,1853.853
88,18,5531.250,8843.750,1836.015
89,18,5593.750,8843.750,1795.950
90,18,5656.250,8843.750,1757.880
91,18,5718.750,8843.750,1720.842
92,18,5781.250,8843.750,1667.443
93,18,5843.750,8843.750,1599.118
94,18,5906.250,8843.750,1537.854
95,18,5968.750,8843.750,1485.310
96,18,6031.250,8843.750,1426.594
97,18,6093.750,8843.750,1372.707
98,18,6156.250,8843.750,1325.999
99,18,6218.750,8843.750,1289.741
100,18,6281.250,8843.750,1281.260
101,18,6343.750,8843.750,1289.373
102,18,6406.250,8843.750,1298.206
103,18,6468.750,8843.750,1306.269
104,18,6531.250,8843.750,1317.319
105,18,6593.750,8843.750,1327.765
106,18,6656.250,8843.750,1342.717
107,18,6718.750,8843.750,1363.823
108,18,6781.250,8843.750,1382.792
109,18,6843.750,8843.750,1389.060
110,18,6906.250,8843.750,1375.474
111,18,6968.750,8843.750,1355.418
112,18,7031.250,8843.750,1330.350
113,18,7093.750,8843.750,1300.062
114,18,7156.250,8843.750,1278.464
115,18,7218.750,8843.750,1283.995
116,18,7281.250,8843.750,1305.284
117,18,7343.750,8843.750,1330.684
118,18,7406.250,8843.750,1355.666
119,18,7468.750,8843.750,1373.344
120,18,7531.250,8843.750,1380.036
121,18,7593.750,8843.750,1402.834
122,18,7656.250,8843.750,1444.556
123,18,7718.750,8843.750,1493.382
124,18,7781.250,8843.750,1536.340
125,18,7843.750,8843.750,1566.005
126,18,7906.250,8843.750,1577.839
127,18,7968.750,8843.750,1588.631
128,18,8031.250,8843.750,1615.191
129,18,8093.750,8843.750,1659.584
130,18,8156.250,8843.750,1726.633
131,18,8218.750,8843.750,1839.855
132,18,8281.250,8843.750,1958.459
133,18,8343.750,8843.750,2040.119
134,18,8406.250,8843.750,2099.721
135,18,8468.750,8843.750,2169.538
136,18,8531.250,8843.750,2180.391
137,18,8593.750,8843.750,2129.757
138,18,8656.250,8843.750,2093.855
139,18,8718.750,8843.750,2072.205
140,18,8781.250,8843.750,2073.518
141,18,8843.750,8843.750,2109.444
142,18,8906.250,8843.750,2151.391
143,18,8968.750,8843.750,2182.762
144,18,9031.250,8843.750,2206.471
145,18,9093.750,8843.750,2218.391
146,18,9156.250,8843.750,2199.451
147,18,9218.750,8843.750,2189.893
148,18,9281.250,8843.750,2198.339
149,18,9343.750,8843.750,2207.255
150,18,9406.250,8843.750,2225.309
151,18,9468.750,8843.750,2281.779
152,18,9531.250,8843.750,2304.121
153,18,9593.750,8843.750,2273.318
154,18,9656.250,8843.750,2271.131
155,18,9718.750,8843.750,2287.280
156,18,9781.250,8843.750,2314.706
157,18,9843.750,8843.750,2344.298
158,18,9906.250,8843.750,2367.802
159,18,9968.750,8843.750,2383.290
0,19,31.250,8781.250,1630.405
1,19,93.750,8781.250,1633.547
2,19,156.250,8781.250,1637.860
3,19,218.750,8781.250,1674.884
4,19,281.250,8781.250,1729.173
5,19,343.750,8781.250,1735.538
6,19,406.250,8781.250,1709.644
7,19,468.750,8781.250,1698.483
8,19,531.250,8781.250,1701.018
9,19,593.750,8781.250,1697.310
10,19,656.250,8781.250,1703.449
11,19,718.750,8781.250,1715.137
12,19,781.250,8781.250,1715.546
13,19,843.750,8781.250,1705.767
14,19,906.250,8781.250,1696.681
15,19,968.750,8781.250,1702.150
16,19,1031.250,8781.250,1756.744
17,19,1093.750,8781.250,1808.282
18,19,1156.250,8781.250,1833.798
19,19,1218.750,8781.250,1849.569
20,19,1281.250,8781.250,1844.725
21,19,1343.750,8781.250,1807.230
22,19,1406.250,8781.250,1770.468
23,19,1468.750,8781.250,1726.889
24,19,1531.250,8781.250,1673.563
25,19,1593.750,8781.250,1648.626
26,19,1656.250,8781.250,1637.474
27,19,1718.750,8781.250,1634.767
28,19,1781.250,8781.250,1649.876
29,19,1843.750,8781.250,1674.674
30,19,1906.250,8781.250,1689.518
31,19,1968.750,8781.250,1705.986
32,19,2031.250,8781.250,1699.398
33,19,2093.750,8781.250,1661.089
34,19,2156.250,8781.250,1624.134
35,19,2218.750,8781.250,1615.685
36,19,2281.250,8781.250,1639.328
37,19,2343.750,8781.250,1669.743
38,19,2406.250,8781.250,1678.964
39,19,2468.750,8781.250,1666.483
40,19,2531.250,8781.250,1646.208
41,19,2593.750,8781.250,1615.621
42,19,2656.250,8781.250,1609.146
43,19,2718.750,8781.250,1646.605
44,19,2781.250,8781.250,1698.643
45,19,2843.750,8781.250,1735.409
46,19,2906.250,8781.250,1754.324
47,19,2968.750,8781.250,1756.676
48,19,3031.250,8781.250,1754.971
49,19,3093.750,8781.250,1762.366
50,19,3156.250,8781.250,1783.122
51,19,3218.750,8781.250,1820.635
52,19,3281.250,8781.250,1852.203
53,19,3343.750,8781.250,1863.186
54,19,3406.250,8781.250,1865.401
55,19,3468.750,8781.250,1870.800
56,19,3531.250,8781.250,1871.045
57,19,3593.750,8781.250,1871.130
58,19,3656.250,8781.250,1892.401
59,19,3718.750,8781.250,1924.720
60,19,3781.250,8781.250,1935.445
61,19,3843.750,8781.250,1928.006
62,19,3906.250,8781.250,1924.040
63,19,3968.750,8781.250,1899.377
64,19,4031.250,8781.250,1857.084
65,19,4093.750,8781.250,1845.852
66,19,4156.250,8781.250,1867.783
67,19,4218.750,8781.250,1900.654
68,19,4281.250,8781.250,1923.526
69,19,4343.750,8781.250,1908.126
70,19,4406.250,8781.250,1920.054
71,19,4468.750,8781.250,1928.640
72,19,4531.250,8781.250,1913.586
73,19,4593.750,8781.250,1867.142
74,19,4656.250,8781.250,1821.618
75,19,4718.750,8781.250,1829.397
76,19,4781.250,8781.250,1876.181
77,19,4843.750,8781.250,1821.853
78,19,4906.250,8781.250,1802.936
79,19,4968.750,8781.250,1793.751
80,19,5031.250,8781.250,1807.670
81,19,5093.750,8781.250,1836.284
82,19,5156.250,8781.250,1851.114
83,19,5218.750,8781.250,1861.389
84,19,5281.250,8781.250,1874.368
85,19,5343.750,8781.250,1867.829
86,19,5406.250,8781.250,1872.154
87,19,5468.750,8781.250,1880.795
88,19,5531.250,8781.250,1863.921
89,19,5593.750,8781.250,1820.137
90,19,5656.250,8781.250,1779.111
91,19,5718.750,8781.250,1751.988
92,19,5781.250,8781.250,1703.200
93,19,5843.750,8781.250,1614.351
94,19,5906.250,8781.250,1526.296
95,19,5968.750,8781.250,1474.337
96,19,6031.250,8781.250,1431.953
97,19,6093.750,8781.250,1390.815
98,19,6156.250,8781.250,1353.038
99,19,6218.750,8781.250,1326.019
100,19,6281.250,8781.250,1313.183
101,19,6343.750,8781.250,1290.814
102,19,6406.250,8781.250,1275.597
103,19,6468.750,8781.250,1280.136
104,19,6531.250,8781.250,1292.440
105,19,6593.750,8781.250,1303.773
106,19,6656.250,8781.250,1326.069
107,19,6718.750,8781.250,1354.400
108,19,6781.250,8781.250,1384.946
109,19,6843.750,8781.250,1405.039
110,19,6906.250,8781.250,1396.035
111,19,6968.750,8781.250,1376.874
112,19,7031.250,8781.250,1343.056
113,19,7093.750,8781.250,1281.819
114,19,7156.250,8781.250,1224.608
115,19,7218.750,8781.250,1221.743
116,19,7281.250,8781.250,1249.185
117,19,7343.750,8781.250,1281.189
118,19,7406.250,8781.250,1328.229
119,19,7468.750,8781.250,1378.958
120,19,7531.250,8781.250,1386.937
121,19,7593.750,8781.250,1378.204
122,19,7656.250,8781.250,1399.851
123,19,7718.750,8781.250,1460.124
124,19,7781.250,8781.250,1520.550
125,19,7843.750,8781.250,1557.884
126,19,7906.250,8781.250,1575.480
127,19,7968.750,8781.250,1591.558
128,19,8031.250,8781.250,1616.190
129,19,8093.750,8781.250,1655.147
130,19,8156.250,8781.250,1728.033
131,19,8218.750,8781.250,1861.604
132,19,8281.250,8781.250,1991.962
133,19,8343.750,8781.250,2063.661
134,19,8406.250,8781.250,2107.806
135,19,8468.750,8781.250,2167.752
136,19,8531.250,8781.250,2214.835
137,19,8593.750,8781.250,2176.082
138,19,8656.250,8781.250,2137.477
139,19,8718.750,8781.250,2108.372
140,19,8781.250,8781.250,2103.007
141,19,8843.750,8781.250,2119.006
142,19,8906.250,8781.250,2145.669
143,19,8968.750,8781.250,2168.896
144,19,9031.250,8781.250,2185.243
145,19,9093.750,8781.250,2199.093
146,19,9156.250,8781.250,2194.441
147,19,9218.750,8781.250,2190.140
148,19,9281.250,8781.250,2190.857
149,19,9343.750,8781.250,2193.258
150,19,9406.250,8781.250,2210.885
151,19,9468.750,8781.250,2270.660
152,19,9531.250,8781.250,2312.411
153,19,9593.750,8781.250,2273.594
154,19,9656.250,8781.250,2267.145
155,19,9718.750,8781.250,2277.334
156,19,9781.250,8781.250,2286.935
157,19,9843.750,8781.250,2306.755
158,19,9906.250,8781.250,2327.687
159,19,9968.750,8781.250,2337.294
0,20,31.250,8718.750,1715.629
1,20,93.750,8718.750,1705.421
2,20,156.250,8718.750,1692.000
3,20,218.750,8718.750,1715.954
4,20,281.250,8718.750,1765.294
5,20,343.750,8718.750,1770.354
6,20,406.250,8718.750,1746.296
7,20,468.750,8718.750,1733.174
8,20,531.250,8718.750,1725.672
9,20,593.750,8718.750,1711.047
10,20,656.250,8718.750,1714.398
11,20,718.750,8718.750,1731.340
12,20,781.250,8718.750,1738.026
13,20,843.750,8718.750,1732.257
14,20,906.250,8718.750,1726.248
15,20,968.750,8718.750,1737.691
16,20,1031.250,8718.750,1798.987
17,20,1093.750,8718.750,1856.068
18,20,1156.250,8718.750,1885.468
19,20,1218.750,8718.750,1903.112
20,20,1281.250,8718.750,1898.209
21,20,1343.750,8718.750,1861.248
22,20,1406.250,8718.750,1827.211
23,20,1468.750,8718.750,1787.337
24,20,1531.250,8718.750,1735.815
25,20,1593.750,8718.750,1707.393
26,20,1656.250,8718.750,1689.319
27,20,1718.750,8718.750,1678.674
28,20,1781.250,8718.750,1686.462
29,20,1843.750,8718.750,1710.692
30,20,1906.250,8718.750,1733.754
31,20,1968.750,8718.750,1759.902
32,20,2031.250,8718.750,1756.847
33,20,2093.750,8718.750,1719.837
34,20,2156.250,8718.750,1684.239
35,20,2218.750,8718.750,1674.244
36,20,2281.250,8718.750,1690.893
37,20,2343.750,8718.750,1711.185
38,20,2406.250,8718.750,1712.434
39,20,2468.750,8718.750,1696.343
40,20,2531.250,8718.750,1674.803
41,20,2593.750,8718.750,1640.762
42,20,2656.250,8718.750,1630.392
43,20,2718.750,8718.750,1663.487
44,20,2781.250,8718.750,1708.278
45,20,2843.750,8718.750,1737.457
46,20,2906.250,8718.750,1752.880
47,20,2968.750,8718.750,1758.619
48,20,3031.250,8718.750,1764.479
49,20,3093.750,8718.750,1778.557
50,20,3156.250,8718.750,1800.304
51,20,3218.750,8718.750,1838.274
52,20,3281.250,8718.750,1870.950
53,20,3343.750,8718.750,1885.102
54,20,3406.250,8718.750,1893.448
55,20,3468.750,8718.750,1905.068
56,20,3531.250,8718.750,1908.887
57,20,3593.750,8718.750,1911.216
58,20,3656.250,8718.750,1930.976
59,20,3718.750,8718.750,1958.243
60,20,3781.250,8718.750,1964.134
61,20,3843.750,8718.750,1953.973
62,20,3906.250,8718.750,1949.449
63,20,3968.750,8718.750,1926.533
64,20,4031.250,8718.750,1885.010
65,20,4093.750,8718.750,1873.357
66,20,4156.250,8718.750,1895.289
67,20,4218.750,8718.750,1926.710
68,20,4281.250,8718.750,1935.780
69,20,4343.750,8718.750,1914.414
70,20,4406.250,8718.750,1922.328
71,20,4468.750,8718.750,1916.161
72,20,4531.250,8718.750,1884.116
73,20,4593.750,8718.750,1831.641
74,20,4656.250,8718.750,1780.568
75,20,4718.750,8718.750,1777.735
76,20,4781.250,8718.750,1831.974
77,20,4843.750,8718.750,1875.415
78,20,4906.250,8718.750,1878.228
79,20,4968.750,8718.750,1870.820
80,20,5031.250,8718.750,1884.457
81,20,5093.750,8718.750,1911.113
82,20,5156.250,8718.750,1922.528
83,20,5218.750,8718.750,1925.746
84,20,5281.250,8718.750,1929.158
85,20,5343.750,8718.750,1913.098
86,20,5406.250,8718.750,1908.430
87,20,5468.750,8718.750,1911.520
88,20,5531.250,8718.750,1889.942
89,20,5593.750,8718.750,1839.710
90,20,5656.250,8718.750,1793.072
91,20,5718.750,8718.750,1763.955
92,20,5781.250,8718.750,1715.072
93,20,5843.750,8718.750,1624.994
94,20,5906.250,8718.750,1535.072
95,20,5968.750,8718.750,1485.855
96,20,6031.250,8718.750,1448.499
97,20,6093.750,8718.750,1412.077
98,20,6156.250,8718.750,1378.505
99,20,6218.750,8718.750,1354.666
100,20,6281.250,8718.750,1340.956
101,20,6343.750,8718.750,1313.045
102,20,6406.250,8718.750,1292.256
103,20,6468.750,8718.750,1295.693
104,20,6531.250,8718.750,1309.358
105,20,6593.750,8718.750,1319.937
106,20,6656.250,8718.750,1341.576
107,20,6718.750,8718.750,1369.289
108,20,6781.250,8718.750,1401.559
109,20,6843.750,8718.750,1424.469
110,20,6906.250,8718.750,1417.104
111,20,6968.750,8718.750,1392.507
112,20,7031.250,8718.750,1347.963
113,20,7093.750,8718.750,1272.653
114,20,7156.250,8718.750,1202.561
115,20,7218.750,8718.750,1194.839
116,20,7281.250,8718.750,1223.550
117,20,7343.750,8718.750,1256.013
118,20,7406.250,8718.750,1300.243
119,20,7468.750,8718.750,1350.199
120,20,7531.250,8718.750,1359.372
121,20,7593.750,8718.750,1352.487
122,20,7656.250,8718.750,1374.929
123,20,7718.750,8718.750,1436.004
124,20,7781.250,8718.750,1499.181
125,20,7843.750,8718.750,1543.792
126,20,7906.250,8718.750,1573.714
127,20,7968.750,8718.750,1600.984
128,20,8031.250,8718.750,1631.251
129,20,8093.750,8718.750,1673.067
130,20,8156.250,8718.750,1749.117
131,20,8218.750,8718.750,1883.747
132,20,8281.250,8718.750,2013.350
133,20,8343.750,8718.750,2082.751
134,20,8406.250,8718.750,2123.346
135,20,8468.750,8718.750,2176.597
136,20,8531.250,8718.750,2223.610
137,20,8593.750,8718.750,2193.600
138,20,8656.250,8718.750,2157.561
139,20,8718.750,8718.750,2126.788
140,20,8781.250,8718.750,2119.112
141,20,8843.750,8718.750,2131.716
142,20,8906.250,8718.750,2154.991
143,20,8968.750,8718.750,2174.598
144,20,9031.250,8718.750,2189.086
145,20,9093.750,8718.750,2203.742
146,20,9156.250,8718.750,2199.381
147,20,9218.750,8718.750,2190.866
148,20,9281.250,8718.750,2186.817
149,20,9343.750,8718.750,2187.552
150,20,9406.250,8718.750,2205.083
151,20,9468.750,8718.750,2264.303
152,20,9531.250,8718.750,2324.827
153,20,9593.750,8718.750,2282.432
154,20,9656.250,8718.750,2271.562
155,20,9718.750,8718.750,2277.995
156,20,9781.250,8718.750,2284.284
157,20,9843.750,8718.750,2300.811
158,20,9906.250,8718.750,2316.307
159,20,9968.750,8718.750,2320.403
0,21,31.250,8656.250,1822.353
1,21,93.750,8656.250,1789.691
2,21,156.250,8656.250,1755.904
3,21,218.750,8656.250,1756.149
4,21,281.250,8656.250,1777.386
5,21,343.750,8656.250,1779.671
6,21,406.250,8656.250,1781.864
7,21,468.750,8656.250,1783.518
8,21,531.250,8656.250,1762.570
9,21,593.750,8656.250,1731.613
10,21,656.250,8656.250,1735.320
11,21,718.750,8656.250,1772.346
12,21,781.250,8656.250,1795.720
13,21,843.750,8656.250,1783.677
14,21,906.250,8656.250,1763.718
15,21,968.750,8656.250,1776.566
16,21,1031.250,8656.250,1837.857
17,21,1093.750,8656.250,1892.640
18,21,1156.250,8656.250,1918.705
19,21,1218.750,8656.250,1932.791
20,21,1281.250,8656.250,1927.766
21,21,1343.750,8656.250,1893.922
22,21,1406.250,8656.250,1862.817
23,21,1468.750,8656.250,1835.640
24,21,1531.250,8656.250,1801.932
25,21,1593.750,8656.250,1776.351
26,21,1656.250,8656.250,1764.038
27,21,1718.750,8656.250,1755.890
28,21,1781.250,8656.250,1749.723
29,21,1843.750,8656.250,1756.804
30,21,1906.250,8656.250,1777.586
31,21,1968.750,8656.250,1795.146
32,21,2031.250,8656.250,1785.641
33,21,2093.750,8656.250,1757.156
34,21,2156.250,8656.250,1733.653
35,21,2218.750,8656.250,1721.541
36,21,2281.250,8656.250,1721.298
37,21,2343.750,8656.250,1728.942
38,21,2406.250,8656.250,1730.796
39,21,2468.750,8656.250,1718.736
40,21,2531.250,8656.250,1698.824
41,21,2593.750,8656.250,1668.515
42,21,2656.250,8656.250,1657.319
43,21,2718.750,8656.250,1683.891
44,21,2781.250,8656.250,1721.518
45,21,2843.750,8656.250,1745.962
46,21,2906.250,8656.250,1764.698
47,21,2968.750,8656.250,1775.380
48,21,3031.250,8656.250,1783.899
49,21,3093.750,8656.250,1799.955
50,21,3156.250,8656.250,1818.663
51,21,3218.750,8656.250,1841.426
52,21,3281.250,8656.250,1864.452
53,21,3343.750,8656.250,1887.275
54,21,3406.250,8656.250,1910.559
55,21,3468.750,8656.250,1928.929
56,21,3531.250,8656.250,1937.325
57,21,3593.750,8656.250,1947.295
58,21,3656.250,8656.250,1961.988
59,21,3718.750,8656.250,1942.181
60,21,3781.250,8656.250,1939.003
61,21,3843.750,8656.250,1951.154
62,21,3906.250,8656.250,1960.972
63,21,3968.750,8656.250,1944.472
64,21,4031.250,8656.250,1915.530
65,21,4093.750,8656.250,1906.700
66,21,4156.250,8656.250,1934.443
67,21,4218.750,8656.250,1948.465
68,21,4281.250,8656.250,1927.546
69,21,4343.750,8656.250,1914.869
70,21,4406.250,8656.250,1927.452
71,21,4468.750,8656.250,1893.909
72,21,4531.250,8656.250,1845.967
73,21,4593.750,8656.250,1803.709
74,21,4656.250,8656.250,1770.791
75,21,4718.750,8656.250,1756.327
76,21,4781.250,8656.250,1764.673
77,21,4843.750,8656.250,1778.023
78,21,4906.250,8656.250,1790.164
79,21,4968.750,8656.250,1805.826
80,21,5031.250,8656.250,1819.438
81,21,5093.750,8656.250,1831.018
82,21,5156.250,8656.250,1853.292
83,21,5218.750,8656.250,1881.519
84,21,5281.250,8656.250,1908.986
85,21,5343.750,8656.250,1938.829
86,21,5406.250,8656.250,1952.041
87,21,5468.750,8656.250,1947.665
88,21,5531.250,8656.250,1911.012
89,21,5593.750,8656.250,1846.987
90,21,5656.250,8656.250,1794.872
91,21,5718.750,8656.250,1764.284
92,21,5781.250,8656.250,1718.282
93,21,5843.750,8656.250,1633.747
94,21,5906.250,8656.250,1548.169
95,21,5968.750,8656.250,1501.146
96,21,6031.250,8656.250,1461.312
97,21,6093.750,8656.250,1423.430
98,21,6156.250,8656.250,1392.379
99,21,6218.750,8656.250,1371.172
100,21,6281.250,8656.250,1359.652
101,21,6343.750,8656.250,1343.237
102,21,6406.250,8656.250,1329.837
103,21,6468.750,8656.250,1339.841
104,21,6531.250,8656.250,1363.668
105,21,6593.750,8656.250,1374.591
106,21,6656.250,8656.250,1391.261
107,21,6718.750,8656.250,1411.374
108,21,6781.250,8656.250,1425.117
109,21,6843.750,8656.250,1425.997
110,21,6906.250,8656.250,1413.497
111,21,6968.750,8656.250,1382.580
112,21,7031.250,8656.250,1333.802
113,21,7093.750,8656.250,1262.763
114,21,7156.250,8656.250,1197.238
115,21,7218.750,8656.250,1185.938
116,21,7281.250,8656.250,1215.398
117,21,7343.750,8656.250,1244.202
118,21,7406.250,8656.250,1261.780
119,21,7468.750,8656.250,1280.078
120,21,7531.250,8656.250,1288.832
121,21,7593.750,8656.250,1304.998
122,21,7656.250,8656.250,1344.211
123,21,7718.750,8656.250,1405.209
124,21,7781.250,8656.250,1467.314
125,21,7843.750,8656.250,1523.523
126,21,7906.250,8656.250,1585.134
127,21,7968.750,8656.250,1637.298
128,21,8031.250,8656.250,1675.077
129,21,8093.750,8656.250,1719.563
130,21,8156.250,8656.250,1792.173
131,21,8218.750,8656.250,1900.726
132,21,8281.250,8656.250,2010.913
133,21,8343.750,8656.250,2094.012
134,21,8406.250,8656.250,2157.994
135,21,8468.750,8656.250,2207.909
136,21,8531.250,8656.250,2226.893
137,21,8593.750,8656.250,2214.700
138,21,8656.250,8656.250,2179.001
139,21,8718.750,8656.250,2143.197
140,21,8781.250,8656.250,2134.699
141,21,8843.750,8656.250,2153.773
142,21,8906.250,8656.250,2179.705
143,21,8968.750,8656.250,2190.827
144,21,9031.250,8656.250,2195.193
145,21,9093.750,8656.250,2206.314
146,21,9156.250,8656.250,2195.227
147,21,9218.750,8656.250,2179.058
148,21,9281.250,8656.250,2182.117
149,21,9343.750,8656.250,2198.895
150,21,9406.250,8656.250,2216.359
151,21,9468.750,8656.250,2257.182
152,21,9531.250,8656.250,2317.865
153,21,9593.750,8656.250,2307.465
154,21,9656.250,8656.250,2285.738
155,21,9718.750,8656.250,2289.998
156,21,9781.250,8656.250,2309.876
157,21,9843.750,8656.250,2332.616
158,21,9906.250,8656.250,2343.071
159,21,9968.750,8656.250,2344.679
0,22,31.250,8593.750,1914.238
1,22,93.750,8593.750,1863.239
2,22,156.250,8593.750,1816.021
3,22,218.750,8593.750,1796.362
4,22,281.250,8593.750,1788.077
5,22,343.750,8593.750,1788.357
6,22,406.250,8593.750,1821.247
7,22,468.750,8593.750,1841.034
8,22,531.250,8593.750,1807.990
9,22,593.750,8593.750,1761.973
10,22,656.250,8593.750,1767.725
11,22,718.750,8593.750,1827.503
12,22,781.250,8593.750,1870.500
13,22,843.750,8593.750,1851.709
14,22,906.250,8593.750,1815.196
15,22,968.750,8593.750,1825.581
16,22,1031.250,8593.750,1879.426
17,22,1093.750,8593.750,1924.100
18,22,1156.250,8593.750,1942.248
19,22,1218.750,8593.750,1952.338
20,22,1281.250,8593.750,1949.921
21,22,1343.750,8593.750,1921.215
22,22,1406.250,8593.750,1890.202
23,22,1468.750,8593.750,1871.509
24,22,1531.250,8593.750,1854.134
25,22,1593.750,8593.750,1833.901
26,22,1656.250,8593.750,1834.725
27,22,1718.750,8593.750,1836.531
28,22,1781.250,8593.750,1818.342
29,22,1843.750,8593.750,1804.002
30,22,1906.250,8593.750,1816.692
31,22,1968.750,8593.750,1819.149
32,22,2031.250,8593.750,1800.176
33,22,2093.750,8593.750,1781.959
34,22,2156.250,8593.750,1773.767
35,22,2218.750,8593.750,1760.535
36,22,2281.250,8593.750,1743.385
37,22,2343.750,8593.750,1741.733
38,22,2406.250,8593.750,1749.910
39,22,2468.750,8593.750,1746.069
40,22,2531.250,8593.750,1728.613
41,22,2593.750,8593.750,1701.288
42,22,2656.250,8593.750,1687.415
43,22,2718.750,8593.750,1706.710
44,22,2781.250,8593.750,1740.798
45,22,2843.750,8593.750,1765.991
46,22,2906.250,8593.750,1792.176
47,22,2968.750,8593.750,1806.354
48,22,3031.250,8593.750,1812.330
49,22,3093.750,8593.750,1825.750
50,22,3156.250,8593.750,1839.505
51,22,3218.750,8593.750,1841.801
52,22,3281.250,8593.750,1849.553
53,22,3343.750,8593.750,1878.572
54,22,3406.250,8593.750,1916.112
55,22,3468.750,8593.750,1940.067
56,22,3531.250,8593.750,1954.214
57,22,3593.750,8593.750,1939.263
58,22,3656.250,8593.750,1911.070
59,22,3718.750,8593.750,1891.802
60,22,3781.250,8593.750,1893.275
61,22,3843.750,8593.750,1920.330
62,22,3906.250,8593.750,1949.100
63,22,3968.750,8593.750,1957.959
64,22,4031.250,8593.750,1942.007
65,22,4093.750,8593.750,1934.053
66,22,4156.250,8593.750,1953.043
67,22,4218.750,8593.750,1921.483
68,22,4281.250,8593.750,1914.302
69,22,4343.750,8593.750,1917.524
70,22,4406.250,8593.750,1934.951
71,22,4468.750,8593.750,1866.049
72,22,4531.250,8593.750,1802.084
73,22,4593.750,8593.750,1773.609
74,22,4656.250,8593.750,1764.105
75,22,4718.750,8593.750,1739.969
76,22,4781.250,8593.750,1699.923
77,22,4843.750,8593.750,1682.713
78,22,4906.250,8593.750,1691.971
79,22,4968.750,8593.750,1703.719
80,22,5031.250,8593.750,1716.747
81,22,5093.750,8593.750,1732.294
82,22,5156.250,8593.750,1757.058
83,22,5218.750,8593.750,1798.942
84,22,5281.250,8593.750,1850.464
85,22,5343.750,8593.750,1891.114
86,22,5406.250,8593.750,1911.693
87,22,5468.750,8593.750,1935.187
88,22,5531.250,8593.750,1928.599
89,22,5593.750,8593.750,1848.458
90,22,5656.250,8593.750,1792.755
91,22,5718.750,8593.750,1764.952
92,22,5781.250,8593.750,1726.184
93,22,5843.750,8593.750,1649.337
94,22,5906.250,8593.750,1567.291
95,22,5968.750,8593.750,1519.367
96,22,6031.250,8593.750,1473.432
97,22,6093.750,8593.750,1431.007
98,22,6156.250,8593.750,1400.192
99,22,6218.750,8593.750,1380.316
100,22,6281.250,8593.750,1371.671
101,22,6343.750,8593.750,1372.189
102,22,6406.250,8593.750,1372.024
103,22,6468.750,8593.750,1392.522
104,22,6531.250,8593.750,1429.273
105,22,6593.750,8593.750,1441.885
106,22,6656.250,8593.750,1451.916
107,22,6718.750,8593.750,1459.903
108,22,6781.250,8593.750,1445.930
109,22,6843.750,8593.750,1415.076
110,22,6906.250,8593.750,1394.241
111,22,6968.750,8593.750,1359.718
112,22,7031.250,8593.750,1312.199
113,22,7093.750,8593.750,1252.684
114,22,7156.250,8593.750,1197.476
115,22,7218.750,8593.750,1180.050
116,22,7281.250,8593.750,1203.583
117,22,7343.750,8593.750,1221.936
118,22,7406.250,8593.750,1207.024
119,22,7468.750,8593.750,1189.315
120,22,7531.250,8593.750,1198.989
121,22,7593.750,8593.750,1241.262
122,22,7656.250,8593.750,1301.887
123,22,7718.750,8593.750,1368.425
124,22,7781.250,8593.750,1434.111
125,22,7843.750,8593.750,1504.146
126,22,7906.250,8593.750,1600.908
127,22,7968.750,8593.750,1680.282
128,22,8031.250,8593.750,1726.198
129,22,8093.750,8593.750,1773.779
130,22,8156.250,8593.750,1841.493
131,22,8218.750,8593.750,1918.549
132,22,8281.250,8593.750,2004.977
133,22,8343.750,8593.750,2105.050
134,22,8406.250,8593.750,2198.883
135,22,8468.750,8593.750,2220.109
136,22,8531.250,8593.750,2238.921
137,22,8593.750,8593.750,2245.809
138,22,8656.250,8593.750,2209.504
139,22,8718.750,8593.750,2168.282
140,22,8781.250,8593.750,2157.403
141,22,8843.750,8593.750,2180.798
142,22,8906.250,8593.750,2207.346
143,22,8968.750,8593.750,2208.301
144,22,9031.250,8593.750,2200.709
145,22,9093.750,8593.750,2207.729
146,22,9156.250,8593.750,2188.894
147,22,9218.750,8593.750,2164.931
148,22,9281.250,8593.750,2177.856
149,22,9343.750,8593.750,2214.331
150,22,9406.250,8593.750,2231.384
151,22,9468.750,8593.750,2248.438
152,22,9531.250,8593.750,2290.331
153,22,9593.750,8593.750,2344.549
154,22,9656.250,8593.750,2311.576
155,22,9718.750,8593.750,2313.264
156,22,9781.250,8593.750,2348.049
157,22,9843.750,8593.750,2377.410
158,22,9906.250,8593.750,2383.368
159,22,9968.750,8593.750,2384.298
0,23,31.250,8531.250,1970.577
1,23,93.750,8531.250,1915.136
2,23,156.250,8531.250,1865.613
3,23,218.750,8531.250,1839.719
4,23,281.250,8531.250,1820.646
5,23,343.750,8531.250,1820.993
6,23,406.250,8531.250,1864.931
7,23,468.750,8531.250,1889.544
8,23,531.250,8531.250,1850.858
9,23,593.750,8531.250,1799.135
10,23,656.250,8531.250,1806.198
11,23,718.750,8531.250,1876.957
12,23,781.250,8531.250,1932.748
13,23,843.750,8531.250,1918.393
14,23,906.250,8531.250,1881.312
15,23,968.750,8531.250,1889.450
16,23,1031.250,8531.250,1931.237
17,23,1093.750,8531.250,1960.944
18,23,1156.250,8531.250,1969.062
19,23,1218.750,8531.250,1976.432
20,23,1281.250,8531.250,1978.283
21,23,1343.750,8531.250,1953.143
22,23,1406.250,8531.250,1919.133
23,23,1468.750,8531.250,1898.294
24,23,1531.250,8531.250,1883.301
25,23,1593.750,8531.250,1866.240
26,23,1656.250,8531.250,1875.984
27,23,1718.750,8531.250,1885.994
28,23,1781.250,8531.250,1866.125
29,23,1843.750,8531.250,1843.528
30,23,1906.250,8531.250,1850.907
31,23,1968.750,8531.250,1845.612
32,23,2031.250,8531.250,1822.125
33,23,2093.750,8531.250,1809.037
34,23,2156.250,8531.250,1808.530
35,23,2218.750,8531.250,1795.697
36,23,2281.250,8531.250,1773.401
37,23,2343.750,8531.250,1770.937
38,23,2406.250,8531.250,1784.871
39,23,2468.750,8531.250,1787.513
40,23,2531.250,8531.250,1771.850
41,23,2593.750,8531.250,1742.513
42,23,2656.250,8531.250,1722.129
43,23,2718.750,8531.250,1733.968
44,23,2781.250,8531.250,1766.779
45,23,2843.750,8531.250,1795.059
46,23,2906.250,8531.250,1825.111
47,23,2968.750,8531.250,1839.056
48,23,3031.250,8531.250,1841.960
49,23,3093.750,8531.250,1852.402
50,23,3156.250,8531.250,1862.314
51,23,3218.750,8531.250,1850.815
52,23,3281.250,8531.250,1845.214
53,23,3343.750,8531.250,1871.115
54,23,3406.250,8531.250,1912.226
55,23,3468.750,8531.250,1939.735
56,23,3531.250,8531.250,1929.442
57,23,3593.750,8531.250,1891.149
58,23,3656.250,8531.250,1848.960
59,23,3718.750,8531.250,1823.620
60,23,3781.250,8531.250,1828.482
61,23,3843.750,8531.250,1870.381
62,23,3906.250,8531.250,1920.847
63,23,3968.750,8531.250,1955.424
64,23,4031.250,8531.250,1961.249
65,23,4093.750,8531.250,1948.564
66,23,4156.250,8531.250,1945.547
67,23,4218.750,8531.250,1917.501
68,23,4281.250,8531.250,1921.597
69,23,4343.750,8531.250,1938.073
70,23,4406.250,8531.250,1908.018
71,23,4468.750,8531.250,1831.554
72,23,4531.250,8531.250,1760.357
73,23,4593.750,8531.250,1735.028
74,23,4656.250,8531.250,1731.914
75,23,4718.750,8531.250,1702.589
76,23,4781.250,8531.250,1645.896
77,23,4843.750,8531.250,1619.742
78,23,4906.250,8531.250,1629.263
79,23,4968.750,8531.250,1638.871
80,23,5031.250,8531.250,1649.477
81,23,5093.750,8531.250,1662.777
82,23,5156.250,8531.250,1684.550
83,23,5218.750,8531.250,1727.890
84,23,5281.250,8531.250,1786.989
85,23,5343.750,8531.250,1835.328
86,23,5406.250,8531.250,1869.887
87,23,5468.750,8531.250,1914.133
88,23,5531.250,8531.250,1944.015
89,23,5593.750,8531.250,1851.693
90,23,5656.250,8531.250,1794.367
91,23,5718.750,8531.250,1772.179
92,23,5781.250,8531.250,1742.981
93,23,5843.750,8531.250,1674.929
94,23,5906.250,8531.250,1595.625
95,23,5968.750,8531.250,1544.493
96,23,6031.250,8531.250,1493.548
97,23,6093.750,8531.250,1446.936
98,23,6156.250,8531.250,1413.100
99,23,6218.750,8531.250,1391.243
100,23,6281.250,8531.250,1383.452
101,23,6343.750,8531.250,1394.029
102,23,6406.250,8531.250,1403.951
103,23,6468.750,8531.250,1431.726
104,23,6531.250,8531.250,1474.743
105,23,6593.750,8531.250,1488.378
106,23,6656.250,8531.250,1490.315
107,23,6718.750,8531.250,1483.550
108,23,6781.250,8531.250,1447.812
109,23,6843.750,8531.250,1396.281
110,23,6906.250,8531.250,1369.879
111,23,6968.750,8531.250,1338.218
112,23,7031.250,8531.250,1296.713
113,23,7093.750,8531.250,1246.439
114,23,7156.250,8531.250,1197.684
115,23,7218.750,8531.250,1171.079
116,23,7281.250,8531.250,1178.675
117,23,7343.750,8531.250,1179.395
118,23,7406.250,8531.250,1144.037
119,23,7468.750,8531.250,1110.520
120,23,7531.250,8531.250,1123.777
121,23,7593.750,8531.250,1178.986
122,23,7656.250,8531.250,1253.078
123,23,7718.750,8531.250,1330.362
124,23,7781.250,8531.250,1406.224
125,23,7843.750,8531.250,1488.200
126,23,7906.250,8531.250,1604.871
127,23,7968.750,8531.250,1701.467
128,23,8031.250,8531.250,1757.070
129,23,8093.750,8531.250,1810.659
130,23,8156.250,8531.250,1877.881
131,23,8218.750,8531.250,1942.247
132,23,8281.250,8531.250,2016.827
133,23,8343.750,8531.250,2120.304
134,23,8406.250,8531.250,2223.320
135,23,8468.750,8531.250,2231.083
136,23,8531.250,8531.250,2253.393
137,23,8593.750,8531.250,2246.603
138,23,8656.250,8531.250,2245.248
139,23,8718.750,8531.250,2204.032
140,23,8781.250,8531.250,2189.092
141,23,8843.750,8531.250,2207.741
142,23,8906.250,8531.250,2228.690
143,23,8968.750,8531.250,2223.582
144,23,9031.250,8531.250,2211.615
145,23,9093.750,8531.250,2217.653
146,23,9156.250,8531.250,2193.943
147,23,9218.750,8531.250,2163.490
148,23,9281.250,8531.250,2176.351
149,23,9343.750,8531.250,2217.391
150,23,9406.250,8531.250,2233.226
151,23,9468.750,8531.250,2237.689
152,23,9531.250,8531.250,2266.458
153,23,9593.750,8531.250,2326.881
154,23,9656.250,8531.250,2350.816
155,23,9718.750,8531.250,2348.199
156,23,9781.250,8531.250,2382.613
157,23,9843.750,8531.250,2408.734
158,23,9906.250,8531.250,2409.267
159,23,9968.750,8531.250,2408.264
0,24,31.250,8468.750,1996.167
1,24,93.750,8468.750,1946.519
2,24,156.250,8468.750,1902.017
3,24,218.750,8468.750,1887.837
4,24,281.250,8468.750,1885.186
5,24,343.750,8468.750,1885.730
6,24,406.250,8468.750,1908.269
7,24,468.750,8468.750,1916.784
8,24,531.250,8468.750,1886.810
9,24,593.750,8468.750,1850.815
10,24,656.250,8468.750,1857.643
11,24,718.750,8468.750,1911.029
12,24,781.250,8468.750,1960.465
13,24,843.750,8468.750,1970.693
14,24,906.250,8468.750,1965.331
15,24,968.750,8468.750,1975.377
16,24,1031.250,8468.750,1994.989
17,24,1093.750,8468.750,2003.039
18,24,1156.250,8468.750,2003.134
19,24,1218.750,8468.750,2010.688
20,24,1281.250,8468.750,2015.215
21,24,1343.750,8468.750,1988.007
22,24,1406.250,8468.750,1949.011
23,24,1468.750,8468.750,1924.210
24,24,1531.250,8468.750,1907.393
25,24,1593.750,8468.750,1892.360
26,24,1656.250,8468.750,1904.726
27,24,1718.750,8468.750,1918.794
28,24,1781.250,8468.750,1900.280
29,24,1843.750,8468.750,1873.827
30,24,1906.250,8468.750,1878.618
31,24,1968.750,8468.750,1875.603
32,24,2031.250,8468.750,1853.727
33,24,2093.750,8468.750,1841.863
34,24,2156.250,8468.750,1843.571
35,24,2218.750,8468.750,1831.663
36,24,2281.250,8468.750,1813.704
37,24,2343.750,8468.750,1817.225
38,24,2406.250,8468.750,1834.084
39,24,2468.750,8468.750,1838.101
40,24,2531.250,8468.750,1825.341
41,24,2593.750,8468.750,1800.891
42,24,2656.250,8468.750,1778.706
43,24,2718.750,8468.750,1782.644
44,24,2781.250,8468.750,1812.358
45,24,2843.750,8468.750,1838.392
46,24,2906.250,8468.750,1849.665
47,24,2968.750,8468.750,1849.403
48,24,3031.250,8468.750,1853.460
49,24,3093.750,8468.750,1866.773
50,24,3156.250,8468.750,1875.245
51,24,3218.750,8468.750,1857.883
52,24,3281.250,8468.750,1843.920
53,24,3343.750,8468.750,1857.202
54,24,3406.250,8468.750,1886.911
55,24,3468.750,8468.750,1917.426
56,24,3531.250,8468.750,1905.739
57,24,3593.750,8468.750,1840.086
58,24,3656.250,8468.750,1789.667
59,24,3718.750,8468.750,1766.111
60,24,3781.250,8468.750,1772.809
61,24,3843.750,8468.750,1811.396
62,24,3906.250,8468.750,1871.005
63,24,3968.750,8468.750,1934.940
64,24,4031.250,8468.750,1972.029
65,24,4093.750,8468.750,1949.588
66,24,4156.250,8468.750,1958.076
67,24,4218.750,8468.750,1942.246
68,24,4281.250,8468.750,1938.054
69,24,4343.750,8468.750,1903.733
70,24,4406.250,8468.750,1860.660
71,24,4468.750,8468.750,1798.151
72,24,4531.250,8468.750,1734.942
73,24,4593.750,8468.750,1696.415
74,24,4656.250,8468.750,1673.512
75,24,4718.750,8468.750,1642.154
76,24,4781.250,8468.750,1603.629
77,24,4843.750,8468.750,1591.179
78,24,4906.250,8468.750,1597.856
79,24,4968.750,8468.750,1599.545
80,24,5031.250,8468.750,1608.192
81,24,5093.750,8468.750,1628.724
82,24,5156.250,8468.750,1652.759
83,24,5218.750,8468.750,1681.646
84,24,5281.250,8468.750,1724.661
85,24,5343.750,8468.750,1777.965
86,24,5406.250,8468.750,1841.001
87,24,5468.750,8468.750,1914.646
88,24,5531.250,8468.750,1955.341
89,24,5593.750,8468.750,1877.063
90,24,5656.250,8468.750,1819.343
91,24,5718.750,8468.750,1781.744
92,24,5781.250,8468.750,1747.951
93,24,5843.750,8468.750,1693.449
94,24,5906.250,8468.750,1624.930
95,24,5968.750,8468.750,1574.585
96,24,6031.250,8468.750,1533.210
97,24,6093.750,8468.750,1491.312
98,24,6156.250,8468.750,1446.795
99,24,6218.750,8468.750,1412.008
100,24,6281.250,8468.750,1402.090
101,24,6343.750,8468.750,1418.187
102,24,6406.250,8468.750,1434.859
103,24,6468.750,8468.750,1460.337
104,24,6531.250,8468.750,1495.384
105,24,6593.750,8468.750,1505.394
106,24,6656.250,8468.750,1490.589
107,24,6718.750,8468.750,1463.848
108,24,6781.250,8468.750,1416.073
109,24,6843.750,8468.750,1358.464
110,24,6906.250,8468.750,1332.407
111,24,6968.750,8468.750,1321.010
112,24,7031.250,8468.750,1297.470
113,24,7093.750,8468.750,1256.487
114,24,7156.250,8468.750,1213.811
115,24,7218.750,8468.750,1176.613
116,24,7281.250,8468.750,1153.478
117,24,7343.750,8468.750,1127.704
118,24,7406.250,8468.750,1086.627
119,24,7468.750,8468.750,1058.217
120,24,7531.250,8468.750,1077.550
121,24,7593.750,8468.750,1139.759
122,24,7656.250,8468.750,1222.557
123,24,7718.750,8468.750,1306.144
124,24,7781.250,8468.750,1386.546
125,24,7843.750,8468.750,1474.674
126,24,7906.250,8468.750,1589.962
127,24,7968.750,8468.750,1689.850
128,24,8031.250,8468.750,1753.656
129,24,8093.750,8468.750,1811.347
130,24,8156.250,8468.750,1883.626
131,24,8218.750,8468.750,1967.187
132,24,8281.250,8468.750,2050.908
133,24,8343.750,8468.750,2139.001
134,24,8406.250,8468.750,2221.968
135,24,8468.750,8468.750,2262.837
136,24,8531.250,8468.750,2267.277
137,24,8593.750,8468.750,2267.988
138,24,8656.250,8468.750,2258.510
139,24,8718.750,8468.750,2226.141
140,24,8781.250,8468.750,2209.613
141,24,8843.750,8468.750,2224.310
142,24,8906.250,8468.750,2240.374
143,24,8968.750,8468.750,2240.886
144,24,9031.250,8468.750,2242.119
145,24,9093.750,8468.750,2251.465
146,24,9156.250,8468.750,2228.445
147,24,9218.750,8468.750,2195.336
148,24,9281.250,8468.750,2187.867
149,24,9343.750,8468.750,2201.821
150,24,9406.250,8468.750,2214.938
151,24,9468.750,8468.750,2231.218
152,24,9531.250,8468.750,2261.985
153,24,9593.750,8468.750,2300.790
154,24,9656.250,8468.750,2339.758
155,24,9718.750,8468.750,2379.494
156,24,9781.250,8468.750,2402.490
157,24,9843.750,8468.750,2406.822
158,24,9906.250,8468.750,2407.221
159,24,9968.750,8468.750,2411.843
0,25,31.250,8406.250,2010.136
1,25,93.750,8406.250,1966.740
2,25,156.250,8406.250,1927.122
3,25,218.750,8406.250,1931.264
4,25,281.250,8406.250,1956.178
5,25,343.750,8406.250,1956.910
6,25,406.250,8406.250,1945.822
7,25,468.750,8406.250,1930.974
8,25,531.250,8406.250,1916.527
9,25,593.750,8406.250,1905.920
10,25,656.250,8406.250,1911.430
11,25,718.750,8406.250,1933.302
12,25,781.250,8406.250,1965.151
13,25,843.750,8406.250,2006.206
14,25,906.250,8406.250,2045.310
15,25,968.750,8406.250,2061.183
16,25,1031.250,8406.250,2057.720
17,25,1093.750,8406.250,2045.099
18,25,1156.250,8406.250,2039.820
19,25,1218.750,8406.250,2047.029
20,25,1281.250,8406.250,2049.893
21,25,1343.750,8406.250,2016.601
22,25,1406.250,8406.250,1974.912
23,25,1468.750,8406.250,1953.361
24,25,1531.250,8406.250,1941.081
25,25,1593.750,8406.250,1929.171
26,25,1656.250,8406.250,1941.195
27,25,1718.750,8406.250,1956.326
28,25,1781.250,8406.250,1936.594
29,25,1843.750,8406.250,1904.111
30,25,1906.250,8406.250,1906.881
31,25,1968.750,8406.250,1909.407
32,25,2031.250,8406.250,1890.754
33,25,2093.750,8406.250,1878.639
34,25,2156.250,8406.250,1880.946
35,25,2218.750,8406.250,1869.309
36,25,2281.250,8406.250,1857.372
37,25,2343.750,8406.250,1868.252
38,25,2406.250,8406.250,1886.803
39,25,2468.750,8406.250,1889.919
40,25,2531.250,8406.250,1882.123
41,25,2593.750,8406.250,1870.791
42,25,2656.250,8406.250,1853.223
43,25,2718.750,8406.250,1849.594
44,25,2781.250,8406.250,1872.105
45,25,2843.750,8406.250,1888.763
46,25,2906.250,8406.250,1867.205
47,25,2968.750,8406.250,1845.989
48,25,3031.250,8406.250,1854.961
49,25,3093.750,8406.250,1875.586
50,25,3156.250,8406.250,1883.947
51,25,3218.750,8406.250,1865.035
52,25,3281.250,8406.250,1847.342
53,25,3343.750,8406.250,1846.418
54,25,3406.250,8406.250,1858.771
55,25,3468.750,8406.250,1891.786
56,25,3531.250,8406.250,1894.943
57,25,3593.750,8406.250,1799.486
58,25,3656.250,8406.250,1749.224
59,25,3718.750,8406.250,1736.711
60,25,3781.250,8406.250,1745.061
61,25,3843.750,8406.250,1767.407
62,25,3906.250,8406.250,1823.622
63,25,3968.750,8406.250,1916.452
64,25,4031.250,8406.250,1978.361
65,25,4093.750,8406.250,1946.408
66,25,4156.250,8406.250,1943.694
67,25,4218.750,8406.250,1933.520
68,25,4281.250,8406.250,1899.154
69,25,4343.750,8406.250,1853.723
70,25,4406.250,8406.250,1811.025
71,25,4468.750,8406.250,1770.690
72,25,4531.250,8406.250,1722.951
73,25,4593.750,8406.250,1667.348
74,25,4656.250,8406.250,1617.136
75,25,4718.750,8406.250,1585.535
76,25,4781.250,8406.250,1575.084
77,25,4843.750,8406.250,1581.818
78,25,4906.250,8406.250,1582.254
79,25,4968.750,8406.250,1571.862
80,25,5031.250,8406.250,1579.425
81,25,5093.750,8406.250,1615.273
82,25,5156.250,8406.250,1646.659
83,25,5218.750,8406.250,1655.472
84,25,5281.250,8406.250,1673.226
85,25,5343.750,8406.250,1729.610
86,25,5406.250,8406.250,1824.746
87,25,5468.750,8406.250,1926.354
88,25,5531.250,8406.250,1965.358
89,25,5593.750,8406.250,1917.155
90,25,5656.250,8406.250,1858.951
91,25,5718.750,8406.250,1790.326
92,25,5781.250,8406.250,1740.219
93,25,5843.750,8406.250,1700.233
94,25,5906.250,8406.250,1647.594
95,25,5968.750,8406.250,1601.976
96,25,6031.250,8406.250,1578.767
97,25,6093.750,8406.250,1546.410
98,25,6156.250,8406.250,1487.295
99,25,6218.750,8406.250,1433.803
100,25,6281.250,8406.250,1420.283
101,25,6343.750,8406.250,1439.827
102,25,6406.250,8406.250,1460.087
103,25,6468.750,8406.250,1477.138
104,25,6531.250,8406.250,1497.540
105,25,6593.750,8406.250,1501.338
106,25,6656.250,8406.250,1466.173
107,25,6718.750,8406.250,1419.138
108,25,6781.250,8406.250,1365.334
109,25,6843.750,8406.250,1308.226
110,25,6906.250,8406.250,1285.349
111,25,6968.750,8406.250,1301.654
112,25,7031.250,8406.250,1301.050
113,25,7093.750,8406.250,1269.877
114,25,7156.250,8406.250,1234.525
115,25,7218.750,8406.250,1190.451
116,25,7281.250,8406.250,1136.949
117,25,7343.750,8406.250,1087.048
118,25,7406.250,8406.250,1047.206
119,25,7468.750,8406.250,1029.517
120,25,7531.250,8406.250,1054.125
121,25,7593.750,8406.250,1123.435
122,25,7656.250,8406.250,1212.868
123,25,7718.750,8406.250,1294.687
124,25,7781.250,8406.250,1370.600
125,25,7843.750,8406.250,1460.404
126,25,7906.250,8406.250,1565.369
127,25,7968.750,8406.250,1662.156
128,25,8031.250,8406.250,1731.249
129,25,8093.750,8406.250,1789.424
130,25,8156.250,8406.250,1867.679
131,25,8218.750,8406.250,1982.986
132,25,8281.250,8406.250,2085.126
133,25,8343.750,8406.250,2152.303
134,25,8406.250,8406.250,2205.824
135,25,8468.750,8406.250,2251.639
136,25,8531.250,8406.250,2276.818
137,25,8593.750,8406.250,2265.844
138,25,8656.250,8406.250,2250.332
139,25,8718.750,8406.250,2229.894
140,25,8781.250,8406.250,2215.811
141,25,8843.750,8406.250,2233.660
142,25,8906.250,8406.250,2250.154
143,25,8968.750,8406.250,2262.237
144,25,9031.250,8406.250,2283.433
145,25,9093.750,8406.250,2296.051
146,25,9156.250,8406.250,2275.928
147,25,9218.750,8406.250,2242.622
148,25,9281.250,8406.250,2206.279
149,25,9343.750,8406.250,2179.255
150,25,9406.250,8406.250,2189.013
151,25,9468.750,8406.250,2228.695
152,25,9531.250,8406.250,2269.616
153,25,9593.750,8406.250,2281.016
154,25,9656.250,8406.250,2284.856
155,25,9718.750,8406.250,2323.911
156,25,9781.250,8406.250,2389.304
157,25,9843.750,8406.250,2386.977
158,25,9906.250,8406.250,2391.568
159,25,9968.750,8406.250,2407.007
0,26,31.250,8343.750,2015.251
1,26,93.750,8343.750,1976.189
2,26,156.250,8343.750,1940.661
3,26,218.750,8343.750,1958.186
4,26,281.250,8343.750,2002.654
5,26,343.750,8343.750,2005.214
6,26,406.250,8343.750,1974.273
7,26,468.750,8343.750,1945.579
8,26,531.250,8343.750,1940.845
9,26,593.750,8343.750,1945.623
10,26,656.250,8343.750,1949.755
11,26,718.750,8343.750,1951.423
12,26,781.250,8343.750,1971.632
13,26,843.750,8343.750,2031.519
14,26,906.250,8343.750,2098.407
15,26,968.750,8343.750,2120.841
16,26,1031.250,8343.750,2108.074
17,26,1093.750,8343.750,2086.631
18,26,1156.250,8343.750,2078.315
19,26,1218.750,8343.750,2082.982
20,26,1281.250,8343.750,2081.722
21,26,1343.750,8343.750,2043.440
22,26,1406.250,8343.750,2003.041
23,26,1468.750,8343.750,1989.093
24,26,1531.250,8343.750,1984.737
25,26,1593.750,8343.750,1976.707
26,26,1656.250,8343.750,1988.219
27,26,1718.750,8343.750,2002.968
28,26,1781.250,8343.750,1981.906
29,26,1843.750,8343.750,1944.124
30,26,1906.250,8343.750,1941.720
31,26,1968.750,8343.750,1943.812
32,26,2031.250,8343.750,1925.736
33,26,2093.750,8343.750,1914.706
34,26,2156.250,8343.750,1919.720
35,26,2218.750,8343.750,1910.015
36,26,2281.250,8343.750,1902.144
37,26,2343.750,8343.750,1918.068
38,26,2406.250,8343.750,1938.344
39,26,2468.750,8343.750,1941.882
40,26,2531.250,8343.750,1939.640
41,26,2593.750,8343.750,1939.923
42,26,2656.250,8343.750,1927.848
43,26,2718.750,8343.750,1919.157
44,26,2781.250,8343.750,1933.041
45,26,2843.750,8343.750,1938.722
46,26,2906.250,8343.750,1893.765
47,26,2968.750,8343.750,1858.352
48,26,3031.250,8343.750,1869.196
49,26,3093.750,8343.750,1893.190
50,26,3156.250,8343.750,1900.681
51,26,3218.750,8343.750,1881.469
52,26,3281.250,8343.750,1862.333
53,26,3343.750,8343.750,1852.029
54,26,3406.250,8343.750,1853.004
55,26,3468.750,8343.750,1888.801
56,26,3531.250,8343.750,1894.159
57,26,3593.750,8343.750,1783.495
58,26,3656.250,8343.750,1734.938
59,26,3718.750,8343.750,1729.868
60,26,3781.250,8343.750,1739.383
61,26,3843.750,8343.750,1751.082
62,26,3906.250,8343.750,1802.467
63,26,3968.750,8343.750,1910.604
64,26,4031.250,8343.750,1980.048
65,26,4093.750,8343.750,1941.861
66,26,4156.250,8343.750,1932.165
67,26,4218.750,8343.750,1914.344
68,26,4281.250,8343.750,1872.322
69,26,4343.750,8343.750,1821.043
70,26,4406.250,8343.750,1779.638
71,26,4468.750,8343.750,1753.390
72,26,4531.250,8343.750,1717.352
73,26,4593.750,8343.750,1655.468
74,26,4656.250,8343.750,1592.365
75,26,4718.750,8343.750,1562.208
76,26,4781.250,8343.750,1568.228
77,26,4843.750,8343.750,1584.860
78,26,4906.250,8343.750,1580.059
79,26,4968.750,8343.750,1561.028
80,26,5031.250,8343.750,1565.572
81,26,5093.750,8343.750,1608.868
82,26,5156.250,8343.750,1643.816
83,26,5218.750,8343.750,1638.876
84,26,5281.250,8343.750,1639.364
85,26,5343.750,8343.750,1696.348
86,26,5406.250,8343.750,1809.530
87,26,5468.750,8343.750,1924.853
88,26,5531.250,8343.750,1978.049
89,26,5593.750,8343.750,1949.145
90,26,5656.250,8343.750,1889.946
91,26,5718.750,8343.750,1799.695
92,26,5781.250,8343.750,1736.758
93,26,5843.750,8343.750,1703.757
94,26,5906.250,8343.750,1659.651
95,26,5968.750,8343.750,1616.029
96,26,6031.250,8343.750,1602.924
97,26,6093.750,8343.750,1574.366
98,26,6156.250,8343.750,1503.547
99,26,6218.750,8343.750,1436.337
100,26,6281.250,8343.750,1419.652
101,26,6343.750,8343.750,1439.928
102,26,6406.250,8343.750,1460.765
103,26,6468.750,8343.750,1471.273
104,26,6531.250,8343.750,1483.488
105,26,6593.750,8343.750,1486.988
106,26,6656.250,8343.750,1443.170
107,26,6718.750,8343.750,1385.335
108,26,6781.250,8343.750,1328.752
109,26,6843.750,8343.750,1272.306
110,26,6906.250,8343.750,1250.558
111,26,6968.750,8343.750,1281.803
112,26,7031.250,8343.750,1291.946
113,26,7093.750,8343.750,1263.621
114,26,7156.250,8343.750,1231.600
115,26,7218.750,8343.750,1187.565
116,26,7281.250,8343.750,1122.658
117,26,7343.750,8343.750,1064.172
118,26,7406.250,8343.750,1027.433
119,26,7468.750,8343.750,1016.638
120,26,7531.250,8343.750,1043.528
121,26,7593.750,8343.750,1116.797
122,26,7656.250,8343.750,1209.541
123,26,7718.750,8343.750,1288.576
124,26,7781.250,8343.750,1360.341
125,26,7843.750,8343.750,1450.678
126,26,7906.250,8343.750,1546.672
127,26,7968.750,8343.750,1638.241
128,26,8031.250,8343.750,1708.506
129,26,8093.750,8343.750,1765.475
130,26,8156.250,8343.750,1845.315
131,26,8218.750,8343.750,1979.045
132,26,8281.250,8343.750,2093.396
133,26,8343.750,8343.750,2152.191
134,26,8406.250,8343.750,2193.439
135,26,8468.750,8343.750,2243.465
136,26,8531.250,8343.750,2281.913
137,26,8593.750,8343.750,2257.302
138,26,8656.250,8343.750,2246.112
139,26,8718.750,8343.750,2232.294
140,26,8781.250,8343.750,2221.756
141,26,8843.750,8343.750,2245.112
142,26,8906.250,8343.750,2264.443
143,26,8968.750,8343.750,2282.860
144,26,9031.250,8343.750,2311.907
145,26,9093.750,8343.750,2321.378
146,26,9156.250,8343.750,2301.102
147,26,9218.750,8343.750,2267.184
148,26,9281.250,8343.750,2211.372
149,26,9343.750,8343.750,2157.296
150,26,9406.250,8343.750,2164.922
151,26,9468.750,8343.750,2222.323
152,26,9531.250,8343.750,2273.383
153,26,9593.750,8343.750,2269.246
154,26,9656.250,8343.750,2248.757
155,26,9718.750,8343.750,2282.675
156,26,9781.250,8343.750,2366.896
157,26,9843.750,8343.750,2371.072
158,26,9906.250,8343.750,2380.026
159,26,9968.750,8343.750,2403.830
0,27,31.250,8281.250,2032.652
1,27,93.750,8281.250,1998.004
2,27,156.250,8281.250,1966.002
3,27,218.750,8281.250,1978.278
4,27,281.250,8281.250,2014.441
5,27,343.750,8281.250,2017.358
6,27,406.250,8281.250,1987.005
7,27,468.750,8281.250,1958.317
8,27,531.250,8281.250,1954.225
9,27,593.750,8281.250,1959.592
10,27,656.250,8281.250,1964.636
11,27,718.750,8281.250,1972.832
12,27,781.250,8281.250,1997.873
13,27,843.750,8281.250,2055.475
14,27,906.250,8281.250,2118.481
15,27,968.750,8281.250,2144.053
16,27,1031.250,8281.250,2136.103
17,27,1093.750,8281.250,2117.689
18,27,1156.250,8281.250,2106.184
19,27,1218.750,8281.250,2103.901
20,27,1281.250,8281.250,2100.798
21,27,1343.750,8281.250,2075.239
22,27,1406.250,8281.250,2049.348
23,27,1468.750,8281.250,2038.595
24,27,1531.250,8281.250,2032.760
25,27,1593.750,8281.250,2026.909
26,27,1656.250,8281.250,2038.585
27,27,1718.750,8281.250,2051.223
28,27,1781.250,8281.250,2029.908
29,27,1843.750,8281.250,1991.778
30,27,1906.250,8281.250,1984.539
31,27,1968.750,8281.250,1983.673
32,27,2031.250,8281.250,1966.045
33,27,2093.750,8281.250,1953.538
34,27,2156.250,8281.250,1955.650
35,27,2218.750,8281.250,1948.240
36,27,2281.250,8281.250,1945.196
37,27,2343.750,8281.250,1963.977
38,27,2406.250,8281.250,1986.424
39,27,2468.750,8281.250,1994.511
40,27,2531.250,8281.250,1996.252
41,27,2593.750,8281.250,1997.935
42,27,2656.250,8281.250,1986.808
43,27,2718.750,8281.250,1975.294
44,27,2781.250,8281.250,1980.445
45,27,2843.750,8281.250,1979.224
46,27,2906.250,8281.250,1936.319
47,27,2968.750,8281.250,1903.087
48,27,3031.250,8281.250,1912.902
49,27,3093.750,8281.250,1936.264
50,27,3156.250,8281.250,1942.284
51,27,3218.750,8281.250,1924.380
52,27,3281.250,8281.250,1905.484
53,27,3343.750,8281.250,1892.126
54,27,3406.250,8281.250,1890.787
55,27,3468.750,8281.250,1926.160
56,27,3531.250,8281.250,1889.032
57,27,3593.750,8281.250,1786.317
58,27,3656.250,8281.250,1738.394
59,27,3718.750,8281.250,1733.399
60,27,3781.250,8281.250,1745.394
61,27,3843.750,8281.250,1763.690
62,27,3906.250,8281.250,1817.285
63,27,3968.750,8281.250,1918.329
64,27,4031.250,8281.250,1991.834
65,27,4093.750,8281.250,1951.818
66,27,4156.250,8281.250,1933.461
67,27,4218.750,8281.250,1908.010
68,27,4281.250,8281.250,1860.980
69,27,4343.750,8281.250,1806.941
70,27,4406.250,8281.250,1766.743
71,27,4468.750,8281.250,1746.301
72,27,4531.250,8281.250,1717.225
73,27,4593.750,8281.250,1660.077
74,27,4656.250,8281.250,1600.120
75,27,4718.750,8281.250,1572.064
76,27,4781.250,8281.250,1576.994
77,27,4843.750,8281.250,1590.534
78,27,4906.250,8281.250,1588.840
79,27,4968.750,8281.250,1576.238
80,27,5031.250,8281.250,1576.164
81,27,5093.750,8281.250,1603.523
82,27,5156.250,8281.250,1627.989
83,27,5218.750,8281.250,1622.682
84,27,5281.250,8281.250,1624.469
85,27,5343.750,8281.250,1680.970
86,27,5406.250,8281.250,1794.227
87,27,5468.750,8281.250,1907.735
88,27,5531.250,8281.250,1968.388
89,27,5593.750,8281.250,1966.162
90,27,5656.250,8281.250,1906.532
91,27,5718.750,8281.250,1817.254
92,27,5781.250,8281.250,1752.313
93,27,5843.750,8281.250,1714.859
94,27,5906.250,8281.250,1667.511
95,27,5968.750,8281.250,1619.969
96,27,6031.250,8281.250,1597.504
97,27,6093.750,8281.250,1561.316
98,27,6156.250,8281.250,1492.481
99,27,6218.750,8281.250,1430.852
100,27,6281.250,8281.250,1413.150
101,27,6343.750,8281.250,1426.490
102,27,6406.250,8281.250,1441.669
103,27,6468.750,8281.250,1449.906
104,27,6531.250,8281.250,1462.805
105,27,6593.750,8281.250,1469.986
106,27,6656.250,8281.250,1428.448
107,27,6718.750,8281.250,1370.759
108,27,6781.250,8281.250,1317.579
109,27,6843.750,8281.250,1265.126
110,27,6906.250,8281.250,1240.942
111,27,6968.750,8281.250,1262.858
112,27,7031.250,8281.250,1264.379
113,27,7093.750,8281.250,1231.842
114,27,7156.250,8281.250,1198.502
115,27,7218.750,8281.250,1159.691
116,27,7281.250,8281.250,1102.941
117,27,7343.750,8281.250,1051.979
118,27,7406.250,8281.250,1021.154
119,27,7468.750,8281.250,1015.147
120,27,7531.250,8281.250,1042.372
121,27,7593.750,8281.250,1115.451
122,27,7656.250,8281.250,1206.418
123,27,7718.750,8281.250,1281.196
124,27,7781.250,8281.250,1349.609
125,27,7843.750,8281.250,1440.142
126,27,7906.250,8281.250,1534.983
127,27,7968.750,8281.250,1625.765
128,27,8031.250,8281.250,1701.276
129,27,8093.750,8281.250,1765.117
130,27,8156.250,8281.250,1842.524
131,27,8218.750,8281.250,1967.371
132,27,8281.250,8281.250,2077.148
133,27,8343.750,8281.250,2142.006
134,27,8406.250,8281.250,2192.494
135,27,8468.750,8281.250,2247.728
136,27,8531.250,8281.250,2296.748
137,27,8593.750,8281.250,2272.382
138,27,8656.250,8281.250,2262.535
139,27,8718.750,8281.250,2252.907
140,27,8781.250,8281.250,2243.193
141,27,8843.750,8281.250,2258.792
142,27,8906.250,8281.250,2273.020
143,27,8968.750,8281.250,2287.288
144,27,9031.250,8281.250,2306.270
145,27,9093.750,8281.250,2308.847
146,27,9156.250,8281.250,2292.789
147,27,9218.750,8281.250,2263.599
148,27,9281.250,8281.250,2206.808
149,27,9343.750,8281.250,2150.862
150,27,9406.250,8281.250,2157.865
151,27,9468.750,8281.250,2217.161
152,27,9531.250,8281.250,2269.537
153,27,9593.750,8281.250,2269.713
154,27,9656.250,8281.250,2252.850
155,27,9718.750,8281.250,2278.496
156,27,9781.250,8281.250,2341.798
157,27,9843.750,8281.250,2384.491
158,27,9906.250,8281.250,2390.354
159,27,9968.750,8281.250,2407.209
0,28,31.250,8218.750,2080.630
1,28,93.750,8218.750,2054.252
2,28,156.250,8218.750,2025.397
3,28,218.750,8218.750,2014.408
4,28,281.250,8218.750,2018.178
5,28,343.750,8218.750,2014.967
6,28,406.250,8218.750,1982.812
7,28,468.750,8218.750,1953.100
8,28,531.250,8218.750,1950.869
9,28,593.750,8218.750,1958.766
10,28,656.250,8218.750,1967.745
11,28,718.750,8218.750,1994.712
12,28,781.250,8218.750,2032.785
13,28,843.750,8218.750,2081.663
14,28,906.250,8218.750,2130.233
15,28,968.750,8218.750,2155.489
16,28,1031.250,8218.750,2150.015
17,28,1093.750,8218.750,2133.760
18,28,1156.250,8218.750,2117.411
19,28,1218.750,8218.750,2105.630
20,28,1281.250,8218.750,2106.724
21,28,1343.750,8218.750,2119.685
22,28,1406.250,8218.750,2125.941
23,28,1468.750,8218.750,2109.267
24,28,1531.250,8218.750,2085.062
25,28,1593.750,8218.750,2077.427
26,28,1656.250,8218.750,2086.499
27,28,1718.750,8218.750,2092.119
28,28,1781.250,8218.750,2068.556
29,28,1843.750,8218.750,2033.296
30,28,1906.250,8218.750,2026.235
31,28,1968.750,8218.750,2031.428
32,28,2031.250,8218.750,2022.038
33,28,2093.750,8218.750,2004.214
34,28,2156.250,8218.750,1993.283
35,28,2218.750,8218.750,1987.616
36,28,2281.250,8218.750,1994.893
37,28,2343.750,8218.750,2016.149
38,28,2406.250,8218.750,2037.858
39,28,2468.750,8218.750,2051.070
40,28,2531.250,8218.750,2054.010
41,28,2593.750,8218.750,2049.625
42,28,2656.250,8218.750,2035.828
43,28,2718.750,8218.750,2021.125
44,28,2781.250,8218.750,2016.597
45,28,2843.750,8218.750,2011.973
46,28,2906.250,8218.750,1984.175
47,28,2968.750,8218.750,1961.700
48,28,3031.250,8218.750,1973.465
49,28,3093.750,8218.750,1999.798
50,28,3156.250,8218.750,2005.709
51,28,3218.750,8218.750,1992.629
52,28,3281.250,8218.750,1975.931
53,28,3343.750,8218.750,1959.780
54,28,3406.250,8218.750,1956.593
55,28,3468.750,8218.750,1947.438
56,28,3531.250,8218.750,1868.614
57,28,3593.750,8218.750,1783.548
58,28,3656.250,8218.750,1737.201
59,28,3718.750,8218.750,1732.451
60,28,3781.250,8218.750,1748.262
61,28,3843.750,8218.750,1779.647
62,28,3906.250,8218.750,1838.327
63,28,3968.750,8218.750,1919.000
64,28,4031.250,8218.750,1986.816
65,28,4093.750,8218.750,1985.189
66,28,4156.250,8218.750,1947.626
67,28,4218.750,8218.750,1906.622
68,28,4281.250,8218.750,1850.530
69,28,4343.750,8218.750,1789.013
70,28,4406.250,8218.750,1750.578
71,28,4468.750,8218.750,1746.102
72,28,4531.250,8218.750,1730.938
73,28,4593.750,8218.750,1675.373
74,28,4656.250,8218.750,1613.366
75,28,4718.750,8218.750,1586.690
76,28,4781.250,8218.750,1589.692
77,28,4843.750,8218.750,1598.495
78,28,4906.250,8218.750,1607.831
79,28,4968.750,8218.750,1616.094
80,28,5031.250,8218.750,1612.174
81,28,5093.750,8218.750,1605.314
82,28,5156.250,8218.750,1607.315
83,28,5218.750,8218.750,1607.404
84,28,5281.250,8218.750,1618.388
85,28,5343.750,8218.750,1675.043
86,28,5406.250,8218.750,1786.996
87,28,5468.750,8218.750,1897.340
88,28,5531.250,8218.750,1954.028
89,28,5593.750,8218.750,1979.488
90,28,5656.250,8218.750,1925.592
91,28,5718.750,8218.750,1843.234
92,28,5781.250,8218.750,1776.408
93,28,5843.750,8218.750,1728.650
94,28,5906.250,8218.750,1674.974
95,28,5968.750,8218.750,1621.749
96,28,6031.250,8218.750,1580.610
97,28,6093.750,8218.750,1533.610
98,28,6156.250,8218.750,1481.583
99,28,6218.750,8218.750,1443.889
100,28,6281.250,8218.750,1426.781
101,28,6343.750,8218.750,1424.135
102,28,6406.250,8218.750,1426.609
103,28,6468.750,8218.750,1430.832
104,28,6531.250,8218.750,1442.017
105,28,6593.750,8218.750,1448.711
106,28,6656.250,8218.750,1405.835
107,28,6718.750,8218.750,1350.270
108,28,6781.250,8218.750,1311.021
109,28,6843.750,8218.750,1274.315
110,28,6906.250,8218.750,1248.369
111,28,6968.750,8218.750,1250.171
112,28,7031.250,8218.750,1235.977
113,28,7093.750,8218.750,1199.264
114,28,7156.250,8218.750,1165.197
115,28,7218.750,8218.750,1131.705
116,28,7281.250,8218.750,1082.447
117,28,7343.750,8218.750,1040.489
118,28,7406.250,8218.750,1023.642
119,28,7468.750,8218.750,1031.404
120,28,7531.250,8218.750,1060.416
121,28,7593.750,8218.750,1130.869
122,28,7656.250,8218.750,1214.259
123,28,7718.750,8218.750,1275.858
124,28,7781.250,8218.750,1332.606
125,28,7843.750,8218.750,1419.749
126,28,7906.250,8218.750,1514.666
127,28,7968.750,8218.750,1609.280
128,28,8031.250,8218.750,1702.145
129,28,8093.750,8218.750,1787.134
130,28,8156.250,8218.750,1863.705
131,28,8218.750,8218.750,1968.408
132,28,8281.250,8218.750,2064.495
133,28,8343.750,8218.750,2133.626
134,28,8406.250,8218.750,2192.647
135,28,8468.750,8218.750,2250.231
136,28,8531.250,8218.750,2290.942
137,28,8593.750,8218.750,2294.414
138,28,8656.250,8218.750,2291.695
139,28,8718.750,8218.750,2294.368
140,28,8781.250,8218.750,2281.889
141,28,8843.750,8218.750,2268.570
142,28,8906.250,8218.750,2263.990
143,28,8968.750,8218.750,2270.885
144,28,9031.250,8218.750,2276.346
145,28,9093.750,8218.750,2275.754
146,28,9156.250,8218.750,2278.805
147,28,9218.750,8218.750,2267.101
148,28,9281.250,8218.750,2216.135
149,28,9343.750,8218.750,2163.034
150,28,9406.250,8218.750,2169.410
151,28,9468.750,8218.750,2225.997
152,28,9531.250,8218.750,2273.515
153,28,9593.750,8218.750,2284.763
154,28,9656.250,8218.750,2288.259
155,28,9718.750,8218.750,2306.290
156,28,9781.250,8218.750,2323.894
157,28,9843.750,8218.750,2349.544
158,28,9906.250,8218.750,2375.240
159,28,9968.750,8218.750,2392.557
0,29,31.250,8156.250,2142.360
1,29,93.750,8156.250,2121.215
2,29,156.250,8156.250,2091.695
3,29,218.750,8156.250,2056.169
4,29,281.250,8156.250,2026.167
5,29,343.750,8156.250,2011.661
6,29,406.250,8156.250,1973.340
7,29,468.750,8156.250,1941.705
8,29,531.250,8156.250,1943.120
9,29,593.750,8156.250,1956.184
10,29,656.250,8156.250,1970.617
11,29,718.750,8156.250,2014.616
12,29,781.250,8156.250,2064.864
13,29,843.750,8156.250,2106.916
14,29,906.250,8156.250,2143.242
15,29,968.750,8156.250,2165.049
16,29,1031.250,8156.250,2156.902
17,29,1093.750,8156.250,2139.715
18,29,1156.250,8156.250,2120.958
19,29,1218.750,8156.250,2104.823
20,29,1281.250,8156.250,2113.726
21,29,1343.750,8156.250,2164.825
22,29,1406.250,8156.250,2203.060
23,29,1468.750,8156.250,2184.545
24,29,1531.250,8156.250,2146.326
25,29,1593.750,8156.250,2136.829
26,29,1656.250,8156.250,2139.732
27,29,1718.750,8156.250,2133.641
28,29,1781.250,8156.250,2103.134
29,29,1843.750,8156.250,2069.849
30,29,1906.250,8156.250,2068.564
31,29,1968.750,8156.250,2086.685
32,29,2031.250,8156.250,2089.795
33,29,2093.750,8156.250,2068.571
34,29,2156.250,8156.250,2045.158
35,29,2218.750,8156.250,2039.364
36,29,2281.250,8156.250,2053.282
37,29,2343.750,8156.250,2072.071
38,29,2406.250,8156.250,2087.930
39,29,2468.750,8156.250,2101.586
40,29,2531.250,8156.250,2103.067
41,29,2593.750,8156.250,2091.755
42,29,2656.250,8156.250,2075.286
43,29,2718.750,8156.250,2059.473
44,29,2781.250,8156.250,2049.467
45,29,2843.750,8156.250,2043.772
46,29,2906.250,8156.250,2029.616
47,29,2968.750,8156.250,2016.313
48,29,3031.250,8156.250,2030.032
49,29,3093.750,8156.250,2059.203
50,29,3156.250,8156.250,2065.100
51,29,3218.750,8156.250,2057.379
52,29,3281.250,8156.250,2006.776
53,29,3343.750,8156.250,1963.610
54,29,3406.250,8156.250,1933.187
55,29,3468.750,8156.250,1895.716
56,29,3531.250,8156.250,1836.651
57,29,3593.750,8156.250,1767.280
58,29,3656.250,8156.250,1725.520
59,29,3718.750,8156.250,1724.612
60,29,3781.250,8156.250,1745.102
61,29,3843.750,8156.250,1785.396
62,29,3906.250,8156.250,1845.433
63,29,3968.750,8156.250,1905.830
64,29,4031.250,8156.250,1950.225
65,29,4093.750,8156.250,1982.029
66,29,4156.250,8156.250,1968.925
67,29,4218.750,8156.250,1913.120
68,29,4281.250,8156.250,1846.551
69,29,4343.750,8156.250,1775.281
70,29,4406.250,8156.250,1736.561
71,29,4468.750,8156.250,1746.879
72,29,4531.250,8156.250,1743.940
73,29,4593.750,8156.250,1687.686
74,29,4656.250,8156.250,1621.978
75,29,4718.750,8156.250,1596.672
76,29,4781.250,8156.250,1598.979
77,29,4843.750,8156.250,1604.312
78,29,4906.250,8156.250,1622.710
79,29,4968.750,8156.250,1648.122
80,29,5031.250,8156.250,1641.297
81,29,5093.750,8156.250,1605.305
82,29,5156.250,8156.250,1588.388
83,29,5218.750,8156.250,1594.737
84,29,5281.250,8156.250,1615.259
85,29,5343.750,8156.250,1672.022
86,29,5406.250,8156.250,1781.329
87,29,5468.750,8156.250,1888.635
88,29,5531.250,8156.250,1941.986
89,29,5593.750,8156.250,1965.576
90,29,5656.250,8156.250,1953.083
91,29,5718.750,8156.250,1873.910
92,29,5781.250,8156.250,1800.528
93,29,5843.750,8156.250,1738.923
94,29,5906.250,8156.250,1678.004
95,29,5968.750,8156.250,1621.864
96,29,6031.250,8156.250,1567.852
97,29,6093.750,8156.250,1514.915
98,29,6156.250,8156.250,1480.619
99,29,6218.750,8156.250,1465.591
100,29,6281.250,8156.250,1449.071
101,29,6343.750,8156.250,1432.424
102,29,6406.250,8156.250,1423.256
103,29,6468.750,8156.250,1422.158
104,29,6531.250,8156.250,1425.902
105,29,6593.750,8156.250,1422.921
106,29,6656.250,8156.250,1373.485
107,29,6718.750,8156.250,1321.883
108,29,6781.250,8156.250,1299.754
109,29,6843.750,8156.250,1280.947
110,29,6906.250,8156.250,1254.927
111,29,6968.750,8156.250,1240.138
112,29,7031.250,8156.250,1215.551
113,29,7093.750,8156.250,1178.921
114,29,7156.250,8156.250,1146.252
115,29,7218.750,8156.250,1116.334
116,29,7281.250,8156.250,1071.855
117,29,7343.750,8156.250,1038.037
118,29,7406.250,8156.250,1037.219
119,29,7468.750,8156.250,1060.623
120,29,7531.250,8156.250,1092.075
121,29,7593.750,8156.250,1156.612
122,29,7656.250,8156.250,1226.805
123,29,7718.750,8156.250,1269.667
124,29,7781.250,8156.250,1310.132
125,29,7843.750,8156.250,1391.434
126,29,7906.250,8156.250,1488.603
127,29,7968.750,8156.250,1591.382
128,29,8031.250,8156.250,1703.890
129,29,8093.750,8156.250,1810.557
130,29,8156.250,8156.250,1888.394
131,29,8218.750,8156.250,1975.980
132,29,8281.250,8156.250,2058.134
133,29,8343.750,8156.250,2123.821
134,29,8406.250,8156.250,2181.701
135,29,8468.750,8156.250,2236.399
136,29,8531.250,8156.250,2270.968
137,29,8593.750,8156.250,2293.894
138,29,8656.250,8156.250,2296.670
139,29,8718.750,8156.250,2294.947
140,29,8781.250,8156.250,2315.682
141,29,8843.750,8156.250,2274.944
142,29,8906.250,8156.250,2252.328
143,29,8968.750,8156.250,2253.255
144,29,9031.250,8156.250,2249.839
145,29,9093.750,8156.250,2249.819
146,29,9156.250,8156.250,2273.387
147,29,9218.750,8156.250,2280.561
148,29,9281.250,8156.250,2238.231
149,29,9343.750,8156.250,2189.940
150,29,9406.250,8156.250,2195.592
151,29,9468.750,8156.250,2246.448
152,29,9531.250,8156.250,2285.186
153,29,9593.750,8156.250,2302.656
154,29,9656.250,8156.250,2324.367
155,29,9718.750,8156.250,2340.211
156,29,9781.250,8156.250,2321.876
157,29,9843.750,8156.250,2322.925
158,29,9906.250,8156.250,2357.735
159,29,9968.750,8156.250,2390.332
0,30,31.250,8093.750,2196.663
1,30,93.750,8093.750,2169.715
2,30,156.250,8093.750,2131.745
3,30,218.750,8093.750,2085.282
4,30,281.250,8093.750,2040.974
5,30,343.750,8093.750,2014.574
6,30,406.250,8093.750,1971.001
7,30,468.750,8093.750,1940.194
8,30,531.250,8093.750,1944.424
9,30,593.750,8093.750,1961.270
10,30,656.250,8093.750,1979.720
11,30,718.750,8093.750,2027.769
12,30,781.250,8093.750,2082.022
13,30,843.750,8093.750,2124.639
14,30,906.250,8093.750,2159.570
15,30,968.750,8093.750,2178.276
16,30,1031.250,8093.750,2167.847
17,30,1093.750,8093.750,2150.031
18,30,1156.250,8093.750,2131.869
19,30,1218.750,8093.750,2116.864
20,30,1281.250,8093.750,2131.804
21,30,1343.750,8093.750,2198.708
22,30,1406.250,8093.750,2255.717
23,30,1468.750,8093.750,2252.889
24,30,1531.250,8093.750,2225.225
25,30,1593.750,8093.750,2217.998
26,30,1656.250,8093.750,2210.873
27,30,1718.750,8093.750,2188.878
28,30,1781.250,8093.750,2145.852
29,30,1843.750,8093.750,2110.139
30,30,1906.250,8093.750,2115.867
31,30,1968.750,8093.750,2144.292
32,30,2031.250,8093.750,2157.533
33,30,2093.750,8093.750,2142.921
34,30,2156.250,8093.750,2121.927
35,30,2218.750,8093.750,2115.251
36,30,2281.250,8093.750,2122.760
37,30,2343.750,8093.750,2129.811
38,30,2406.250,8093.750,2134.123
39,30,2468.750,8093.750,2140.479
40,30,2531.250,8093.750,2140.376
41,30,2593.750,8093.750,2131.420
42,30,2656.250,8093.750,2118.273
43,30,2718.750,8093.750,2104.907
44,30,2781.250,8093.750,2094.859
45,30,2843.750,8093.750,2085.455
46,30,2906.250,8093.750,2067.821
47,30,2968.750,8093.750,2052.091
48,30,3031.250,8093.750,2065.114
49,30,3093.750,8093.750,2093.964
50,30,3156.250,8093.750,2058.145
51,30,3218.750,8093.750,2010.416
52,30,3281.250,8093.750,1965.435
53,30,3343.750,8093.750,1930.130
54,30,3406.250,8093.750,1900.605
55,30,3468.750,8093.750,1861.424
56,30,3531.250,8093.750,1804.428
57,30,3593.750,8093.750,1740.288
58,30,3656.250,8093.750,1706.108
59,30,3718.750,8093.750,1713.175
60,30,3781.250,8093.750,1737.332
61,30,3843.750,8093.750,1772.951
62,30,3906.250,8093.750,1824.069
63,30,3968.750,8093.750,1874.893
64,30,4031.250,8093.750,1915.278
65,30,4093.750,8093.750,1955.625
66,30,4156.250,8093.750,1991.987
67,30,4218.750,8093.750,1929.462
68,30,4281.250,8093.750,1854.453
69,30,4343.750,8093.750,1776.512
70,30,4406.250,8093.750,1734.986
71,30,4468.750,8093.750,1747.369
72,30,4531.250,8093.750,1747.998
73,30,4593.750,8093.750,1694.742
74,30,4656.250,8093.750,1631.970
75,30,4718.750,8093.750,1609.417
76,30,4781.250,8093.750,1610.415
77,30,4843.750,8093.750,1612.558
78,30,4906.250,8093.750,1627.511
79,30,4968.750,8093.750,1648.911
80,30,5031.250,8093.750,1638.982
81,30,5093.750,8093.750,1598.726
82,30,5156.250,8093.750,1579.518
83,30,5218.750,8093.750,1587.806
84,30,5281.250,8093.750,1610.840
85,30,5343.750,8093.750,1666.198
86,30,5406.250,8093.750,1770.961
87,30,5468.750,8093.750,1874.829
88,30,5531.250,8093.750,1927.680
89,30,5593.750,8093.750,1953.156
90,30,5656.250,8093.750,1984.035
91,30,5718.750,8093.750,1900.235
92,30,5781.250,8093.750,1814.369
93,30,5843.750,8093.750,1736.277
94,30,5906.250,8093.750,1666.752
95,30,5968.750,8093.750,1612.862
96,30,6031.250,8093.750,1562.733
97,30,6093.750,8093.750,1513.888
98,30,6156.250,8093.750,1486.249
99,30,6218.750,8093.750,1476.679
100,30,6281.250,8093.750,1458.980
101,30,6343.750,8093.750,1436.555
102,30,6406.250,8093.750,1421.194
103,30,6468.750,8093.750,1415.495
104,30,6531.250,8093.750,1409.185
105,30,6593.750,8093.750,1389.811
106,30,6656.250,8093.750,1333.023
107,30,6718.750,8093.750,1288.437
108,30,6781.250,8093.750,1278.665
109,30,6843.750,8093.750,1269.391
110,30,6906.250,8093.750,1244.965
111,30,6968.750,8093.750,1228.419
112,30,7031.250,8093.750,1206.588
113,30,7093.750,8093.750,1173.266
114,30,7156.250,8093.750,1141.920
115,30,7218.750,8093.750,1115.683
116,30,7281.250,8093.750,1079.184
117,30,7343.750,8093.750,1056.081
118,30,7406.250,8093.750,1067.839
119,30,7468.750,8093.750,1100.649
120,30,7531.250,8093.750,1132.984
121,30,7593.750,8093.750,1186.639
122,30,7656.250,8093.750,1237.970
123,30,7718.750,8093.750,1261.564
124,30,7781.250,8093.750,1287.614
125,30,7843.750,8093.750,1362.377
126,30,7906.250,8093.750,1463.518
127,30,7968.750,8093.750,1576.272
128,30,8031.250,8093.750,1699.001
129,30,8093.750,8093.750,1812.395
130,30,8156.250,8093.750,1891.285
131,30,8218.750,8093.750,1974.732
132,30,8281.250,8093.750,2050.045
133,30,8343.750,8093.750,2103.985
134,30,8406.250,8093.750,2149.519
135,30,8468.750,8093.750,2198.079
136,30,8531.250,8093.750,2235.645
137,30,8593.750,8093.750,2268.009
138,30,8656.250,8093.750,2280.372
139,30,8718.750,8093.750,2282.665
140,30,8781.250,8093.750,2315.596
141,30,8843.750,8093.750,2282.291
142,30,8906.250,8093.750,2257.120
143,30,8968.750,8093.750,2256.073
144,30,9031.250,8093.750,2250.537
145,30,9093.750,8093.750,2249.888
146,30,9156.250,8093.750,2279.228
147,30,9218.750,8093.750,2294.761
148,30,9281.250,8093.750,2261.852
149,30,9343.750,8093.750,2220.695
150,30,9406.250,8093.750,2226.041
151,30,9468.750,8093.750,2270.056
152,30,9531.250,8093.750,2299.703
153,30,9593.750,8093.750,2310.892
154,30,9656.250,8093.750,2332.050
155,30,9718.750,8093.750,2351.436
156,30,9781.250,8093.750,2333.033
157,30,9843.750,8093.750,2331.292
158,30,9906.250,8093.750,2364.613
159,30,9968.750,8093.750,2396.505
0,31,31.250,8031.250,2240.456
1,31,93.750,8031.250,2192.787
2,31,156.250,8031.250,2136.574
3,31,218.750,8031.250,2086.132
4,31,281.250,8031.250,2038.594
5,31,343.750,8031.250,2006.823
6,31,406.250,8031.250,1980.838
7,31,468.750,8031.250,1965.254
8,31,531.250,8031.250,1963.560
9,31,593.750,8031.250,1971.117
10,31,656.250,8031.250,1989.993
11,31,718.750,8031.250,2037.568
12,31,781.250,8031.250,2092.835
13,31,843.750,8031.250,2134.351
14,31,906.250,8031.250,2165.424
15,31,968.750,8031.250,2184.058
16,31,1031.250,8031.250,2187.594
17,31,1093.750,8031.250,2179.885
18,31,1156.250,8031.250,2154.185
19,31,1218.750,8031.250,2127.283
20,31,1281.250,8031.250,2144.958
21,31,1343.750,8031.250,2223.604
22,31,1406.250,8031.250,2296.136
23,31,1468.750,8031.250,2314.847
24,31,1531.250,8031.250,2307.825
25,31,1593.750,8031.250,2304.957
26,31,1656.250,8031.250,2287.792
27,31,1718.750,8031.250,2251.027
28,31,1781.250,8031.250,2200.235
29,31,1843.750,8031.250,2167.435
30,31,1906.250,8031.250,2177.697
31,31,1968.750,8031.250,2199.344
32,31,2031.250,8031.250,2211.803
33,31,2093.750,8031.250,2215.581
34,31,2156.250,8031.250,2215.380
35,31,2218.750,8031.250,2209.372
36,31,2281.250,8031.250,2196.707
37,31,2343.750,8031.250,2183.938
38,31,2406.250,8031.250,2176.632
39,31,2468.750,8031.250,2174.079
40,31,2531.250,8031.250,2174.970
41,31,2593.750,8031.250,2183.545
42,31,2656.250,8031.250,2183.011
43,31,2718.750,8031.250,2173.493
44,31,2781.250,8031.250,2165.915
45,31,2843.750,8031.250,2148.942
46,31,2906.250,8031.250,2109.209
47,31,2968.750,8031.250,2078.518
48,31,3031.250,8031.250,2090.753
49,31,3093.750,8031.250,2043.482
50,31,3156.250,8031.250,1997.261
51,31,3218.750,8031.250,1970.189
52,31,3281.250,8031.250,1944.274
53,31,3343.750,8031.250,1911.121
54,31,3406.250,8031.250,1873.598
55,31,3468.750,8031.250,1831.450
56,31,3531.250,8031.250,1773.050
57,31,3593.750,8031.250,1711.080
58,31,3656.250,8031.250,1685.331
59,31,3718.750,8031.250,1702.054
60,31,3781.250,8031.250,1727.862
61,31,3843.750,8031.250,1749.828
62,31,3906.250,8031.250,1787.095
63,31,3968.750,8031.250,1836.999
64,31,4031.250,8031.250,1885.769
65,31,4093.750,8031.250,1935.235
66,31,4156.250,8031.250,1985.191
67,31,4218.750,8031.250,1955.222
68,31,4281.250,8031.250,1877.502
69,31,4343.750,8031.250,1801.916
70,31,4406.250,8031.250,1756.523
71,31,4468.750,8031.250,1754.588
72,31,4531.250,8031.250,1748.400
73,31,4593.750,8031.250,1704.530
74,31,4656.250,8031.250,1654.211
75,31,4718.750,8031.250,1634.956
76,31,4781.250,8031.250,1626.549
77,31,4843.750,8031.250,1620.808
78,31,4906.250,8031.250,1621.588
79,31,4968.750,8031.250,1621.669
80,31,5031.250,8031.250,1609.502
81,31,5093.750,8031.250,1584.800
82,31,5156.250,8031.250,1575.735
83,31,5218.750,8031.250,1584.117
84,31,5281.250,8031.250,1606.949
85,31,5343.750,8031.250,1659.794
86,31,5406.250,8031.250,1760.309
87,31,5468.750,8031.250,1861.073
88,31,5531.250,8031.250,1923.036
89,31,5593.750,8031.250,1965.508
90,31,5656.250,8031.250,1991.848
91,31,5718.750,8031.250,1918.565
92,31,5781.250,8031.250,1830.809
93,31,5843.750,8031.250,1731.977
94,31,5906.250,8031.250,1645.829
95,31,5968.750,8031.250,1593.399
96,31,6031.250,8031.250,1551.138
97,31,6093.750,8031.250,1508.962
98,31,6156.250,8031.250,1486.548
99,31,6218.750,8031.250,1480.262
100,31,6281.250,8031.250,1459.606
101,31,6343.750,8031.250,1424.292
102,31,6406.250,8031.250,1397.614
103,31,6468.750,8031.250,1395.776
104,31,6531.250,8031.250,1393.582
105,31,6593.750,8031.250,1361.644
106,31,6656.250,8031.250,1301.685
107,31,6718.750,8031.250,1265.861
108,31,6781.250,8031.250,1260.112
109,31,6843.750,8031.250,1248.750
110,31,6906.250,8031.250,1225.772
111,31,6968.750,8031.250,1217.943
112,31,7031.250,8031.250,1206.114
113,31,7093.750,8031.250,1168.785
114,31,7156.250,8031.250,1127.128
115,31,7218.750,8031.250,1105.745
116,31,7281.250,8031.250,1088.644
117,31,7343.750,8031.250,1083.537
118,31,7406.250,8031.250,1103.414
119,31,7468.750,8031.250,1138.312
120,31,7531.250,8031.250,1168.850
121,31,7593.750,8031.250,1206.547
122,31,7656.250,8031.250,1235.872
123,31,7718.750,8031.250,1250.660
124,31,7781.250,8031.250,1277.923
125,31,7843.750,8031.250,1348.195
126,31,7906.250,8031.250,1453.812
127,31,7968.750,8031.250,1575.757
128,31,8031.250,8031.250,1694.028
129,31,8093.750,8031.250,1793.460
130,31,8156.250,8031.250,1870.377
131,31,8218.750,8031.250,1956.502
132,31,8281.250,8031.250,2029.419
133,31,8343.750,8031.250,2068.534
134,31,8406.250,8031.250,2096.980
135,31,8468.750,8031.250,2140.096
136,31,8531.250,8031.250,2188.616
137,31,8593.750,8031.250,2234.986
138,31,8656.250,8031.250,2262.849
139,31,8718.750,8031.250,2279.373
140,31,8781.250,8031.250,2313.177
141,31,8843.750,8031.250,2287.791
142,31,8906.250,8031.250,2269.858
143,31,8968.750,8031.250,2266.609
144,31,9031.250,8031.250,2258.655
145,31,9093.750,8031.250,2252.946
146,31,9156.250,8031.250,2267.450
147,31,9218.750,8031.250,2277.413
148,31,9281.250,8031.250,2261.699
149,31,9343.750,8031.250,2240.939
150,31,9406.250,8031.250,2247.462
151,31,9468.750,8031.250,2278.400
152,31,9531.250,8031.250,2295.751
153,31,9593.750,8031.250,2298.490
154,31,9656.250,8031.250,2314.399
155,31,9718.750,8031.250,2340.243
156,31,9781.250,8031.250,2341.502
157,31,9843.750,8031.250,2349.668
158,31,9906.250,8031.250,2377.563
159,31,9968.750,8031.250,2402.746
0,32,31.250,7968.750,2271.218
1,32,93.750,7968.750,2200.912
2,32,156.250,7968.750,2125.714
3,32,218.750,7968.750,2073.104
4,32,281.250,7968.750,2026.993
5,32,343.750,7968.750,1996.839
6,32,406.250,7968.750,1997.517
7,32,468.750,7968.750,2000.227
8,32,531.250,7968.750,1988.049
9,32,593.750,7968.750,1980.184
10,32,656.250,7968.750,1996.562
11,32,718.750,7968.750,2042.753
12,32,781.250,7968.750,2097.818
13,32,843.750,7968.750,2136.683
14,32,906.250,7968.750,2162.720
15,32,968.750,7968.750,2185.352
16,32,1031.250,7968.750,2211.444
17,32,1093.750,7968.750,2219.806
18,32,1156.250,7968.750,2184.729
19,32,1218.750,7968.750,2141.224
20,32,1281.250,7968.750,2158.601
21,32,1343.750,7968.750,2246.358
22,32,1406.250,7968.750,2330.408
23,32,1468.750,7968.750,2338.937
24,32,1531.250,7968.750,2331.434
25,32,1593.750,7968.750,2317.508
26,32,1656.250,7968.750,2302.471
27,32,1718.750,7968.750,2301.718
28,32,1781.250,7968.750,2261.402
29,32,1843.750,7968.750,2233.957
30,32,1906.250,7968.750,2245.096
31,32,1968.750,7968.750,2252.731
32,32,2031.250,7968.750,2260.500
33,32,2093.750,7968.750,2237.797
34,32,2156.250,7968.750,2198.937
35,32,2218.750,7968.750,2191.335
36,32,2281.250,7968.750,2212.028
37,32,2343.750,7968.750,2223.794
38,32,2406.250,7968.750,2221.955
39,32,2468.750,7968.750,2223.496
40,32,2531.250,7968.750,2215.408
41,32,2593.750,7968.750,2176.790
42,32,2656.250,7968.750,2145.316
43,32,2718.750,7968.750,2123.468
44,32,2781.250,7968.750,2095.599
45,32,2843.750,7968.750,2083.331
46,32,2906.250,7968.750,2107.466
47,32,2968.750,7968.750,2111.645
48,32,3031.250,7968.750,2055.180
49,32,3093.750,7968.750,1980.015
50,32,3156.250,7968.750,1940.232
51,32,3218.750,7968.750,1932.920
52,32,3281.250,7968.750,1923.862
53,32,3343.750,7968.750,1890.033
54,32,3406.250,7968.750,1844.644
55,32,3468.750,7968.750,1803.448
56,32,3531.250,7968.750,1746.705
57,32,3593.750,7968.750,1686.517
58,32,3656.250,7968.750,1665.981
59,32,3718.750,7968.750,1688.566
60,32,3781.250,7968.750,1713.639
61,32,3843.750,7968.750,1722.879
62,32,3906.250,7968.750,1749.889
63,32,3968.750,7968.750,1804.299
64,32,4031.250,7968.750,1865.407
65,32,4093.750,7968.750,1922.484
66,32,4156.250,7968.750,1971.777
67,32,4218.750,7968.750,1976.563
68,32,4281.250,7968.750,1898.291
69,32,4343.750,7968.750,1828.486
70,32,4406.250,7968.750,1780.481
71,32,4468.750,7968.750,1761.926
72,32,4531.250,7968.750,1748.206
73,32,4593.750,7968.750,1716.857
74,32,4656.250,7968.750,1682.457
75,32,4718.750,7968.750,1667.253
76,32,4781.250,7968.750,1648.214
77,32,4843.750,7968.750,1634.285
78,32,4906.250,7968.750,1620.889
79,32,4968.750,7968.750,1599.959
80,32,5031.250,7968.750,1588.241
81,32,5093.750,7968.750,1583.627
82,32,5156.250,7968.750,1586.304
83,32,5218.750,7968.750,1592.411
84,32,5281.250,7968.750,1611.966
85,32,5343.750,7968.750,1660.309
86,32,5406.250,7968.750,1756.261
87,32,5468.750,7968.750,1853.066
88,32,5531.250,7968.750,1925.003
89,32,5593.750,7968.750,1987.101
90,32,5656.250,7968.750,1987.627
91,32,5718.750,7968.750,1931.276
92,32,5781.250,7968.750,1848.267
93,32,5843.750,7968.750,1731.463
94,32,5906.250,7968.750,1627.379
95,32,5968.750,7968.750,1573.524
96,32,6031.250,7968.750,1536.924
97,32,6093.750,7968.750,1500.776
98,32,6156.250,7968.750,1483.817
99,32,6218.750,7968.750,1481.367
100,32,6281.250,7968.750,1457.174
101,32,6343.750,7968.750,1405.170
102,32,6406.250,7968.750,1363.420
103,32,6468.750,7968.750,1365.755
104,32,6531.250,7968.750,1374.154
105,32,6593.750,7968.750,1338.529
106,32,6656.250,7968.750,1281.428
107,32,6718.750,7968.750,1252.870
108,32,6781.250,7968.750,1244.918
109,32,6843.750,7968.750,1225.407
110,32,6906.250,7968.750,1202.592
111,32,6968.750,7968.750,1205.161
112,32,7031.250,7968.750,1202.299
113,32,7093.750,7968.750,1157.705
114,32,7156.250,7968.750,1104.351
115,32,7218.750,7968.750,1091.462
116,32,7281.250,7968.750,1099.348
117,32,7343.750,7968.750,1115.136
118,32,7406.250,7968.750,1140.793
119,32,7468.750,7968.750,1174.036
120,32,7531.250,7968.750,1200.673
121,32,7593.750,7968.750,1222.657
122,32,7656.250,7968.750,1233.116
123,32,7718.750,7968.750,1245.253
124,32,7781.250,7968.750,1279.262
125,32,7843.750,7968.750,1344.662
126,32,7906.250,7968.750,1450.900
127,32,7968.750,7968.750,1576.689
128,32,8031.250,7968.750,1683.579
129,32,8093.750,7968.750,1762.699
130,32,8156.250,7968.750,1835.785
131,32,8218.750,7968.750,1925.109
132,32,8281.250,7968.750,1997.221
133,32,8343.750,7968.750,2026.159
134,32,8406.250,7968.750,2043.161
135,32,8468.750,7968.750,2084.500
136,32,8531.250,7968.750,2143.055
137,32,8593.750,7968.750,2197.710
138,32,8656.250,7968.750,2235.564
139,32,8718.750,7968.750,2265.685
140,32,8781.250,7968.750,2300.355
141,32,8843.750,7968.750,2292.209
142,32,8906.250,7968.750,2282.249
143,32,8968.750,7968.750,2275.860
144,32,9031.250,7968.750,2263.940
145,32,9093.750,7968.750,2250.938
146,32,9156.250,7968.750,2244.399
147,32,9218.750,7968.750,2244.365
148,32,9281.250,7968.750,2246.409
149,32,9343.750,7968.750,2248.356
150,32,9406.250,7968.750,2256.597
151,32,9468.750,7968.750,2274.451
152,32,9531.250,7968.750,2280.734
153,32,9593.750,7968.750,2277.326
154,32,9656.250,7968.750,2288.360
155,32,9718.750,7968.750,2318.329
156,32,9781.250,7968.750,2338.924
157,32,9843.750,7968.750,2358.045
158,32,9906.250,7968.750,2381.647
159,32,9968.750,7968.750,2401.618
0,33,31.250,7906.250,2287.638
1,33,93.750,7906.250,2209.662
2,33,156.250,7906.250,2127.561
3,33,218.750,7906.250,2072.730
4,33,281.250,7906.250,2026.534
5,33,343.750,7906.250,1998.914
6,33,406.250,7906.250,2011.093
7,33,468.750,7906.250,2019.687
8,33,531.250,7906.250,2001.967
9,33,593.750,7906.250,1987.102
10,33,656.250,7906.250,2002.073
11,33,718.750,7906.250,2046.563
12,33,781.250,7906.250,2098.083
13,33,843.750,7906.250,2132.839
14,33,906.250,7906.250,2156.704
15,33,968.750,7906.250,2186.836
16,33,1031.250,7906.250,2230.579
17,33,1093.750,7906.250,2252.241
18,33,1156.250,7906.250,2215.219
19,33,1218.750,7906.250,2163.633
20,33,1281.250,7906.250,2177.863
21,33,1343.750,7906.250,2267.861
22,33,1406.250,7906.250,2353.343
23,33,1468.750,7906.250,2312.320
24,33,1531.250,7906.250,2293.307
25,33,1593.750,7906.250,2272.435
26,33,1656.250,7906.250,2255.452
27,33,1718.750,7906.250,2254.184
28,33,1781.250,7906.250,2269.938
29,33,1843.750,7906.250,2278.754
30,33,1906.250,7906.250,2257.843
31,33,1968.750,7906.250,2244.253
32,33,2031.250,7906.250,2219.053
33,33,2093.750,7906.250,2166.332
34,33,2156.250,7906.250,2113.219
35,33,2218.750,7906.250,2099.427
36,33,2281.250,7906.250,2122.460
37,33,2343.750,7906.250,2136.207
38,33,2406.250,7906.250,2133.523
39,33,2468.750,7906.250,2134.713
40,33,2531.250,7906.250,2122.706
41,33,2593.750,7906.250,2074.461
42,33,2656.250,7906.250,2038.405
43,33,2718.750,7906.250,2019.404
44,33,2781.250,7906.250,1995.056
45,33,2843.750,7906.250,1989.592
46,33,2906.250,7906.250,2025.938
47,33,2968.750,7906.250,2039.105
48,33,3031.250,7906.250,1986.189
49,33,3093.750,7906.250,1914.448
50,33,3156.250,7906.250,1880.534
51,33,3218.750,7906.250,1884.769
52,33,3281.250,7906.250,1886.692
53,33,3343.750,7906.250,1857.144
54,33,3406.250,7906.250,1812.416
55,33,3468.750,7906.250,1774.194
56,33,3531.250,7906.250,1719.824
57,33,3593.750,7906.250,1660.916
58,33,3656.250,7906.250,1641.730
59,33,3718.750,7906.250,1665.562
60,33,3781.250,7906.250,1690.300
61,33,3843.750,7906.250,1696.204
62,33,3906.250,7906.250,1721.262
63,33,3968.750,7906.250,1780.005
64,33,4031.250,7906.250,1849.813
65,33,4093.750,7906.250,1916.300
66,33,4156.250,7906.250,1973.126
67,33,4218.750,7906.250,1987.321
68,33,4281.250,7906.250,1906.102
69,33,4343.750,7906.250,1835.186
70,33,4406.250,7906.250,1783.962
71,33,4468.750,7906.250,1759.878
72,33,4531.250,7906.250,1745.909
73,33,4593.750,7906.250,1722.101
74,33,4656.250,7906.250,1696.824
75,33,4718.750,7906.250,1686.679
76,33,4781.250,7906.250,1666.872
77,33,4843.750,7906.250,1652.691
78,33,4906.250,7906.250,1636.896
79,33,4968.750,7906.250,1612.326
80,33,5031.250,7906.250,1605.251
81,33,5093.750,7906.250,1610.766
82,33,5156.250,7906.250,1617.001
83,33,5218.750,7906.250,1620.172
84,33,5281.250,7906.250,1635.857
85,33,5343.750,7906.250,1679.020
86,33,5406.250,7906.250,1768.589
87,33,5468.750,7906.250,1858.602
88,33,5531.250,7906.250,1930.287
89,33,5593.750,7906.250,1998.827
90,33,5656.250,7906.250,1992.257
91,33,5718.750,7906.250,1946.175
92,33,5781.250,7906.250,1867.908
93,33,5843.750,7906.250,1744.690
94,33,5906.250,7906.250,1631.957
95,33,5968.750,7906.250,1574.916
96,33,6031.250,7906.250,1539.210
97,33,6093.750,7906.250,1506.181
98,33,6156.250,7906.250,1492.836
99,33,6218.750,7906.250,1492.753
100,33,6281.250,7906.250,1465.431
101,33,6343.750,7906.250,1399.666
102,33,6406.250,7906.250,1342.601
103,33,6468.750,7906.250,1338.994
104,33,6531.250,7906.250,1350.086
105,33,6593.750,7906.250,1316.417
106,33,6656.250,7906.250,1263.418
107,33,6718.750,7906.250,1235.949
108,33,6781.250,7906.250,1221.344
109,33,6843.750,7906.250,1192.611
110,33,6906.250,7906.250,1167.180
111,33,6968.750,7906.250,1176.378
112,33,7031.250,7906.250,1181.552
113,33,7093.750,7906.250,1140.250
114,33,7156.250,7906.250,1089.468
115,33,7218.750,7906.250,1089.381
116,33,7281.250,7906.250,1117.313
117,33,7343.750,7906.250,1149.208
118,33,7406.250,7906.250,1179.644
119,33,7468.750,7906.250,1209.347
120,33,7531.250,7906.250,1229.039
121,33,7593.750,7906.250,1240.695
122,33,7656.250,7906.250,1242.683
123,33,7718.750,7906.250,1253.122
124,33,7781.250,7906.250,1287.005
125,33,7843.750,7906.250,1344.447
126,33,7906.250,7906.250,1444.311
127,33,7968.750,7906.250,1565.571
128,33,8031.250,7906.250,1663.704
129,33,8093.750,7906.250,1732.943
130,33,8156.250,7906.250,1804.289
131,33,8218.750,7906.250,1894.304
132,33,8281.250,7906.250,1965.079
133,33,8343.750,7906.250,1990.397
134,33,8406.250,7906.250,2003.945
135,33,8468.750,7906.250,2044.949
136,33,8531.250,7906.250,2105.148
137,33,8593.750,7906.250,2157.582
138,33,8656.250,7906.250,2194.264
139,33,8718.750,7906.250,2228.412
140,33,8781.250,7906.250,2262.041
141,33,8843.750,7906.250,2288.845
142,33,8906.250,7906.250,2283.706
143,33,8968.750,7906.250,2274.593
144,33,9031.250,7906.250,2262.516
145,33,9093.750,7906.250,2248.068
146,33,9156.250,7906.250,2232.232
147,33,9218.750,7906.250,2226.805
148,33,9281.250,7906.250,2235.701
149,33,9343.750,7906.250,2246.908
150,33,9406.250,7906.250,2255.868
151,33,9468.750,7906.250,2268.303
152,33,9531.250,7906.250,2270.298
153,33,9593.750,7906.250,2265.448
154,33,9656.250,7906.250,2274.465
155,33,9718.750,7906.250,2303.064
156,33,9781.250,7906.250,2327.582
157,33,9843.750,7906.250,2349.544
158,33,9906.250,7906.250,2374.524
159,33,9968.750,7906.250,2397.329
0,34,31.250,7843.750,2292.037
1,34,93.750,7843.750,2231.027
2,34,156.250,7843.750,2160.362
3,34,218.750,7843.750,2104.434
4,34,281.250,7843.750,2056.904
5,34,343.750,7843.750,2028.472
6,34,406.250,7843.750,2028.858
7,34,468.750,7843.750,2026.760
8,34,531.250,7843.750,2007.870
9,34,593.750,7843.750,1993.973
10,34,656.250,7843.750,2007.635
11,34,718.750,7843.750,2043.647
12,34,781.250,7843.750,2087.177
13,34,843.750,7843.750,2124.422
14,34,906.250,7843.750,2156.510
15,34,968.750,7843.750,2195.380
16,34,1031.250,7843.750,2247.100
17,34,1093.750,7843.750,2276.352
18,34,1156.250,7843.750,2252.855
19,34,1218.750,7843.750,2215.391
20,34,1281.250,7843.750,2224.489
21,34,1343.750,7843.750,2290.478
22,34,1406.250,7843.750,2350.862
23,34,1468.750,7843.750,2300.297
24,34,1531.250,7843.750,2264.755
25,34,1593.750,7843.750,2238.205
26,34,1656.250,7843.750,2230.482
27,34,1718.750,7843.750,2231.556
28,34,1781.250,7843.750,2235.883
29,34,1843.750,7843.750,2233.080
30,34,1906.250,7843.750,2205.476
31,34,1968.750,7843.750,2181.390
32,34,2031.250,7843.750,2148.032
33,34,2093.750,7843.750,2094.429
34,34,2156.250,7843.750,2041.446
35,34,2218.750,7843.750,2021.638
36,34,2281.250,7843.750,2033.347
37,34,2343.750,7843.750,2037.933
38,34,2406.250,7843.750,2024.099
39,34,2468.750,7843.750,2012.603
40,34,2531.250,7843.750,1998.297
41,34,2593.750,7843.750,1963.816
42,34,2656.250,7843.750,1939.199
43,34,2718.750,7843.750,1924.413
44,34,2781.250,7843.750,1904.748
45,34,2843.750,7843.750,1904.211
46,34,2906.250,7843.750,1938.405
47,34,2968.750,7843.750,1951.678
48,34,3031.250,7843.750,1908.696
49,34,3093.750,7843.750,1849.371
50,34,3156.250,7843.750,1820.695
51,34,3218.750,7843.750,1823.305
52,34,3281.250,7843.750,1828.375
53,34,3343.750,7843.750,1808.054
54,34,3406.250,7843.750,1770.068
55,34,3468.750,7843.750,1737.103
56,34,3531.250,7843.750,1694.776
57,34,3593.750,7843.750,1643.040
58,34,3656.250,7843.750,1614.044
59,34,3718.750,7843.750,1623.013
60,34,3781.250,7843.750,1646.701
61,34,3843.750,7843.750,1660.762
62,34,3906.250,7843.750,1692.806
63,34,3968.750,7843.750,1752.749
64,34,4031.250,7843.750,1823.920
65,34,4093.750,7843.750,1902.880
66,34,4156.250,7843.750,1988.651
67,34,4218.750,7843.750,1974.998
68,34,4281.250,7843.750,1896.144
69,34,4343.750,7843.750,1830.713
70,34,4406.250,7843.750,1777.495
71,34,4468.750,7843.750,1751.404
72,34,4531.250,7843.750,1739.143
73,34,4593.750,7843.750,1716.461
74,34,4656.250,7843.750,1691.550
75,34,4718.750,7843.750,1688.945
76,34,4781.250,7843.750,1687.158
77,34,4843.750,7843.750,1685.271
78,34,4906.250,7843.750,1672.639
79,34,4968.750,7843.750,1652.761
80,34,5031.250,7843.750,1650.651
81,34,5093.750,7843.750,1655.402
82,34,5156.250,7843.750,1660.332
83,34,5218.750,7843.750,1672.140
84,34,5281.250,7843.750,1697.678
85,34,5343.750,7843.750,1735.399
86,34,5406.250,7843.750,1803.644
87,34,5468.750,7843.750,1875.694
88,34,5531.250,7843.750,1937.761
89,34,5593.750,7843.750,2000.358
90,34,5656.250,7843.750,2007.186
91,34,5718.750,7843.750,1955.752
92,34,5781.250,7843.750,1877.483
93,34,5843.750,7843.750,1762.030
94,34,5906.250,7843.750,1653.639
95,34,5968.750,7843.750,1594.312
96,34,6031.250,7843.750,1556.426
97,34,6093.750,7843.750,1521.251
98,34,6156.250,7843.750,1506.622
99,34,6218.750,7843.750,1506.977
100,34,6281.250,7843.750,1476.528
101,34,6343.750,7843.750,1398.111
102,34,6406.250,7843.750,1326.559
103,34,6468.750,7843.750,1313.039
104,34,6531.250,7843.750,1322.068
105,34,6593.750,7843.750,1292.064
106,34,6656.250,7843.750,1244.248
107,34,6718.750,7843.750,1217.468
108,34,6781.250,7843.750,1198.627
109,34,6843.750,7843.750,1164.452
110,34,6906.250,7843.750,1136.212
111,34,6968.750,7843.750,1150.341
112,34,7031.250,7843.750,1163.178
113,34,7093.750,7843.750,1131.400
114,34,7156.250,7843.750,1091.639
115,34,7218.750,7843.750,1106.841
116,34,7281.250,7843.750,1155.518
117,34,7343.750,7843.750,1201.415
118,34,7406.250,7843.750,1229.816
119,34,7468.750,7843.750,1248.334
120,34,7531.250,7843.750,1259.589
121,34,7593.750,7843.750,1268.885
122,34,7656.250,7843.750,1272.652
123,34,7718.750,7843.750,1275.008
124,34,7781.250,7843.750,1292.033
125,34,7843.750,7843.750,1337.909
126,34,7906.250,7843.750,1428.997
127,34,7968.750,7843.750,1538.721
128,34,8031.250,7843.750,1629.149
129,34,8093.750,7843.750,1698.758
130,34,8156.250,7843.750,1769.231
131,34,8218.750,7843.750,1851.408
132,34,8281.250,7843.750,1917.193
133,34,8343.750,7843.750,1944.818
134,34,8406.250,7843.750,1960.905
135,34,8468.750,7843.750,2002.175
136,34,8531.250,7843.750,2060.202
137,34,8593.750,7843.750,2106.642
138,34,8656.250,7843.750,2138.687
139,34,8718.750,7843.750,2173.385
140,34,8781.250,7843.750,2206.007
141,34,8843.750,7843.750,2233.817
142,34,8906.250,7843.750,2259.911
143,34,8968.750,7843.750,2274.702
144,34,9031.250,7843.750,2276.560
145,34,9093.750,7843.750,2266.062
146,34,9156.250,7843.750,2246.234
147,34,9218.750,7843.750,2235.536
148,34,9281.250,7843.750,2243.014
149,34,9343.750,7843.750,2255.123
150,34,9406.250,7843.750,2262.118
151,34,9468.750,7843.750,2263.220
152,34,9531.250,7843.750,2260.288
153,34,9593.750,7843.750,2261.697
154,34,9656.250,7843.750,2275.018
155,34,9718.750,7843.750,2299.661
156,34,9781.250,7843.750,2315.994
157,34,9843.750,7843.750,2334.713
158,34,9906.250,7843.750,2372.554
159,34,9968.750,7843.750,2414.069
0,35,31.250,7781.250,2291.557
1,35,93.750,7781.250,2257.666
2,35,156.250,7781.250,2206.252
3,35,218.750,7781.250,2151.390
4,35,281.250,7781.250,2103.324
5,35,343.750,7781.250,2071.213
6,35,406.250,7781.250,2049.984
7,35,468.750,7781.250,2030.717
8,35,531.250,7781.250,2010.612
9,35,593.750,7781.250,1998.626
10,35,656.250,7781.250,2010.287
11,35,718.750,7781.250,2034.805
12,35,781.250,7781.250,2071.346
13,35,843.750,7781.250,2118.220
14,35,906.250,7781.250,2164.945
15,35,968.750,7781.250,2210.299
16,35,1031.250,7781.250,2263.195
17,35,1093.750,7781.250,2295.696
18,35,1156.250,7781.250,2292.656
19,35,1218.750,7781.250,2281.055
20,35,1281.250,7781.250,2285.735
21,35,1343.750,7781.250,2312.667
22,35,1406.250,7781.250,2354.626
23,35,1468.750,7781.250,2294.767
24,35,1531.250,7781.250,2238.587
25,35,1593.750,7781.250,2206.927
26,35,1656.250,7781.250,2213.906
27,35,1718.750,7781.250,2216.792
28,35,1781.250,7781.250,2201.789
29,35,1843.750,7781.250,2181.408
30,35,1906.250,7781.250,2145.652
31,35,1968.750,7781.250,2108.822
32,35,2031.250,7781.250,2067.004
33,35,2093.750,7781.250,2016.179
34,35,2156.250,7781.250,1967.176
35,35,2218.750,7781.250,1941.265
36,35,2281.250,7781.250,1938.000
37,35,2343.750,7781.250,1929.879
38,35,2406.250,7781.250,1899.439
39,35,2468.750,7781.250,1868.756
40,35,2531.250,7781.250,1854.242
41,35,2593.750,7781.250,1845.727
42,35,2656.250,7781.250,1840.819
43,35,2718.750,7781.250,1829.992
44,35,2781.250,7781.250,1814.204
45,35,2843.750,7781.250,1817.939
46,35,2906.250,7781.250,1845.668
47,35,2968.750,7781.250,1856.488
48,35,3031.250,7781.250,1826.678
49,35,3093.750,7781.250,1784.383
50,35,3156.250,7781.250,1760.908
51,35,3218.750,7781.250,1756.333
52,35,3281.250,7781.250,1761.177
53,35,3343.750,7781.250,1750.809
54,35,3406.250,7781.250,1720.199
55,35,3468.750,7781.250,1693.288
56,35,3531.250,7781.250,1668.695
57,35,3593.750,7781.250,1627.594
58,35,3656.250,7781.250,1582.777
59,35,3718.750,7781.250,1568.267
60,35,3781.250,7781.250,1590.517
61,35,3843.750,7781.250,1617.694
62,35,3906.250,7781.250,1661.295
63,35,3968.750,7781.250,1722.490
64,35,4031.250,7781.250,1792.552
65,35,4093.750,7781.250,1883.693
66,35,4156.250,7781.250,2006.076
67,35,4218.750,7781.250,1949.952
68,35,4281.250,7781.250,1878.114
69,35,4343.750,7781.250,1826.163
70,35,4406.250,7781.250,1773.236
71,35,4468.750,7781.250,1743.467
72,35,4531.250,7781.250,1731.424
73,35,4593.750,7781.250,1708.239
74,35,4656.250,7781.250,1681.528
75,35,4718.750,7781.250,1688.366
76,35,4781.250,7781.250,1713.332
77,35,4843.750,7781.250,1729.180
78,35,4906.250,7781.250,1719.048
79,35,4968.750,7781.250,1701.998
80,35,5031.250,7781.250,1702.445
81,35,5093.750,7781.250,1703.872
82,35,5156.250,7781.250,1709.685
83,35,5218.750,7781.250,1739.665
84,35,5281.250,7781.250,1784.939
85,35,5343.750,7781.250,1817.257
86,35,5406.250,7781.250,1855.614
87,35,5468.750,7781.250,1904.016
88,35,5531.250,7781.250,1954.362
89,35,5593.750,7781.250,2007.460
90,35,5656.250,7781.250,2019.214
91,35,5718.750,7781.250,1956.292
92,35,5781.250,7781.250,1878.007
93,35,5843.750,7781.250,1778.826
94,35,5906.250,7781.250,1682.518
95,35,5968.750,7781.250,1622.678
96,35,6031.250,7781.250,1580.363
97,35,6093.750,7781.250,1537.029
98,35,6156.250,7781.250,1514.716
99,35,6218.750,7781.250,1512.100
100,35,6281.250,7781.250,1478.349
101,35,6343.750,7781.250,1389.417
102,35,6406.250,7781.250,1307.412
103,35,6468.750,7781.250,1287.865
104,35,6531.250,7781.250,1295.328
105,35,6593.750,7781.250,1267.060
106,35,6656.250,7781.250,1224.096
107,35,6718.750,7781.250,1200.898
108,35,6781.250,7781.250,1183.442
109,35,6843.750,7781.250,1149.325
110,35,6906.250,7781.250,1120.787
111,35,6968.750,7781.250,1140.217
112,35,7031.250,7781.250,1160.160
113,35,7093.750,7781.250,1137.045
114,35,7156.250,7781.250,1107.763
115,35,7218.750,7781.250,1136.897
116,35,7281.250,7781.250,1205.659
117,35,7343.750,7781.250,1262.785
118,35,7406.250,7781.250,1283.312
119,35,7468.750,7781.250,1286.691
120,35,7531.250,7781.250,1291.425
121,35,7593.750,7781.250,1303.769
122,35,7656.250,7781.250,1313.589
123,35,7718.750,7781.250,1304.626
124,35,7781.250,7781.250,1297.581
125,35,7843.750,7781.250,1330.717
126,35,7906.250,7781.250,1411.459
127,35,7968.750,7781.250,1504.204
128,35,8031.250,7781.250,1582.399
129,35,8093.750,7781.250,1651.921
130,35,8156.250,7781.250,1720.625
131,35,8218.750,7781.250,1791.378
132,35,8281.250,7781.250,1851.818
133,35,8343.750,7781.250,1884.907
134,35,8406.250,7781.250,1905.659
135,35,8468.750,7781.250,1947.373
136,35,8531.250,7781.250,2004.468
137,35,8593.750,7781.250,2047.799
138,35,8656.250,7781.250,2078.438
139,35,8718.750,7781.250,2115.342
140,35,8781.250,7781.250,2148.542
141,35,8843.750,7781.250,2182.207
142,35,8906.250,7781.250,2215.694
143,35,8968.750,7781.250,2233.277
144,35,9031.250,7781.250,2245.551
145,35,9093.750,7781.250,2285.635
146,35,9156.250,7781.250,2271.746
147,35,9218.750,7781.250,2251.840
148,35,9281.250,7781.250,2254.087
149,35,9343.750,7781.250,2264.967
150,35,9406.250,7781.250,2268.741
151,35,9468.750,7781.250,2253.992
152,35,9531.250,7781.250,2245.994
153,35,9593.750,7781.250,2259.085
154,35,9656.250,7781.250,2281.167
155,35,9718.750,7781.250,2303.050
156,35,9781.250,7781.250,2310.546
157,35,9843.750,7781.250,2326.227
158,35,9906.250,7781.250,2381.531
159,35,9968.750,7781.250,2447.295
0,36,31.250,7718.750,2295.666
1,36,93.750,7718.750,2280.318
2,36,156.250,7718.750,2243.376
3,36,218.750,7718.750,2191.794
4,36,281.250,7718.750,2143.830
5,36,343.750,7718.750,2106.037
6,36,406.250,7718.750,2066.775
7,36,468.750,7718.750,2033.626
8,36,531.250,7718.750,2009.110
9,36,593.750,7718.750,1994.657
10,36,656.250,7718.750,2003.187
11,36,718.750,7718.750,2023.167
12,36,781.250,7718.750,2062.465
13,36,843.750,7718.750,2122.824
14,36,906.250,7718.750,2182.163
15,36,968.750,7718.750,2228.599
16,36,1031.250,7718.750,2277.859
17,36,1093.750,7718.750,2310.233
18,36,1156.250,7718.750,2322.018
19,36,1218.750,7718.750,2329.592
20,36,1281.250,7718.750,2333.058
21,36,1343.750,7718.750,2332.678
22,36,1406.250,7718.750,2349.082
23,36,1468.750,7718.750,2287.704
24,36,1531.250,7718.750,2220.423
25,36,1593.750,7718.750,2182.747
26,36,1656.250,7718.750,2190.343
27,36,1718.750,7718.750,2183.056
28,36,1781.250,7718.750,2145.485
29,36,1843.750,7718.750,2107.241
30,36,1906.250,7718.750,2064.383
31,36,1968.750,7718.750,2019.779
32,36,2031.250,7718.750,1973.694
33,36,2093.750,7718.750,1924.604
34,36,2156.250,7718.750,1876.616
35,36,2218.750,7718.750,1844.015
36,36,2281.250,7718.750,1827.807
37,36,2343.750,7718.750,1807.756
38,36,2406.250,7718.750,1763.194
39,36,2468.750,7718.750,1717.861
40,36,2531.250,7718.750,1705.634
41,36,2593.750,7718.750,1719.110
42,36,2656.250,7718.750,1731.900
43,36,2718.750,7718.750,1725.958
44,36,2781.250,7718.750,1713.821
45,36,2843.750,7718.750,1721.471
46,36,2906.250,7718.750,1747.536
47,36,2968.750,7718.750,1760.781
48,36,3031.250,7718.750,1743.674
49,36,3093.750,7718.750,1715.916
50,36,3156.250,7718.750,1698.002
51,36,3218.750,7718.750,1689.941
52,36,3281.250,7718.750,1695.416
53,36,3343.750,7718.750,1692.803
54,36,3406.250,7718.750,1669.514
55,36,3468.750,7718.750,1648.792
56,36,3531.250,7718.750,1636.868
57,36,3593.750,7718.750,1602.288
58,36,3656.250,7718.750,1545.719
59,36,3718.750,7718.750,1514.574
60,36,3781.250,7718.750,1535.788
61,36,3843.750,7718.750,1575.061
62,36,3906.250,7718.750,1633.032
63,36,3968.750,7718.750,1702.149
64,36,4031.250,7718.750,1775.372
65,36,4093.750,7718.750,1871.896
66,36,4156.250,7718.750,2012.301
67,36,4218.750,7718.750,1927.047
68,36,4281.250,7718.750,1858.545
69,36,4343.750,7718.750,1817.447
70,36,4406.250,7718.750,1768.129
71,36,4468.750,7718.750,1737.860
72,36,4531.250,7718.750,1727.313
73,36,4593.750,7718.750,1706.400
74,36,4656.250,7718.750,1681.991
75,36,4718.750,7718.750,1698.494
76,36,4781.250,7718.750,1743.085
77,36,4843.750,7718.750,1771.879
78,36,4906.250,7718.750,1764.206
79,36,4968.750,7718.750,1748.457
80,36,5031.250,7718.750,1749.481
81,36,5093.750,7718.750,1751.339
82,36,5156.250,7718.750,1763.351
83,36,5218.750,7718.750,1810.793
84,36,5281.250,7718.750,1872.062
85,36,5343.750,7718.750,1900.145
86,36,5406.250,7718.750,1917.209
87,36,5468.750,7718.750,1948.245
88,36,5531.250,7718.750,1988.618
89,36,5593.750,7718.750,2032.874
90,36,5656.250,7718.750,2017.347
91,36,5718.750,7718.750,1949.679
92,36,5781.250,7718.750,1877.795
93,36,5843.750,7718.750,1797.529
94,36,5906.250,7718.750,1715.728
95,36,5968.750,7718.750,1656.995
96,36,6031.250,7718.750,1607.418
97,36,6093.750,7718.750,1550.735
98,36,6156.250,7718.750,1514.777
99,36,6218.750,7718.750,1504.036
100,36,6281.250,7718.750,1467.414
101,36,6343.750,7718.750,1375.711
102,36,6406.250,7718.750,1292.223
103,36,6468.750,7718.750,1271.818
104,36,6531.250,7718.750,1276.367
105,36,6593.750,7718.750,1244.262
106,36,6656.250,7718.750,1201.934
107,36,6718.750,7718.750,1183.511
108,36,6781.250,7718.750,1173.883
109,36,6843.750,7718.750,1147.364
110,36,6906.250,7718.750,1123.099
111,36,6968.750,7718.750,1147.439
112,36,7031.250,7718.750,1173.186
113,36,7093.750,7718.750,1157.058
114,36,7156.250,7718.750,1136.328
115,36,7218.750,7718.750,1173.335
116,36,7281.250,7718.750,1249.410
117,36,7343.750,7718.750,1307.665
118,36,7406.250,7718.750,1320.554
119,36,7468.750,7718.750,1315.002
120,36,7531.250,7718.750,1318.488
121,36,7593.750,7718.750,1336.302
122,36,7656.250,7718.750,1351.427
123,36,7718.750,7718.750,1334.813
124,36,7781.250,7718.750,1310.661
125,36,7843.750,7718.750,1332.142
126,36,7906.250,7718.750,1397.677
127,36,7968.750,7718.750,1468.230
128,36,8031.250,7718.750,1527.579
129,36,8093.750,7718.750,1589.406
130,36,8156.250,7718.750,1655.570
131,36,8218.750,7718.750,1720.887
132,36,8281.250,7718.750,1781.306
133,36,8343.750,7718.750,1820.365
134,36,8406.250,7718.750,1844.901
135,36,8468.750,7718.750,1886.186
136,36,8531.250,7718.750,1943.658
137,36,8593.750,7718.750,1988.035
138,36,8656.250,7718.750,2020.686
139,36,8718.750,7718.750,2059.774
140,36,8781.250,7718.750,2095.670
141,36,8843.750,7718.750,2138.782
142,36,8906.250,7718.750,2183.027
143,36,8968.750,7718.750,2199.940
144,36,9031.250,7718.750,2204.382
145,36,9093.750,7718.750,2245.903
146,36,9156.250,7718.750,2282.939
147,36,9218.750,7718.750,2252.280
148,36,9281.250,7718.750,2246.552
149,36,9343.750,7718.750,2253.664
150,36,9406.250,7718.750,2255.550
151,36,9468.750,7718.750,2234.441
152,36,9531.250,7718.750,2228.644
153,36,9593.750,7718.750,2254.397
154,36,9656.250,7718.750,2285.873
155,36,9718.750,7718.750,2307.453
156,36,9781.250,7718.750,2311.620
157,36,9843.750,7718.750,2327.428
158,36,9906.250,7718.750,2393.208
159,36,9968.750,7718.750,2436.340
0,37,31.250,7656.250,2295.479
1,37,93.750,7656.250,2282.269
2,37,156.250,7656.250,2250.265
3,37,218.750,7656.250,2208.274
4,37,281.250,7656.250,2167.647
5,37,343.750,7656.250,2126.555
6,37,406.250,7656.250,2080.825
7,37,468.750,7656.250,2041.673
8,37,531.250,7656.250,2004.831
9,37,593.750,7656.250,1975.795
10,37,656.250,7656.250,1978.166
11,37,718.750,7656.250,2005.663
12,37,781.250,7656.250,2059.591
13,37,843.750,7656.250,2136.655
14,37,906.250,7656.250,2207.952
15,37,968.750,7656.250,2252.508
16,37,1031.250,7656.250,2292.642
17,37,1093.750,7656.250,2321.872
18,37,1156.250,7656.250,2336.533
19,37,1218.750,7656.250,2343.642
20,37,1281.250,7656.250,2348.547
21,37,1343.750,7656.250,2353.989
22,37,1406.250,7656.250,2322.718
23,37,1468.750,7656.250,2271.992
24,37,1531.250,7656.250,2212.020
25,37,1593.750,7656.250,2166.082
26,37,1656.250,7656.250,2149.017
27,37,1718.750,7656.250,2114.664
28,37,1781.250,7656.250,2054.427
29,37,1843.750,7656.250,1999.498
30,37,1906.250,7656.250,1951.291
31,37,1968.750,7656.250,1906.509
32,37,2031.250,7656.250,1862.306
33,37,2093.750,7656.250,1813.509
34,37,2156.250,7656.250,1762.949
35,37,2218.750,7656.250,1723.658
36,37,2281.250,7656.250,1699.468
37,37,2343.750,7656.250,1670.983
38,37,2406.250,7656.250,1618.388
39,37,2468.750,7656.250,1566.659
40,37,2531.250,7656.250,1557.053
41,37,2593.750,7656.250,1577.775
42,37,2656.250,7656.250,1599.193
43,37,2718.750,7656.250,1604.992
44,37,2781.250,7656.250,1604.850
45,37,2843.750,7656.250,1615.341
46,37,2906.250,7656.250,1639.243
47,37,2968.750,7656.250,1657.456
48,37,3031.250,7656.250,1652.712
49,37,3093.750,7656.250,1636.332
50,37,3156.250,7656.250,1624.893
51,37,3218.750,7656.250,1620.951
52,37,3281.250,7656.250,1629.830
53,37,3343.750,7656.250,1637.796
54,37,3406.250,7656.250,1631.290
55,37,3468.750,7656.250,1618.445
56,37,3531.250,7656.250,1605.808
57,37,3593.750,7656.250,1567.745
58,37,3656.250,7656.250,1508.506
59,37,3718.750,7656.250,1475.154
60,37,3781.250,7656.250,1494.963
61,37,3843.750,7656.250,1539.956
62,37,3906.250,7656.250,1612.473
63,37,3968.750,7656.250,1697.249
64,37,4031.250,7656.250,1778.291
65,37,4093.750,7656.250,1870.221
66,37,4156.250,7656.250,1997.962
67,37,4218.750,7656.250,1920.631
68,37,4281.250,7656.250,1846.518
69,37,4343.750,7656.250,1805.606
70,37,4406.250,7656.250,1761.843
71,37,4468.750,7656.250,1735.701
72,37,4531.250,7656.250,1728.893
73,37,4593.750,7656.250,1714.635
74,37,4656.250,7656.250,1699.045
75,37,4718.750,7656.250,1724.009
76,37,4781.250,7656.250,1771.857
77,37,4843.750,7656.250,1802.210
78,37,4906.250,7656.250,1797.467
79,37,4968.750,7656.250,1784.667
80,37,5031.250,7656.250,1788.405
81,37,5093.750,7656.250,1801.354
82,37,5156.250,7656.250,1827.062
83,37,5218.750,7656.250,1885.762
84,37,5281.250,7656.250,1952.799
85,37,5343.750,7656.250,1978.200
86,37,5406.250,7656.250,1986.310
87,37,5468.750,7656.250,2007.243
88,37,5531.250,7656.250,2037.849
89,37,5593.750,7656.250,2047.855
90,37,5656.250,7656.250,2001.036
91,37,5718.750,7656.250,1938.379
92,37,5781.250,7656.250,1879.567
93,37,5843.750,7656.250,1817.296
94,37,5906.250,7656.250,1748.878
95,37,5968.750,7656.250,1692.180
96,37,6031.250,7656.250,1637.000
97,37,6093.750,7656.250,1568.226
98,37,6156.250,7656.250,1514.585
99,37,6218.750,7656.250,1488.824
100,37,6281.250,7656.250,1450.296
101,37,6343.750,7656.250,1368.282
102,37,6406.250,7656.250,1293.057
103,37,6468.750,7656.250,1268.114
104,37,6531.250,7656.250,1260.165
105,37,6593.750,7656.250,1220.089
106,37,6656.250,7656.250,1175.354
107,37,6718.750,7656.250,1161.431
108,37,6781.250,7656.250,1165.901
109,37,6843.750,7656.250,1155.693
110,37,6906.250,7656.250,1138.245
111,37,6968.750,7656.250,1158.509
112,37,7031.250,7656.250,1183.422
113,37,7093.750,7656.250,1181.597
114,37,7156.250,7656.250,1180.753
115,37,7218.750,7656.250,1219.839
116,37,7281.250,7656.250,1279.396
117,37,7343.750,7656.250,1322.460
118,37,7406.250,7656.250,1331.811
119,37,7468.750,7656.250,1326.685
120,37,7531.250,7656.250,1332.204
121,37,7593.750,7656.250,1354.409
122,37,7656.250,7656.250,1372.958
123,37,7718.750,7656.250,1361.286
124,37,7781.250,7656.250,1340.387
125,37,7843.750,7656.250,1353.449
126,37,7906.250,7656.250,1397.543
127,37,7968.750,7656.250,1442.290
128,37,8031.250,7656.250,1477.675
129,37,8093.750,7656.250,1522.917
130,37,8156.250,7656.250,1586.049
131,37,8218.750,7656.250,1652.247
132,37,8281.250,7656.250,1717.167
133,37,8343.750,7656.250,1761.966
134,37,8406.250,7656.250,1789.421
135,37,8468.750,7656.250,1829.214
136,37,8531.250,7656.250,1885.305
137,37,8593.750,7656.250,1929.808
138,37,8656.250,7656.250,1963.243
139,37,8718.750,7656.250,2001.883
140,37,8781.250,7656.250,2040.531
141,37,8843.750,7656.250,2091.183
142,37,8906.250,7656.250,2145.296
143,37,8968.750,7656.250,2176.591
144,37,9031.250,7656.250,2194.223
145,37,9093.750,7656.250,2237.503
146,37,9156.250,7656.250,2258.042
147,37,9218.750,7656.250,2220.220
148,37,9281.250,7656.250,2208.996
149,37,9343.750,7656.250,2214.026
150,37,9406.250,7656.250,2216.798
151,37,9468.750,7656.250,2202.402
152,37,9531.250,7656.250,2206.407
153,37,9593.750,7656.250,2242.895
154,37,9656.250,7656.250,2282.216
155,37,9718.750,7656.250,2304.313
156,37,9781.250,7656.250,2311.959
157,37,9843.750,7656.250,2332.381
158,37,9906.250,7656.250,2399.357
159,37,9968.750,7656.250,2404.062
0,38,31.250,7593.750,2284.219
1,38,93.750,7593.750,2267.985
2,38,156.250,7593.750,2237.610
3,38,218.750,7593.750,2211.853
4,38,281.250,7593.750,2189.069
5,38,343.750,7593.750,2147.826
6,38,406.250,7593.750,2098.260
7,38,468.750,7593.750,2054.926
8,38,531.250,7593.750,2001.238
9,38,593.750,7593.750,1949.850
10,38,656.250,7593.750,1944.656
11,38,718.750,7593.750,1984.116
12,38,781.250,7593.750,2054.591
13,38,843.750,7593.750,2151.893
14,38,906.250,7593.750,2242.502
15,38,968.750,7593.750,2284.308
16,38,1031.250,7593.750,2302.674
17,38,1093.750,7593.750,2320.798
18,38,1156.250,7593.750,2333.860
19,38,1218.750,7593.750,2333.422
20,38,1281.250,7593.750,2343.419
21,38,1343.750,7593.750,2333.200
22,38,1406.250,7593.750,2282.259
23,38,1468.750,7593.750,2247.033
24,38,1531.250,7593.750,2203.563
25,38,1593.750,7593.750,2148.587
26,38,1656.250,7593.750,2096.086
27,38,1718.750,7593.750,2029.032
28,38,1781.250,7593.750,1946.688
29,38,1843.750,7593.750,1874.363
30,38,1906.250,7593.750,1821.401
31,38,1968.750,7593.750,1778.003
32,38,2031.250,7593.750,1737.021
33,38,2093.750,7593.750,1690.741
34,38,2156.250,7593.750,1640.673
35,38,2218.750,7593.750,1596.424
36,38,2281.250,7593.750,1566.071
37,38,2343.750,7593.750,1530.305
38,38,2406.250,7593.750,1470.496
39,38,2468.750,7593.750,1412.944
40,38,2531.250,7593.750,1403.905
41,38,2593.750,7593.750,1424.521
42,38,2656.250,7593.750,1449.523
43,38,2718.750,7593.750,1476.653
44,38,2781.250,7593.750,1503.999
45,38,2843.750,7593.750,1517.843
46,38,2906.250,7593.750,1527.274
47,38,2968.750,7593.750,1542.658
48,38,3031.250,7593.750,1551.551
49,38,3093.750,7593.750,1548.294
50,38,3156.250,7593.750,1543.969
51,38,3218.750,7593.750,1545.717
52,38,3281.250,7593.750,1558.435
53,38,3343.750,7593.750,1585.714
54,38,3406.250,7593.750,1610.388
55,38,3468.750,7593.750,1606.284
56,38,3531.250,7593.750,1583.141
57,38,3593.750,7593.750,1535.703
58,38,3656.250,7593.750,1479.260
59,38,3718.750,7593.750,1451.600
60,38,3781.250,7593.750,1470.689
61,38,3843.750,7593.750,1515.842
62,38,3906.250,7593.750,1598.539
63,38,3968.750,7593.750,1695.992
64,38,4031.250,7593.750,1780.906
65,38,4093.750,7593.750,1865.030
66,38,4156.250,7593.750,1972.060
67,38,4218.750,7593.750,1930.314
68,38,4281.250,7593.750,1846.985
69,38,4343.750,7593.750,1800.073
70,38,4406.250,7593.750,1760.627
71,38,4468.750,7593.750,1738.847
72,38,4531.250,7593.750,1735.972
73,38,4593.750,7593.750,1729.327
74,38,4656.250,7593.750,1724.021
75,38,4718.750,7593.750,1756.731
76,38,4781.250,7593.750,1802.960
77,38,4843.750,7593.750,1831.711
78,38,4906.250,7593.750,1831.441
79,38,4968.750,7593.750,1823.940
80,38,5031.250,7593.750,1831.551
81,38,5093.750,7593.750,1859.507
82,38,5156.250,7593.750,1900.538
83,38,5218.750,7593.750,1966.466
84,38,5281.250,7593.750,2034.766
85,38,5343.750,7593.750,2057.105
86,38,5406.250,7593.750,2055.199
87,38,5468.750,7593.750,2065.191
88,38,5531.250,7593.750,2058.686
89,38,5593.750,7593.750,2038.006
90,38,5656.250,7593.750,1987.759
91,38,5718.750,7593.750,1925.444
92,38,5781.250,7593.750,1875.320
93,38,5843.750,7593.750,1829.819
94,38,5906.250,7593.750,1775.584
95,38,5968.750,7593.750,1723.182
96,38,6031.250,7593.750,1670.372
97,38,6093.750,7593.750,1596.314
98,38,6156.250,7593.750,1523.191
99,38,6218.750,7593.750,1476.824
100,38,6281.250,7593.750,1437.498
101,38,6343.750,7593.750,1376.941
102,38,6406.250,7593.750,1317.553
103,38,6468.750,7593.750,1278.574
104,38,6531.250,7593.750,1243.678
105,38,6593.750,7593.750,1192.821
106,38,6656.250,7593.750,1143.177
107,38,6718.750,7593.750,1131.825
108,38,6781.250,7593.750,1154.709
109,38,6843.750,7593.750,1167.990
110,38,6906.250,7593.750,1156.615
111,38,6968.750,7593.750,1158.506
112,38,7031.250,7593.750,1172.955
113,38,7093.750,7593.750,1199.542
114,38,7156.250,7593.750,1240.060
115,38,7218.750,7593.750,1280.830
116,38,7281.250,7593.750,1306.956
117,38,7343.750,7593.750,1324.253
118,38,7406.250,7593.750,1332.846
119,38,7468.750,7593.750,1332.456
120,38,7531.250,7593.750,1340.725
121,38,7593.750,7593.750,1366.337
122,38,7656.250,7593.750,1387.304
123,38,7718.750,7593.750,1387.759
124,38,7781.250,7593.750,1382.152
125,38,7843.750,7593.750,1389.765
126,38,7906.250,7593.750,1411.607
127,38,7968.750,7593.750,1432.025
128,38,8031.250,7593.750,1446.071
129,38,8093.750,7593.750,1475.382
130,38,8156.250,7593.750,1534.739
131,38,8218.750,7593.750,1596.849
132,38,8281.250,7593.750,1662.655
133,38,8343.750,7593.750,1713.696
134,38,8406.250,7593.750,1745.456
135,38,8468.750,7593.750,1783.654
136,38,8531.250,7593.750,1835.412
137,38,8593.750,7593.750,1877.570
138,38,8656.250,7593.750,1910.466
139,38,8718.750,7593.750,1947.115
140,38,8781.250,7593.750,1986.757
141,38,8843.750,7593.750,2039.926
142,38,8906.250,7593.750,2100.009
143,38,8968.750,7593.750,2156.409
144,38,9031.250,7593.750,2204.744
145,38,9093.750,7593.750,2251.559
146,38,9156.250,7593.750,2216.962
147,38,9218.750,7593.750,2176.756
148,38,9281.250,7593.750,2162.835
149,38,9343.750,7593.750,2168.574
150,38,9406.250,7593.750,2172.941
151,38,9468.750,7593.750,2166.376
152,38,9531.250,7593.750,2179.708
153,38,9593.750,7593.750,2225.483
154,38,9656.250,7593.750,2272.279
155,38,9718.750,7593.750,2295.451
156,38,9781.250,7593.750,2309.572
157,38,9843.750,7593.750,2336.230
158,38,9906.250,7593.750,2402.674
159,38,9968.750,7593.750,2372.632
0,39,31.250,7531.250,2276.681
1,39,93.750,7531.250,2256.810
2,39,156.250,7531.250,2226.569
3,39,218.750,7531.250,2214.141
4,39,281.250,7531.250,2207.830
5,39,343.750,7531.250,2169.310
6,39,406.250,7531.250,2119.345
7,39,468.750,7531.250,2073.912
8,39,531.250,7531.250,2008.011
9,39,593.750,7531.250,1939.733
10,39,656.250,7531.250,1928.589
11,39,718.750,7531.250,1974.784
12,39,781.250,7531.250,2052.364
13,39,843.750,7531.250,2160.228
14,39,906.250,7531.250,2264.704
15,39,968.750,7531.250,2305.832
16,39,1031.250,7531.250,2308.238
17,39,1093.750,7531.250,2318.869
18,39,1156.250,7531.250,2331.035
19,39,1218.750,7531.250,2325.151
20,39,1281.250,7531.250,2341.302
21,39,1343.750,7531.250,2316.849
22,39,1406.250,7531.250,2248.251
23,39,1468.750,7531.250,2222.584
24,39,1531.250,7531.250,2190.360
25,39,1593.750,7531.250,2126.559
26,39,1656.250,7531.250,2044.814
27,39,1718.750,7531.250,1952.303
28,39,1781.250,7531.250,1853.858
29,39,1843.750,7531.250,1768.865
30,39,1906.250,7531.250,1712.895
31,39,1968.750,7531.250,1671.183
32,39,2031.250,7531.250,1633.014
33,39,2093.750,7531.250,1590.134
34,39,2156.250,7531.250,1542.568
35,39,2218.750,7531.250,1495.905
36,39,2281.250,7531.250,1460.795
37,39,2343.750,7531.250,1418.316
38,39,2406.250,7531.250,1351.504
39,39,2468.750,7531.250,1288.253
40,39,2531.250,7531.250,1275.472
41,39,2593.750,7531.250,1289.566
42,39,2656.250,7531.250,1312.940
43,39,2718.750,7531.250,1358.584
44,39,2781.250,7531.250,1412.789
45,39,2843.750,7531.250,1433.162
46,39,2906.250,7531.250,1432.049
47,39,2968.750,7531.250,1444.536
48,39,3031.250,7531.250,1463.797
49,39,3093.750,7531.250,1470.836
50,39,3156.250,7531.250,1473.333
51,39,3218.750,7531.250,1482.344
52,39,3281.250,7531.250,1500.834
53,39,3343.750,7531.250,1545.859
54,39,3406.250,7531.250,1596.092
55,39,3468.750,7531.250,1597.090
56,39,3531.250,7531.250,1563.030
57,39,3593.750,7531.250,1508.201
58,39,3656.250,7531.250,1458.026
59,39,3718.750,7531.250,1439.928
60,39,3781.250,7531.250,1461.099
61,39,3843.750,7531.250,1504.414
62,39,3906.250,7531.250,1590.082
63,39,3968.750,7531.250,1692.323
64,39,4031.250,7531.250,1777.646
65,39,4093.750,7531.250,1858.119
66,39,4156.250,7531.250,1952.872
67,39,4218.750,7531.250,1950.711
68,39,4281.250,7531.250,1859.572
69,39,4343.750,7531.250,1804.388
70,39,4406.250,7531.250,1765.046
71,39,4468.750,7531.250,1745.467
72,39,4531.250,7531.250,1746.032
73,39,4593.750,7531.250,1746.078
74,39,4656.250,7531.250,1749.782
75,39,4718.750,7531.250,1789.467
76,39,4781.250,7531.250,1835.618
77,39,4843.750,7531.250,1864.598
78,39,4906.250,7531.250,1869.046
79,39,4968.750,7531.250,1866.088
80,39,5031.250,7531.250,1876.696
81,39,5093.750,7531.250,1915.752
82,39,5156.250,7531.250,1967.205
83,39,5218.750,7531.250,2035.744
84,39,5281.250,7531.250,2064.614
85,39,5343.750,7531.250,2055.567
86,39,5406.250,7531.250,2066.579
87,39,5468.750,7531.250,2065.585
88,39,5531.250,7531.250,2053.421
89,39,5593.750,7531.250,2033.296
90,39,5656.250,7531.250,1979.611
91,39,5718.750,7531.250,1915.863
92,39,5781.250,7531.250,1870.193
93,39,5843.750,7531.250,1835.663
94,39,5906.250,7531.250,1791.795
95,39,5968.750,7531.250,1743.922
96,39,6031.250,7531.250,1696.280
97,39,6093.750,7531.250,1621.767
98,39,6156.250,7531.250,1535.633
99,39,6218.750,7531.250,1473.808
100,39,6281.250,7531.250,1433.586
101,39,6343.750,7531.250,1389.095
102,39,6406.250,7531.250,1340.354
103,39,6468.750,7531.250,1287.451
104,39,6531.250,7531.250,1230.023
105,39,6593.750,7531.250,1172.123
106,39,6656.250,7531.250,1119.567
107,39,6718.750,7531.250,1109.810
108,39,6781.250,7531.250,1145.949
109,39,6843.750,7531.250,1176.719
110,39,6906.250,7531.250,1169.538
111,39,6968.750,7531.250,1156.090
112,39,7031.250,7531.250,1161.963
113,39,7093.750,7531.250,1213.261
114,39,7156.250,7531.250,1288.952
115,39,7218.750,7531.250,1332.812
116,39,7281.250,7531.250,1334.290
117,39,7343.750,7531.250,1333.136
118,39,7406.250,7531.250,1341.902
119,39,7468.750,7531.250,1344.792
120,39,7531.250,7531.250,1353.678
121,39,7593.750,7531.250,1380.324
122,39,7656.250,7531.250,1402.450
123,39,7718.750,7531.250,1413.416
124,39,7781.250,7531.250,1421.743
125,39,7843.750,7531.250,1425.918
126,39,7906.250,7531.250,1431.474
127,39,7968.750,7531.250,1434.978
128,39,8031.250,7531.250,1434.996
129,39,8093.750,7531.250,1453.936
130,39,8156.250,7531.250,1510.784
131,39,8218.750,7531.250,1568.798
132,39,8281.250,7531.250,1634.218
133,39,8343.750,7531.250,1690.284
134,39,8406.250,7531.250,1726.206
135,39,8468.750,7531.250,1763.704
136,39,8531.250,7531.250,1811.119
137,39,8593.750,7531.250,1849.770
138,39,8656.250,7531.250,1880.548
139,39,8718.750,7531.250,1914.224
140,39,8781.250,7531.250,1951.807
141,39,8843.750,7531.250,2002.354
142,39,8906.250,7531.250,2063.446
143,39,8968.750,7531.250,2140.434
144,39,9031.250,7531.250,2216.551
145,39,9093.750,7531.250,2229.494
146,39,9156.250,7531.250,2184.495
147,39,9218.750,7531.250,2143.160
148,39,9281.250,7531.250,2126.500
149,39,9343.750,7531.250,2132.126
150,39,9406.250,7531.250,2137.555
151,39,9468.750,7531.250,2136.986
152,39,9531.250,7531.250,2156.899
153,39,9593.750,7531.250,2208.492
154,39,9656.250,7531.250,2259.851
155,39,9718.750,7531.250,2283.781
156,39,9781.250,7531.250,2303.042
157,39,9843.750,7531.250,2334.233
158,39,9906.250,7531.250,2400.403
159,39,9968.750,7531.250,2355.242
0,40,31.250,7468.750,2297.127
1,40,93.750,7468.750,2275.296
2,40,156.250,7468.750,2244.007
3,40,218.750,7468.750,2231.719
4,40,281.250,7468.750,2227.307
5,40,343.750,7468.750,2192.995
6,40,406.250,7468.750,2145.633
7,40,468.750,7468.750,2099.314
8,40,531.250,7468.750,2033.179
9,40,593.750,7468.750,1964.895
10,40,656.250,7468.750,1951.850
11,40,718.750,7468.750,1994.759
12,40,781.250,7468.750,2063.817
13,40,843.750,7468.750,2159.263
14,40,906.250,7468.750,2256.081
15,40,968.750,7468.750,2299.242
16,40,1031.250,7468.750,2308.316
17,40,1093.750,7468.750,2325.686
18,40,1156.250,7468.750,2341.676
19,40,1218.750,7468.750,2339.495
20,40,1281.250,7468.750,2359.899
21,40,1343.750,7468.750,2317.504
22,40,1406.250,7468.750,2242.633
23,40,1468.750,7468.750,2206.525
24,40,1531.250,7468.750,2162.909
25,40,1593.750,7468.750,2090.273
26,40,1656.250,7468.750,1999.638
27,40,1718.750,7468.750,1900.468
28,40,1781.250,7468.750,1798.708
29,40,1843.750,7468.750,1712.049
30,40,1906.250,7468.750,1655.078
31,40,1968.750,7468.750,1611.505
32,40,2031.250,7468.750,1572.859
33,40,2093.750,7468.750,1533.377
34,40,2156.250,7468.750,1489.559
35,40,2218.750,7468.750,1443.708
36,40,2281.250,7468.750,1406.315
37,40,2343.750,7468.750,1359.060
38,40,2406.250,7468.750,1287.957
39,40,2468.750,7468.750,1222.100
40,40,2531.250,7468.750,1200.826
41,40,2593.750,7468.750,1201.366
42,40,2656.250,7468.750,1216.852
43,40,2718.750,7468.750,1267.486
44,40,2781.250,7468.750,1334.134
45,40,2843.750,7468.750,1366.784
46,40,2906.250,7468.750,1373.375
47,40,2968.750,7468.750,1391.635
48,40,3031.250,7468.750,1418.927
49,40,3093.750,7468.750,1434.256
50,40,3156.250,7468.750,1442.657
51,40,3218.750,7468.750,1456.174
52,40,3281.250,7468.750,1476.953
53,40,3343.750,7468.750,1523.712
54,40,3406.250,7468.750,1576.475
55,40,3468.750,7468.750,1578.333
56,40,3531.250,7468.750,1542.122
57,40,3593.750,7468.750,1487.891
58,40,3656.250,7468.750,1444.053
59,40,3718.750,7468.750,1433.268
60,40,3781.250,7468.750,1459.578
61,40,3843.750,7468.750,1505.728
62,40,3906.250,7468.750,1591.044
63,40,3968.750,7468.750,1691.785
64,40,4031.250,7468.750,1777.251
65,40,4093.750,7468.750,1860.015
66,40,4156.250,7468.750,1956.169
67,40,4218.750,7468.750,1968.132
68,40,4281.250,7468.750,1874.771
69,40,4343.750,7468.750,1813.662
70,40,4406.250,7468.750,1769.337
71,40,4468.750,7468.750,1747.922
72,40,4531.250,7468.750,1751.462
73,40,4593.750,7468.750,1759.025
74,40,4656.250,7468.750,1771.953
75,40,4718.750,7468.750,1818.078
76,40,4781.250,7468.750,1869.234
77,40,4843.750,7468.750,1903.321
78,40,4906.250,7468.750,1912.675
79,40,4968.750,7468.750,1912.112
80,40,5031.250,7468.750,1922.275
81,40,5093.750,7468.750,1959.657
82,40,5156.250,7468.750,2009.638
83,40,5218.750,7468.750,2075.022
84,40,5281.250,7468.750,2074.189
85,40,5343.750,7468.750,2063.974
86,40,5406.250,7468.750,2073.136
87,40,5468.750,7468.750,2069.087
88,40,5531.250,7468.750,2053.588
89,40,5593.750,7468.750,2029.410
90,40,5656.250,7468.750,1973.541
91,40,5718.750,7468.750,1911.944
92,40,5781.250,7468.750,1868.494
93,40,5843.750,7468.750,1836.199
94,40,5906.250,7468.750,1797.041
95,40,5968.750,7468.750,1753.308
96,40,6031.250,7468.750,1708.521
97,40,6093.750,7468.750,1636.035
98,40,6156.250,7468.750,1548.546
99,40,6218.750,7468.750,1482.498
100,40,6281.250,7468.750,1439.811
101,40,6343.750,7468.750,1392.307
102,40,6406.250,7468.750,1339.421
103,40,6468.750,7468.750,1283.220
104,40,6531.250,7468.750,1225.962
105,40,6593.750,7468.750,1170.636
106,40,6656.250,7468.750,1122.097
107,40,6718.750,7468.750,1114.806
108,40,6781.250,7468.750,1153.070
109,40,6843.750,7468.750,1187.035
110,40,6906.250,7468.750,1183.438
111,40,6968.750,7468.750,1171.373
112,40,7031.250,7468.750,1176.496
113,40,7093.750,7468.750,1228.099
114,40,7156.250,7468.750,1305.424
115,40,7218.750,7468.750,1352.994
116,40,7281.250,7468.750,1357.434
117,40,7343.750,7468.750,1358.014
118,40,7406.250,7468.750,1367.882
119,40,7468.750,7468.750,1372.488
120,40,7531.250,7468.750,1380.903
121,40,7593.750,7468.750,1406.150
122,40,7656.250,7468.750,1425.794
123,40,7718.750,7468.750,1434.937
124,40,7781.250,7468.750,1442.230
125,40,7843.750,7468.750,1443.455
126,40,7906.250,7468.750,1442.515
127,40,7968.750,7468.750,1440.167
128,40,8031.250,7468.750,1436.021
129,40,8093.750,7468.750,1453.094
130,40,8156.250,7468.750,1512.070
131,40,8218.750,7468.750,1573.135
132,40,8281.250,7468.750,1639.921
133,40,8343.750,7468.750,1698.228
134,40,8406.250,7468.750,1737.024
135,40,8468.750,7468.750,1775.004
136,40,8531.250,7468.750,1822.349
137,40,8593.750,7468.750,1860.770
138,40,8656.250,7468.750,1889.860
139,40,8718.750,7468.750,1920.374
140,40,8781.250,7468.750,1954.482
141,40,8843.750,7468.750,2001.565
142,40,8906.250,7468.750,2061.101
143,40,8968.750,7468.750,2139.926
144,40,9031.250,7468.750,2219.067
145,40,9093.750,7468.750,2227.447
146,40,9156.250,7468.750,2181.753
147,40,9218.750,7468.750,2137.331
148,40,9281.250,7468.750,2114.917
149,40,9343.750,7468.750,2115.102
150,40,9406.250,7468.750,2119.809
151,40,9468.750,7468.750,2121.021
152,40,9531.250,7468.750,2141.410
153,40,9593.750,7468.750,2192.963
154,40,9656.250,7468.750,2246.877
155,40,9718.750,7468.750,2273.600
156,40,9781.250,7468.750,2293.527
157,40,9843.750,7468.750,2322.998
158,40,9906.250,7468.750,2385.333
159,40,9968.750,7468.750,2358.138
0,41,31.250,7406.250,2340.242
1,41,93.750,7406.250,2326.618
2,41,156.250,7406.250,2293.870
3,41,218.750,7406.250,2267.921
4,41,281.250,7406.250,2244.765
5,41,343.750,7406.250,2211.462
6,41,406.250,7406.250,2163.110
7,41,468.750,7406.250,2111.495
8,41,531.250,7406.250,2054.781
9,41,593.750,7406.250,2003.686
10,41,656.250,7406.250,1994.956
11,41,718.750,7406.250,2040.805
12,41,781.250,7406.250,2098.826
13,41,843.750,7406.250,2151.661
14,41,906.250,7406.250,2203.809
15,41,968.750,7406.250,2247.143
16,41,1031.250,7406.250,2287.011
17,41,1093.750,7406.250,2327.241
18,41,1156.250,7406.250,2348.990
19,41,1218.750,7406.250,2353.302
20,41,1281.250,7406.250,2373.959
21,41,1343.750,7406.250,2349.600
22,41,1406.250,7406.250,2281.867
23,41,1468.750,7406.250,2218.642
24,41,1531.250,7406.250,2141.567
25,41,1593.750,7406.250,2056.445
26,41,1656.250,7406.250,1959.668
27,41,1718.750,7406.250,1857.530
28,41,1781.250,7406.250,1763.977
29,41,1843.750,7406.250,1690.320
30,41,1906.250,7406.250,1632.667
31,41,1968.750,7406.250,1574.561
32,41,2031.250,7406.250,1527.474
33,41,2093.750,7406.250,1493.603
34,41,2156.250,7406.250,1456.616
35,41,2218.750,7406.250,1414.379
36,41,2281.250,7406.250,1380.941
37,41,2343.750,7406.250,1333.569
38,41,2406.250,7406.250,1268.120
39,41,2468.750,7406.250,1214.109
40,41,2531.250,7406.250,1182.438
41,41,2593.750,7406.250,1150.353
42,41,2656.250,7406.250,1143.514
43,41,2718.750,7406.250,1189.845
44,41,2781.250,7406.250,1259.263
45,41,2843.750,7406.250,1306.212
46,41,2906.250,7406.250,1330.063
47,41,2968.750,7406.250,1360.425
48,41,3031.250,7406.250,1403.319
49,41,3093.750,7406.250,1437.025
50,41,3156.250,7406.250,1453.506
51,41,3218.750,7406.250,1472.848
52,41,3281.250,7406.250,1491.694
53,41,3343.750,7406.250,1521.163
54,41,3406.250,7406.250,1554.912
55,41,3468.750,7406.250,1552.461
56,41,3531.250,7406.250,1509.333
57,41,3593.750,7406.250,1455.209
58,41,3656.250,7406.250,1420.035
59,41,3718.750,7406.250,1416.282
60,41,3781.250,7406.250,1450.800
61,41,3843.750,7406.250,1513.069
62,41,3906.250,7406.250,1606.207
63,41,3968.750,7406.250,1708.990
64,41,4031.250,7406.250,1800.725
65,41,4093.750,7406.250,1888.053
66,41,4156.250,7406.250,1985.061
67,41,4218.750,7406.250,1976.449
68,41,4281.250,7406.250,1885.474
69,41,4343.750,7406.250,1820.301
70,41,4406.250,7406.250,1768.558
71,41,4468.750,7406.250,1740.081
72,41,4531.250,7406.250,1742.352
73,41,4593.750,7406.250,1760.691
74,41,4656.250,7406.250,1789.652
75,41,4718.750,7406.250,1841.390
76,41,4781.250,7406.250,1894.960
77,41,4843.750,7406.250,1935.376
78,41,4906.250,7406.250,1956.550
79,41,4968.750,7406.250,1964.961
80,41,5031.250,7406.250,1972.681
81,41,5093.750,7406.250,1993.203
82,41,5156.250,7406.250,2027.333
83,41,5218.750,7406.250,2082.589
84,41,5281.250,7406.250,2114.306
85,41,5343.750,7406.250,2098.363
86,41,5406.250,7406.250,2089.762
87,41,5468.750,7406.250,2070.474
88,41,5531.250,7406.250,2045.626
89,41,5593.750,7406.250,2011.763
90,41,5656.250,7406.250,1957.224
91,41,5718.750,7406.250,1915.411
92,41,5781.250,7406.250,1882.419
93,41,5843.750,7406.250,1849.590
94,41,5906.250,7406.250,1816.051
95,41,5968.750,7406.250,1776.435
96,41,6031.250,7406.250,1730.018
97,41,6093.750,7406.250,1660.723
98,41,6156.250,7406.250,1572.322
99,41,6218.750,7406.250,1496.062
100,41,6281.250,7406.250,1447.652
101,41,6343.750,7406.250,1386.777
102,41,6406.250,7406.250,1322.079
103,41,6468.750,7406.250,1275.191
104,41,6531.250,7406.250,1240.323
105,41,6593.750,7406.250,1195.808
106,41,6656.250,7406.250,1160.886
107,41,6718.750,7406.250,1159.456
108,41,6781.250,7406.250,1190.635
109,41,6843.750,7406.250,1216.378
110,41,6906.250,7406.250,1215.176
111,41,6968.750,7406.250,1212.742
112,41,7031.250,7406.250,1220.178
113,41,7093.750,7406.250,1251.659
114,41,7156.250,7406.250,1302.201
115,41,7218.750,7406.250,1350.124
116,41,7281.250,7406.250,1369.755
117,41,7343.750,7406.250,1380.615
118,41,7406.250,7406.250,1396.980
119,41,7468.750,7406.250,1411.691
120,41,7531.250,7406.250,1421.240
121,41,7593.750,7406.250,1442.946
122,41,7656.250,7406.250,1457.092
123,41,7718.750,7406.250,1459.499
124,41,7781.250,7406.250,1461.059
125,41,7843.750,7406.250,1459.628
126,41,7906.250,7406.250,1451.511
127,41,7968.750,7406.250,1446.272
128,41,8031.250,7406.250,1440.124
129,41,8093.750,7406.250,1453.436
130,41,8156.250,7406.250,1516.526
131,41,8218.750,7406.250,1588.451
132,41,8281.250,7406.250,1658.922
133,41,8343.750,7406.250,1721.336
134,41,8406.250,7406.250,1769.128
135,41,8468.750,7406.250,1809.757
136,41,8531.250,7406.250,1864.227
137,41,8593.750,7406.250,1909.348
138,41,8656.250,7406.250,1937.521
139,41,8718.750,7406.250,1962.964
140,41,8781.250,7406.250,1993.265
141,41,8843.750,7406.250,2036.821
142,41,8906.250,7406.250,2093.795
143,41,8968.750,7406.250,2159.480
144,41,9031.250,7406.250,2219.958
145,41,9093.750,7406.250,2242.557
146,41,9156.250,7406.250,2191.719
147,41,9218.750,7406.250,2141.921
148,41,9281.250,7406.250,2107.772
149,41,9343.750,7406.250,2091.611
150,41,9406.250,7406.250,2095.456
151,41,9468.750,7406.250,2109.421
152,41,9531.250,7406.250,2136.761
153,41,9593.750,7406.250,2190.882
154,41,9656.250,7406.250,2253.131
155,41,9718.750,7406.250,2281.987
156,41,9781.250,7406.250,2287.535
157,41,9843.750,7406.250,2300.923
158,41,9906.250,7406.250,2350.136
159,41,9968.750,7406.250,2390.253
0,42,31.250,7343.750,2284.325
1,42,93.750,7343.750,2321.511
2,42,156.250,7343.750,2357.537
3,42,218.750,7343.750,2317.053
4,42,281.250,7343.750,2271.300
5,42,343.750,7343.750,2236.081
6,42,406.250,7343.750,2182.928
7,42,468.750,7343.750,2122.912
8,42,531.250,7343.750,2074.577
9,42,593.750,7343.750,2041.409
10,42,656.250,7343.750,2037.614
11,42,718.750,7343.750,2087.642
12,42,781.250,7343.750,2135.080
13,42,843.750,7343.750,2140.476
14,42,906.250,7343.750,2140.328
15,42,968.750,7343.750,2181.255
16,42,1031.250,7343.750,2253.276
17,42,1093.750,7343.750,2317.092
18,42,1156.250,7343.750,2343.926
19,42,1218.750,7343.750,2353.563
20,42,1281.250,7343.750,2372.357
21,42,1343.750,7343.750,2390.036
22,42,1406.250,7343.750,2332.279
23,42,1468.750,7343.750,2241.885
24,42,1531.250,7343.750,2130.337
25,42,1593.750,7343.750,2032.819
26,42,1656.250,7343.750,1929.237
27,42,1718.750,7343.750,1823.347
28,42,1781.250,7343.750,1739.295
29,42,1843.750,7343.750,1680.718
30,42,1906.250,7343.750,1621.470
31,42,1968.750,7343.750,1545.804
32,42,2031.250,7343.750,1488.361
33,42,2093.750,7343.750,1459.201
34,42,2156.250,7343.750,1428.006
35,42,2218.750,7343.750,1389.012
36,42,2281.250,7343.750,1361.599
37,42,2343.750,7343.750,1316.870
38,42,2406.250,7343.750,1261.115
39,42,2468.750,7343.750,1223.617
40,42,2531.250,7343.750,1184.937
41,42,2593.750,7343.750,1120.479
42,42,2656.250,7343.750,1090.307
43,42,2718.750,7343.750,1128.899
44,42,2781.250,7343.750,1195.322
45,42,2843.750,7343.750,1252.661
46,42,2906.250,7343.750,1293.554
47,42,2968.750,7343.750,1337.703
48,42,3031.250,7343.750,1398.878
49,42,3093.750,7343.750,1453.685
50,42,3156.250,7343.750,1478.212
51,42,3218.750,7343.750,1501.365
52,42,3281.250,7343.750,1514.090
53,42,3343.750,7343.750,1519.500
54,42,3406.250,7343.750,1528.534
55,42,3468.750,7343.750,1521.408
56,42,3531.250,7343.750,1472.195
57,42,3593.750,7343.750,1420.039
58,42,3656.250,7343.750,1394.983
59,42,3718.750,7343.750,1398.021
60,42,3781.250,7343.750,1440.281
61,42,3843.750,7343.750,1522.200
62,42,3906.250,7343.750,1627.855
63,42,3968.750,7343.750,1736.714
64,42,4031.250,7343.750,1837.332
65,42,4093.750,7343.750,1927.928
66,42,4156.250,7343.750,2021.780
67,42,4218.750,7343.750,1982.420
68,42,4281.250,7343.750,1897.452
69,42,4343.750,7343.750,1832.387
70,42,4406.250,7343.750,1775.624
71,42,4468.750,7343.750,1739.070
72,42,4531.250,7343.750,1736.225
73,42,4593.750,7343.750,1761.524
74,42,4656.250,7343.750,1803.608
75,42,4718.750,7343.750,1858.265
76,42,4781.250,7343.750,1912.581
77,42,4843.750,7343.750,1959.652
78,42,4906.250,7343.750,1995.286
79,42,4968.750,7343.750,2015.664
80,42,5031.250,7343.750,2020.985
81,42,5093.750,7343.750,2019.945
82,42,5156.250,7343.750,2032.045
83,42,5218.750,7343.750,2073.041
84,42,5281.250,7343.750,2119.785
85,42,5343.750,7343.750,2139.190
86,42,5406.250,7343.750,2116.970
87,42,5468.750,7343.750,2078.406
88,42,5531.250,7343.750,2041.814
89,42,5593.750,7343.750,1997.125
90,42,5656.250,7343.750,1944.998
91,42,5718.750,7343.750,1924.837
92,42,5781.250,7343.750,1901.508
93,42,5843.750,7343.750,1865.279
94,42,5906.250,7343.750,1835.158
95,42,5968.750,7343.750,1798.718
96,42,6031.250,7343.750,1751.696
97,42,6093.750,7343.750,1689.091
98,42,6156.250,7343.750,1602.909
99,42,6218.750,7343.750,1517.267
100,42,6281.250,7343.750,1463.217
101,42,6343.750,7343.750,1389.266
102,42,6406.250,7343.750,1313.833
103,42,6468.750,7343.750,1279.545
104,42,6531.250,7343.750,1270.376
105,42,6593.750,7343.750,1237.022
106,42,6656.250,7343.750,1215.303
107,42,6718.750,7343.750,1218.437
108,42,6781.250,7343.750,1239.361
109,42,6843.750,7343.750,1253.644
110,42,6906.250,7343.750,1253.454
111,42,6968.750,7343.750,1260.583
112,42,7031.250,7343.750,1270.691
113,42,7093.750,7343.750,1279.238
114,42,7156.250,7343.750,1297.856
115,42,7218.750,7343.750,1342.064
116,42,7281.250,7343.750,1374.148
117,42,7343.750,7343.750,1393.365
118,42,7406.250,7343.750,1416.565
119,42,7468.750,7343.750,1442.796
120,42,7531.250,7343.750,1453.799
121,42,7593.750,7343.750,1471.266
122,42,7656.250,7343.750,1479.459
123,42,7718.750,7343.750,1475.336
124,42,7781.250,7343.750,1472.079
125,42,7843.750,7343.750,1470.051
126,42,7906.250,7343.750,1458.434
127,42,7968.750,7343.750,1455.457
128,42,8031.250,7343.750,1451.512
129,42,8093.750,7343.750,1462.042
130,42,8156.250,7343.750,1528.048
131,42,8218.750,7343.750,1609.216
132,42,8281.250,7343.750,1681.048
133,42,8343.750,7343.750,1745.371
134,42,8406.250,7343.750,1801.221
135,42,8468.750,7343.750,1844.065
136,42,8531.250,7343.750,1907.411
137,42,8593.750,7343.750,1961.571
138,42,8656.250,7343.750,1990.512
139,42,8718.750,7343.750,2012.266
140,42,8781.250,7343.750,2040.159
141,42,8843.750,7343.750,2081.107
142,42,8906.250,7343.750,2135.538
143,42,8968.750,7343.750,2185.150
144,42,9031.250,7343.750,2222.618
145,42,9093.750,7343.750,2255.921
146,42,9156.250,7343.750,2200.456
147,42,9218.750,7343.750,2147.818
148,42,9281.250,7343.750,2104.552
149,42,9343.750,7343.750,2072.784
150,42,9406.250,7343.750,2076.184
151,42,9468.750,7343.750,2105.865
152,42,9531.250,7343.750,2142.594
153,42,9593.750,7343.750,2200.453
154,42,9656.250,7343.750,2270.920
155,42,9718.750,7343.750,2298.391
156,42,9781.250,7343.750,2281.945
157,42,9843.750,7343.750,2272.366
158,42,9906.250,7343.750,2304.070
159,42,9968.750,7343.750,2343.976
0,43,31.250,7281.250,2248.994
1,43,93.750,7281.250,2283.408
2,43,156.250,7281.250,2331.242
3,43,218.750,7281.250,2370.150
4,43,281.250,7281.250,2316.457
5,43,343.750,7281.250,2277.458
6,43,406.250,7281.250,2216.591
7,43,468.750,7281.250,2147.583
8,43,531.250,7281.250,2097.166
9,43,593.750,7281.250,2067.197
10,43,656.250,7281.250,2063.391
11,43,718.750,7281.250,2109.032
12,43,781.250,7281.250,2145.372
13,43,843.750,7281.250,2125.956
14,43,906.250,7281.250,2099.800
15,43,968.750,7281.250,2136.431
16,43,1031.250,7281.250,2218.861
17,43,1093.750,7281.250,2291.296
18,43,1156.250,7281.250,2320.843
19,43,1218.750,7281.250,2332.212
20,43,1281.250,7281.250,2349.358
21,43,1343.750,7281.250,2361.136
22,43,1406.250,7281.250,2354.882
23,43,1468.750,7281.250,2254.111
24,43,1531.250,7281.250,2129.272
25,43,1593.750,7281.250,2024.627
26,43,1656.250,7281.250,1914.906
27,43,1718.750,7281.250,1803.889
28,43,1781.250,7281.250,1720.216
29,43,1843.750,7281.250,1664.668
30,43,1906.250,7281.250,1602.242
31,43,1968.750,7281.250,1518.387
32,43,2031.250,7281.250,1456.016
33,43,2093.750,7281.250,1427.098
34,43,2156.250,7281.250,1396.304
35,43,2218.750,7281.250,1357.075
36,43,2281.250,7281.250,1332.445
37,43,2343.750,7281.250,1290.590
38,43,2406.250,7281.250,1240.600
39,43,2468.750,7281.250,1211.030
40,43,2531.250,7281.250,1173.228
41,43,2593.750,7281.250,1099.665
42,43,2656.250,7281.250,1061.045
43,43,2718.750,7281.250,1093.167
44,43,2781.250,7281.250,1153.766
45,43,2843.750,7281.250,1213.172
46,43,2906.250,7281.250,1263.780
47,43,2968.750,7281.250,1319.270
48,43,3031.250,7281.250,1393.291
49,43,3093.750,7281.250,1460.710
50,43,3156.250,7281.250,1490.026
51,43,3218.750,7281.250,1509.840
52,43,3281.250,7281.250,1511.368
53,43,3343.750,7281.250,1498.016
54,43,3406.250,7281.250,1491.702
55,43,3468.750,7281.250,1484.692
56,43,3531.250,7281.250,1439.739
57,43,3593.750,7281.250,1396.184
58,43,3656.250,7281.250,1381.469
59,43,3718.750,7281.250,1390.878
60,43,3781.250,7281.250,1436.790
61,43,3843.750,7281.250,1529.278
62,43,3906.250,7281.250,1644.529
63,43,3968.750,7281.250,1760.308
64,43,4031.250,7281.250,1866.796
65,43,4093.750,7281.250,1957.820
66,43,4156.250,7281.250,2046.424
67,43,4218.750,7281.250,1995.430
68,43,4281.250,7281.250,1919.322
69,43,4343.750,7281.250,1860.182
70,43,4406.250,7281.250,1804.310
71,43,4468.750,7281.250,1763.029
72,43,4531.250,7281.250,1752.863
73,43,4593.750,7281.250,1773.829
74,43,4656.250,7281.250,1814.770
75,43,4718.750,7281.250,1867.798
76,43,4781.250,7281.250,1923.947
77,43,4843.750,7281.250,1977.903
78,43,4906.250,7281.250,2024.647
79,43,4968.750,7281.250,2054.003
80,43,5031.250,7281.250,2057.995
81,43,5093.750,7281.250,2041.311
82,43,5156.250,7281.250,2034.151
83,43,5218.750,7281.250,2060.791
84,43,5281.250,7281.250,2100.232
85,43,5343.750,7281.250,2122.950
86,43,5406.250,7281.250,2157.853
87,43,5468.750,7281.250,2104.537
88,43,5531.250,7281.250,2056.692
89,43,5593.750,7281.250,2004.544
90,43,5656.250,7281.250,1952.827
91,43,5718.750,7281.250,1936.298
92,43,5781.250,7281.250,1909.953
93,43,5843.750,7281.250,1866.433
94,43,5906.250,7281.250,1833.793
95,43,5968.750,7281.250,1799.360
96,43,6031.250,7281.250,1758.862
97,43,6093.750,7281.250,1708.414
98,43,6156.250,7281.250,1632.361
99,43,6218.750,7281.250,1548.930
100,43,6281.250,7281.250,1493.224
101,43,6343.750,7281.250,1416.061
102,43,6406.250,7281.250,1339.172
103,43,6468.750,7281.250,1311.213
104,43,6531.250,7281.250,1311.660
105,43,6593.750,7281.250,1281.917
106,43,6656.250,7281.250,1262.201
107,43,6718.750,7281.250,1263.345
108,43,6781.250,7281.250,1276.218
109,43,6843.750,7281.250,1282.941
110,43,6906.250,7281.250,1282.266
111,43,6968.750,7281.250,1292.846
112,43,7031.250,7281.250,1304.266
113,43,7093.750,7281.250,1303.628
114,43,7156.250,7281.250,1307.544
115,43,7218.750,7281.250,1344.472
116,43,7281.250,7281.250,1374.947
117,43,7343.750,7281.250,1392.720
118,43,7406.250,7281.250,1416.396
119,43,7468.750,7281.250,1445.932
120,43,7531.250,7281.250,1457.156
121,43,7593.750,7281.250,1471.430
122,43,7656.250,7281.250,1475.900
123,43,7718.750,7281.250,1469.172
124,43,7781.250,7281.250,1465.591
125,43,7843.750,7281.250,1467.195
126,43,7906.250,7281.250,1462.967
127,43,7968.750,7281.250,1471.761
128,43,8031.250,7281.250,1478.477
129,43,8093.750,7281.250,1492.872
130,43,8156.250,7281.250,1557.691
131,43,8218.750,7281.250,1636.163
132,43,8281.250,7281.250,1701.741
133,43,8343.750,7281.250,1760.279
134,43,8406.250,7281.250,1814.070
135,43,8468.750,7281.250,1855.789
136,43,8531.250,7281.250,1923.496
137,43,8593.750,7281.250,1983.466
138,43,8656.250,7281.250,2015.801
139,43,8718.750,7281.250,2039.154
140,43,8781.250,7281.250,2066.957
141,43,8843.750,7281.250,2106.000
142,43,8906.250,7281.250,2157.903
143,43,8968.750,7281.250,2200.136
144,43,9031.250,7281.250,2227.817
145,43,9093.750,7281.250,2251.282
146,43,9156.250,7281.250,2197.783
147,43,9218.750,7281.250,2149.616
148,43,9281.250,7281.250,2108.704
149,43,9343.750,7281.250,2074.853
150,43,9406.250,7281.250,2078.418
151,43,9468.750,7281.250,2115.126
152,43,9531.250,7281.250,2156.988
153,43,9593.750,7281.250,2216.666
154,43,9656.250,7281.250,2287.478
155,43,9718.750,7281.250,2308.053
156,43,9781.250,7281.250,2272.625
157,43,9843.750,7281.250,2242.939
158,43,9906.250,7281.250,2258.764
159,43,9968.750,7281.250,2287.907
0,44,31.250,7218.750,2240.671
1,44,93.750,7218.750,2263.872
2,44,156.250,7218.750,2300.674
3,44,218.750,7218.750,2358.698
4,44,281.250,7218.750,2367.231
5,44,343.750,7218.750,2321.573
6,44,406.250,7218.750,2244.349
7,44,468.750,7218.750,2162.895
8,44,531.250,7218.750,2114.771
9,44,593.750,7218.750,2094.483
10,44,656.250,7218.750,2088.831
11,44,718.750,7218.750,2107.925
12,44,781.250,7218.750,2122.662
13,44,843.750,7218.750,2097.784
14,44,906.250,7218.750,2068.806
15,44,968.750,7218.750,2101.903
16,44,1031.250,7218.750,2182.901
17,44,1093.750,7218.750,2255.586
18,44,1156.250,7218.750,2287.016
19,44,1218.750,7218.750,2298.650
20,44,1281.250,7218.750,2315.744
21,44,1343.750,7218.750,2340.375
22,44,1406.250,7218.750,2336.976
23,44,1468.750,7218.750,2249.099
24,44,1531.250,7218.750,2142.199
25,44,1593.750,7218.750,2039.072
26,44,1656.250,7218.750,1928.159
27,44,1718.750,7218.750,1813.774
28,44,1781.250,7218.750,1718.364
29,44,1843.750,7218.750,1648.642
30,44,1906.250,7218.750,1580.879
31,44,1968.750,7218.750,1496.411
32,44,2031.250,7218.750,1432.651
33,44,2093.750,7218.750,1404.766
34,44,2156.250,7218.750,1377.486
35,44,2218.750,7218.750,1336.621
36,44,2281.250,7218.750,1311.098
37,44,2343.750,7218.750,1271.734
38,44,2406.250,7218.750,1216.588
39,44,2468.750,7218.750,1175.847
40,44,2531.250,7218.750,1145.318
41,44,2593.750,7218.750,1098.724
42,44,2656.250,7218.750,1075.227
43,44,2718.750,7218.750,1092.940
44,44,2781.250,7218.750,1132.281
45,44,2843.750,7218.750,1187.297
46,44,2906.250,7218.750,1247.293
47,44,2968.750,7218.750,1313.507
48,44,3031.250,7218.750,1389.235
49,44,3093.750,7218.750,1454.324
50,44,3156.250,7218.750,1485.957
51,44,3218.750,7218.750,1505.168
52,44,3281.250,7218.750,1497.632
53,44,3343.750,7218.750,1462.718
54,44,3406.250,7218.750,1436.277
55,44,3468.750,7218.750,1430.553
56,44,3531.250,7218.750,1400.281
57,44,3593.750,7218.750,1371.553
58,44,3656.250,7218.750,1371.702
59,44,3718.750,7218.750,1394.922
60,44,3781.250,7218.750,1442.529
61,44,3843.750,7218.750,1534.327
62,44,3906.250,7218.750,1650.313
63,44,3968.750,7218.750,1763.775
64,44,4031.250,7218.750,1864.744
65,44,4093.750,7218.750,1956.309
66,44,4156.250,7218.750,2043.799
67,44,4218.750,7218.750,2033.064
68,44,4281.250,7218.750,1960.541
69,44,4343.750,7218.750,1898.712
70,44,4406.250,7218.750,1844.988
71,44,4468.750,7218.750,1806.401
72,44,4531.250,7218.750,1791.878
73,44,4593.750,7218.750,1799.851
74,44,4656.250,7218.750,1827.326
75,44,4718.750,7218.750,1874.003
76,44,4781.250,7218.750,1928.971
77,44,4843.750,7218.750,1986.359
78,44,4906.250,7218.750,2043.636
79,44,4968.750,7218.750,2083.993
80,44,5031.250,7218.750,2086.356
81,44,5093.750,7218.750,2054.577
82,44,5156.250,7218.750,2030.200
83,44,5218.750,7218.750,2042.792
84,44,5281.250,7218.750,2073.593
85,44,5343.750,7218.750,2101.681
86,44,5406.250,7218.750,2150.659
87,44,5468.750,7218.750,2147.478
88,44,5531.250,7218.750,2087.745
89,44,5593.750,7218.750,2031.502
90,44,5656.250,7218.750,1977.235
91,44,5718.750,7218.750,1940.380
92,44,5781.250,7218.750,1895.808
93,44,5843.750,7218.750,1848.993
94,44,5906.250,7218.750,1819.230
95,44,5968.750,7218.750,1787.173
96,44,6031.250,7218.750,1749.143
97,44,6093.750,7218.750,1705.974
98,44,6156.250,7218.750,1642.618
99,44,6218.750,7218.750,1568.535
100,44,6281.250,7218.750,1515.621
101,44,6343.750,7218.750,1451.448
102,44,6406.250,7218.750,1387.006
103,44,6468.750,7218.750,1355.259
104,44,6531.250,7218.750,1342.717
105,44,6593.750,7218.750,1311.250
106,44,6656.250,7218.750,1298.060
107,44,6718.750,7218.750,1301.324
108,44,6781.250,7218.750,1301.554
109,44,6843.750,7218.750,1293.190
110,44,6906.250,7218.750,1290.716
111,44,6968.750,7218.750,1312.435
112,44,7031.250,7218.750,1331.636
113,44,7093.750,7218.750,1331.758
114,44,7156.250,7218.750,1333.980
115,44,7218.750,7218.750,1360.459
116,44,7281.250,7218.750,1372.144
117,44,7343.750,7218.750,1376.352
118,44,7406.250,7218.750,1390.026
119,44,7468.750,7218.750,1409.131
120,44,7531.250,7218.750,1419.250
121,44,7593.750,7218.750,1435.125
122,44,7656.250,7218.750,1441.278
123,44,7718.750,7218.750,1439.774
124,44,7781.250,7218.750,1445.268
125,44,7843.750,7218.750,1454.243
126,44,7906.250,7218.750,1458.559
127,44,7968.750,7218.750,1481.099
128,44,8031.250,7218.750,1512.323
129,44,8093.750,7218.750,1547.199
130,44,8156.250,7218.750,1608.174
131,44,8218.750,7218.750,1670.435
132,44,8281.250,7218.750,1721.474
133,44,8343.750,7218.750,1766.586
134,44,8406.250,7218.750,1807.668
135,44,8468.750,7218.750,1845.662
136,44,8531.250,7218.750,1915.856
137,44,8593.750,7218.750,1979.213
138,44,8656.250,7218.750,2017.848
139,44,8718.750,7218.750,2049.677
140,44,8781.250,7218.750,2076.320
141,44,8843.750,7218.750,2103.306
142,44,8906.250,7218.750,2145.650
143,44,8968.750,7218.750,2194.256
144,44,9031.250,7218.750,2234.259
145,44,9093.750,7218.750,2227.557
146,44,9156.250,7218.750,2190.224
147,44,9218.750,7218.750,2156.205
148,44,9281.250,7218.750,2123.577
149,44,9343.750,7218.750,2095.713
150,44,9406.250,7218.750,2098.637
151,44,9468.750,7218.750,2130.152
152,44,9531.250,7218.750,2170.995
153,44,9593.750,7218.750,2231.141
154,44,9656.250,7218.750,2295.147
155,44,9718.750,7218.750,2306.514
156,44,9781.250,7218.750,2265.216
157,44,9843.750,7218.750,2225.652
158,44,9906.250,7218.750,2225.481
159,44,9968.750,7218.750,2243.368
0,45,31.250,7156.250,2250.692
1,45,93.750,7156.250,2258.116
2,45,156.250,7156.250,2280.658
3,45,218.750,7156.250,2323.503
4,45,281.250,7156.250,2378.683
5,45,343.750,7156.250,2354.330
6,45,406.250,7156.250,2256.832
7,45,468.750,7156.250,2161.950
8,45,531.250,7156.250,2122.949
9,45,593.750,7156.250,2121.525
10,45,656.250,7156.250,2114.781
11,45,718.750,7156.250,2098.932
12,45,781.250,7156.250,2088.825
13,45,843.750,7156.250,2064.895
14,45,906.250,7156.250,2039.118
15,45,968.750,7156.250,2069.219
16,45,1031.250,7156.250,2147.905
17,45,1093.750,7156.250,2219.469
18,45,1156.250,7156.250,2251.907
19,45,1218.750,7156.250,2263.584
20,45,1281.250,7156.250,2281.476
21,45,1343.750,7156.250,2325.258
22,45,1406.250,7156.250,2304.532
23,45,1468.750,7156.250,2238.359
24,45,1531.250,7156.250,2161.676
25,45,1593.750,7156.250,2064.408
26,45,1656.250,7156.250,1955.885
27,45,1718.750,7156.250,1840.197
28,45,1781.250,7156.250,1728.996
29,45,1843.750,7156.250,1638.384
30,45,1906.250,7156.250,1563.528
31,45,1968.750,7156.250,1478.383
32,45,2031.250,7156.250,1412.287
33,45,2093.750,7156.250,1386.346
34,45,2156.250,7156.250,1365.458
35,45,2218.750,7156.250,1322.989
36,45,2281.250,7156.250,1295.707
37,45,2343.750,7156.250,1258.936
38,45,2406.250,7156.250,1193.974
39,45,2468.750,7156.250,1134.294
40,45,2531.250,7156.250,1113.460
41,45,2593.750,7156.250,1109.403
42,45,2656.250,7156.250,1111.685
43,45,2718.750,7156.250,1110.206
44,45,2781.250,7156.250,1119.410
45,45,2843.750,7156.250,1167.945
46,45,2906.250,7156.250,1238.318
47,45,2968.750,7156.250,1314.848
48,45,3031.250,7156.250,1387.104
49,45,3093.750,7156.250,1443.668
50,45,3156.250,7156.250,1477.300
51,45,3218.750,7156.250,1501.640
52,45,3281.250,7156.250,1490.504
53,45,3343.750,7156.250,1432.636
54,45,3406.250,7156.250,1381.056
55,45,3468.750,7156.250,1375.375
56,45,3531.250,7156.250,1361.273
57,45,3593.750,7156.250,1347.275
58,45,3656.250,7156.250,1363.100
59,45,3718.750,7156.250,1403.187
60,45,3781.250,7156.250,1451.874
61,45,3843.750,7156.250,1538.954
62,45,3906.250,7156.250,1651.817
63,45,3968.750,7156.250,1757.579
64,45,4031.250,7156.250,1846.891
65,45,4093.750,7156.250,1938.423
66,45,4156.250,7156.250,2026.232
67,45,4218.750,7156.250,2083.195
68,45,4281.250,7156.250,2009.573
69,45,4343.750,7156.250,1938.480
70,45,4406.250,7156.250,1886.953
71,45,4468.750,7156.250,1855.394
72,45,4531.250,7156.250,1839.193
73,45,4593.750,7156.250,1832.363
74,45,4656.250,7156.250,1842.895
75,45,4718.750,7156.250,1880.412
76,45,4781.250,7156.250,1929.575
77,45,4843.750,7156.250,1985.525
78,45,4906.250,7156.250,2051.932
79,45,4968.750,7156.250,2104.583
80,45,5031.250,7156.250,2105.505
81,45,5093.750,7156.250,2059.262
82,45,5156.250,7156.250,2020.749
83,45,5218.750,7156.250,2021.424
84,45,5281.250,7156.250,2043.009
85,45,5343.750,7156.250,2076.966
86,45,5406.250,7156.250,2133.001
87,45,5468.750,7156.250,2185.048
88,45,5531.250,7156.250,2119.315
89,45,5593.750,7156.250,2061.851
90,45,5656.250,7156.250,2005.074
91,45,5718.750,7156.250,1941.505
92,45,5781.250,7156.250,1876.054
93,45,5843.750,7156.250,1831.384
94,45,5906.250,7156.250,1810.007
95,45,5968.750,7156.250,1779.583
96,45,6031.250,7156.250,1736.612
97,45,6093.750,7156.250,1693.463
98,45,6156.250,7156.250,1639.632
99,45,6218.750,7156.250,1573.966
100,45,6281.250,7156.250,1525.014
101,45,6343.750,7156.250,1480.260
102,45,6406.250,7156.250,1433.679
103,45,6468.750,7156.250,1394.840
104,45,6531.250,7156.250,1362.342
105,45,6593.750,7156.250,1329.817
106,45,6656.250,7156.250,1331.558
107,45,6718.750,7156.250,1343.196
108,45,6781.250,7156.250,1328.539
109,45,6843.750,7156.250,1300.003
110,45,6906.250,7156.250,1295.324
111,45,6968.750,7156.250,1334.065
112,45,7031.250,7156.250,1364.312
113,45,7093.750,7156.250,1365.085
114,45,7156.250,7156.250,1366.251
115,45,7218.750,7156.250,1380.082
116,45,7281.250,7156.250,1365.487
117,45,7343.750,7156.250,1350.462
118,45,7406.250,7156.250,1348.953
119,45,7468.750,7156.250,1351.234
120,45,7531.250,7156.250,1359.490
121,45,7593.750,7156.250,1380.194
122,45,7656.250,7156.250,1391.794
123,45,7718.750,7156.250,1400.228
124,45,7781.250,7156.250,1420.210
125,45,7843.750,7156.250,1438.242
126,45,7906.250,7156.250,1447.685
127,45,7968.750,7156.250,1480.829
128,45,8031.250,7156.250,1540.881
129,45,8093.750,7156.250,1603.257
130,45,8156.250,7156.250,1660.219
131,45,8218.750,7156.250,1702.652
132,45,8281.250,7156.250,1737.064
133,45,8343.750,7156.250,1766.628
134,45,8406.250,7156.250,1791.549
135,45,8468.750,7156.250,1824.657
136,45,8531.250,7156.250,1897.161
137,45,8593.750,7156.250,1963.065
138,45,8656.250,7156.250,2008.497
139,45,8718.750,7156.250,2051.077
140,45,8781.250,7156.250,2076.366
141,45,8843.750,7156.250,2086.633
142,45,8906.250,7156.250,2116.326
143,45,8968.750,7156.250,2176.489
144,45,9031.250,7156.250,2224.718
145,45,9093.750,7156.250,2202.749
146,45,9156.250,7156.250,2187.374
147,45,9218.750,7156.250,2170.707
148,45,9281.250,7156.250,2146.099
149,45,9343.750,7156.250,2124.546
150,45,9406.250,7156.250,2126.004
151,45,9468.750,7156.250,2146.890
152,45,9531.250,7156.250,2182.996
153,45,9593.750,7156.250,2242.341
154,45,9656.250,7156.250,2297.500
155,45,9718.750,7156.250,2300.189
156,45,9781.250,7156.250,2260.893
157,45,9843.750,7156.250,2218.067
158,45,9906.250,7156.250,2202.406
159,45,9968.750,7156.250,2207.740
0,46,31.250,7093.750,2270.695
1,46,93.750,7093.750,2266.917
2,46,156.250,7093.750,2278.376
3,46,218.750,7093.750,2309.193
4,46,281.250,7093.750,2349.243
5,46,343.750,7093.750,2365.120
6,46,406.250,7093.750,2254.954
7,46,468.750,7093.750,2152.472
8,46,531.250,7093.750,2120.349
9,46,593.750,7093.750,2131.909
10,46,656.250,7093.750,2125.533
11,46,718.750,7093.750,2089.221
12,46,781.250,7093.750,2064.397
13,46,843.750,7093.750,2041.380
14,46,906.250,7093.750,2017.384
15,46,968.750,7093.750,2044.465
16,46,1031.250,7093.750,2120.057
17,46,1093.750,7093.750,2189.055
18,46,1156.250,7093.750,2220.462
19,46,1218.750,7093.750,2231.610
20,46,1281.250,7093.750,2250.559
21,46,1343.750,7093.750,2307.702
22,46,1406.250,7093.750,2286.087
23,46,1468.750,7093.750,2232.860
24,46,1531.250,7093.750,2175.033
25,46,1593.750,7093.750,2082.326
26,46,1656.250,7093.750,1976.528
27,46,1718.750,7093.750,1860.669
28,46,1781.250,7093.750,1738.768
29,46,1843.750,7093.750,1632.700
30,46,1906.250,7093.750,1550.513
31,46,1968.750,7093.750,1461.638
32,46,2031.250,7093.750,1390.858
33,46,2093.750,7093.750,1363.597
34,46,2156.250,7093.750,1345.071
35,46,2218.750,7093.750,1300.939
36,46,2281.250,7093.750,1272.724
37,46,2343.750,7093.750,1238.376
38,46,2406.250,7093.750,1168.610
39,46,2468.750,7093.750,1098.886
40,46,2531.250,7093.750,1085.463
41,46,2593.750,7093.750,1109.100
42,46,2656.250,7093.750,1128.518
43,46,2718.750,7093.750,1116.265
44,46,2781.250,7093.750,1108.331
45,46,2843.750,7093.750,1154.270
46,46,2906.250,7093.750,1231.571
47,46,2968.750,7093.750,1314.741
48,46,3031.250,7093.750,1385.428
49,46,3093.750,7093.750,1437.538
50,46,3156.250,7093.750,1473.523
51,46,3218.750,7093.750,1502.552
52,46,3281.250,7093.750,1490.782
53,46,3343.750,7093.750,1420.006
54,46,3406.250,7093.750,1353.410
55,46,3468.750,7093.750,1347.188
56,46,3531.250,7093.750,1342.214
57,46,3593.750,7093.750,1336.748
58,46,3656.250,7093.750,1361.739
59,46,3718.750,7093.750,1411.811
60,46,3781.250,7093.750,1460.651
61,46,3843.750,7093.750,1543.564
62,46,3906.250,7093.750,1653.249
63,46,3968.750,7093.750,1753.029
64,46,4031.250,7093.750,1834.004
65,46,4093.750,7093.750,1924.807
66,46,4156.250,7093.750,2012.801
67,46,4218.750,7093.750,2079.458
68,46,4281.250,7093.750,2051.933
69,46,4343.750,7093.750,1976.109
70,46,4406.250,7093.750,1926.982
71,46,4468.750,7093.750,1900.243
72,46,4531.250,7093.750,1882.335
73,46,4593.750,7093.750,1864.369
74,46,4656.250,7093.750,1861.322
75,46,4718.750,7093.750,1889.178
76,46,4781.250,7093.750,1930.335
77,46,4843.750,7093.750,1981.196
78,46,4906.250,7093.750,2049.934
79,46,4968.750,7093.750,2108.470
80,46,5031.250,7093.750,2108.833
81,46,5093.750,7093.750,2055.931
82,46,5156.250,7093.750,2011.852
83,46,5218.750,7093.750,2007.429
84,46,5281.250,7093.750,2024.488
85,46,5343.750,7093.750,2062.615
86,46,5406.250,7093.750,2124.293
87,46,5468.750,7093.750,2182.098
88,46,5531.250,7093.750,2135.198
89,46,5593.750,7093.750,2079.719
90,46,5656.250,7093.750,2024.006
91,46,5718.750,7093.750,1947.138
92,46,5781.250,7093.750,1872.142
93,46,5843.750,7093.750,1831.399
94,46,5906.250,7093.750,1816.016
95,46,5968.750,7093.750,1785.566
96,46,6031.250,7093.750,1737.034
97,46,6093.750,7093.750,1691.063
98,46,6156.250,7093.750,1640.663
99,46,6218.750,7093.750,1578.545
100,46,6281.250,7093.750,1531.527
101,46,6343.750,7093.750,1499.088
102,46,6406.250,7093.750,1464.732
103,46,6468.750,7093.750,1423.708
104,46,6531.250,7093.750,1382.295
105,46,6593.750,7093.750,1353.190
106,46,6656.250,7093.750,1368.185
107,46,6718.750,7093.750,1387.543
108,46,6781.250,7093.750,1365.184
109,46,6843.750,7093.750,1324.748
110,46,6906.250,7093.750,1318.024
111,46,6968.750,7093.750,1364.803
112,46,7031.250,7093.750,1397.755
113,46,7093.750,7093.750,1394.195
114,46,7156.250,7093.750,1390.502
115,46,7218.750,7093.750,1392.507
116,46,7281.250,7093.750,1357.340
117,46,7343.750,7093.750,1326.159
118,46,7406.250,7093.750,1311.324
119,46,7468.750,7093.750,1300.305
120,46,7531.250,7093.750,1306.475
121,46,7593.750,7093.750,1331.302
122,46,7656.250,7093.750,1348.862
123,46,7718.750,7093.750,1366.945
124,46,7781.250,7093.750,1400.025
125,46,7843.750,7093.750,1427.816
126,46,7906.250,7093.750,1443.133
127,46,7968.750,7093.750,1484.246
128,46,8031.250,7093.750,1562.699
129,46,8093.750,7093.750,1642.086
130,46,8156.250,7093.750,1695.951
131,46,8218.750,7093.750,1724.778
132,46,8281.250,7093.750,1746.639
133,46,8343.750,7093.750,1763.770
134,46,8406.250,7093.750,1775.788
135,46,8468.750,7093.750,1803.366
136,46,8531.250,7093.750,1875.622
137,46,8593.750,7093.750,1942.239
138,46,8656.250,7093.750,1991.699
139,46,8718.750,7093.750,2041.303
140,46,8781.250,7093.750,2067.193
141,46,8843.750,7093.750,2068.424
142,46,8906.250,7093.750,2090.789
143,46,8968.750,7093.750,2157.606
144,46,9031.250,7093.750,2215.092
145,46,9093.750,7093.750,2195.656
146,46,9156.250,7093.750,2194.551
147,46,9218.750,7093.750,2188.915
148,46,9281.250,7093.750,2169.146
149,46,9343.750,7093.750,2151.311
150,46,9406.250,7093.750,2151.503
151,46,9468.750,7093.750,2163.867
152,46,9531.250,7093.750,2194.293
153,46,9593.750,7093.750,2250.556
154,46,9656.250,7093.750,2298.508
155,46,9718.750,7093.750,2294.948
156,46,9781.250,7093.750,2256.776
157,46,9843.750,7093.750,2211.415
158,46,9906.250,7093.750,2184.881
159,46,9968.750,7093.750,2180.963
0,47,31.250,7031.250,2297.884
1,47,93.750,7031.250,2288.585
2,47,156.250,7031.250,2292.000
3,47,218.750,7031.250,2317.485
4,47,281.250,7031.250,2354.871
5,47,343.750,7031.250,2349.222
6,47,406.250,7031.250,2240.870
7,47,468.750,7031.250,2140.408
8,47,531.250,7031.250,2104.414
9,47,593.750,7031.250,2110.804
10,47,656.250,7031.250,2104.928
11,47,718.750,7031.250,2071.400
12,47,781.250,7031.250,2048.905
13,47,843.750,7031.250,2033.781
14,47,906.250,7031.250,2019.307
15,47,968.750,7031.250,2043.821
16,47,1031.250,7031.250,2109.547
17,47,1093.750,7031.250,2171.136
18,47,1156.250,7031.250,2201.025
19,47,1218.750,7031.250,2213.886
20,47,1281.250,7031.250,2235.104
21,47,1343.750,7031.250,2293.101
22,47,1406.250,7031.250,2291.508
23,47,1468.750,7031.250,2237.180
24,47,1531.250,7031.250,2179.302
25,47,1593.750,7031.250,2086.164
26,47,1656.250,7031.250,1974.546
27,47,1718.750,7031.250,1854.535
28,47,1781.250,7031.250,1737.048
29,47,1843.750,7031.250,1636.379
30,47,1906.250,7031.250,1550.044
31,47,1968.750,7031.250,1450.260
32,47,2031.250,7031.250,1368.531
33,47,2093.750,7031.250,1332.486
34,47,2156.250,7031.250,1307.008
35,47,2218.750,7031.250,1259.794
36,47,2281.250,7031.250,1228.297
37,47,2343.750,7031.250,1193.713
38,47,2406.250,7031.250,1131.805
39,47,2468.750,7031.250,1073.118
40,47,2531.250,7031.250,1062.908
41,47,2593.750,7031.250,1084.150
42,47,2656.250,7031.250,1103.284
43,47,2718.750,7031.250,1098.257
44,47,2781.250,7031.250,1100.841
45,47,2843.750,7031.250,1153.117
46,47,2906.250,7031.250,1235.872
47,47,2968.750,7031.250,1321.218
48,47,3031.250,7031.250,1388.821
49,47,3093.750,7031.250,1437.235
50,47,3156.250,7031.250,1474.014
51,47,3218.750,7031.250,1500.480
52,47,3281.250,7031.250,1487.055
53,47,3343.750,7031.250,1422.920
54,47,3406.250,7031.250,1364.437
55,47,3468.750,7031.250,1356.902
56,47,3531.250,7031.250,1347.949
57,47,3593.750,7031.250,1343.293
58,47,3656.250,7031.250,1368.830
59,47,3718.750,7031.250,1416.210
60,47,3781.250,7031.250,1464.833
61,47,3843.750,7031.250,1547.956
62,47,3906.250,7031.250,1657.360
63,47,3968.750,7031.250,1763.032
64,47,4031.250,7031.250,1853.710
65,47,4093.750,7031.250,1942.328
66,47,4156.250,7031.250,2020.115
67,47,4218.750,7031.250,2081.783
68,47,4281.250,7031.250,2073.172
69,47,4343.750,7031.250,1997.834
70,47,4406.250,7031.250,1951.594
71,47,4468.750,7031.250,1925.749
72,47,4531.250,7031.250,1906.520
73,47,4593.750,7031.250,1886.563
74,47,4656.250,7031.250,1879.357
75,47,4718.750,7031.250,1899.279
76,47,4781.250,7031.250,1933.243
77,47,4843.750,7031.250,1977.281
78,47,4906.250,7031.250,2041.524
79,47,4968.750,7031.250,2099.725
80,47,5031.250,7031.250,2102.319
81,47,5093.750,7031.250,2055.905
82,47,5156.250,7031.250,2016.792
83,47,5218.750,7031.250,2007.745
84,47,5281.250,7031.250,2016.795
85,47,5343.750,7031.250,2053.528
86,47,5406.250,7031.250,2118.248
87,47,5468.750,7031.250,2183.990
88,47,5531.250,7031.250,2136.141
89,47,5593.750,7031.250,2084.424
90,47,5656.250,7031.250,2034.003
91,47,5718.750,7031.250,1965.932
92,47,5781.250,7031.250,1899.987
93,47,5843.750,7031.250,1858.052
94,47,5906.250,7031.250,1832.542
95,47,5968.750,7031.250,1799.056
96,47,6031.250,7031.250,1755.694
97,47,6093.750,7031.250,1711.950
98,47,6156.250,7031.250,1660.687
99,47,6218.750,7031.250,1599.786
100,47,6281.250,7031.250,1551.842
101,47,6343.750,7031.250,1517.851
102,47,6406.250,7031.250,1486.135
103,47,6468.750,7031.250,1453.307
104,47,6531.250,7031.250,1421.225
105,47,6593.750,7031.250,1398.051
106,47,6656.250,7031.250,1411.668
107,47,6718.750,7031.250,1428.211
108,47,6781.250,7031.250,1408.635
109,47,6843.750,7031.250,1372.684
110,47,6906.250,7031.250,1363.920
111,47,6968.750,7031.250,1396.481
112,47,7031.250,7031.250,1415.501
113,47,7093.750,7031.250,1401.354
114,47,7156.250,7031.250,1386.609
115,47,7218.750,7031.250,1380.657
116,47,7281.250,7031.250,1343.666
117,47,7343.750,7031.250,1309.372
118,47,7406.250,7031.250,1292.046
119,47,7468.750,7031.250,1282.619
120,47,7531.250,7031.250,1287.742
121,47,7593.750,7031.250,1311.021
122,47,7656.250,7031.250,1330.691
123,47,7718.750,7031.250,1350.494
124,47,7781.250,7031.250,1384.838
125,47,7843.750,7031.250,1423.160
126,47,7906.250,7031.250,1458.796
127,47,7968.750,7031.250,1513.452
128,47,8031.250,7031.250,1593.060
129,47,8093.750,7031.250,1670.661
130,47,8156.250,7031.250,1722.302
131,47,8218.750,7031.250,1744.460
132,47,8281.250,7031.250,1757.060
133,47,8343.750,7031.250,1765.091
134,47,8406.250,7031.250,1768.879
135,47,8468.750,7031.250,1790.058
136,47,8531.250,7031.250,1852.959
137,47,8593.750,7031.250,1912.105
138,47,8656.250,7031.250,1958.108
139,47,8718.750,7031.250,2006.834
140,47,8781.250,7031.250,2038.594
141,47,8843.750,7031.250,2053.638
142,47,8906.250,7031.250,2084.051
143,47,8968.750,7031.250,2145.686
144,47,9031.250,7031.250,2208.160
145,47,9093.750,7031.250,2210.134
146,47,9156.250,7031.250,2211.854
147,47,9218.750,7031.250,2210.238
148,47,9281.250,7031.250,2194.180
149,47,9343.750,7031.250,2179.525
150,47,9406.250,7031.250,2180.317
151,47,9468.750,7031.250,2192.862
152,47,9531.250,7031.250,2219.753
153,47,9593.750,7031.250,2264.730
154,47,9656.250,7031.250,2301.524
155,47,9718.750,7031.250,2295.497
156,47,9781.250,7031.250,2255.863
157,47,9843.750,7031.250,2205.566
158,47,9906.250,7031.250,2169.350
159,47,9968.750,7031.250,2155.321
0,48,31.250,6968.750,2330.668
1,48,93.750,6968.750,2313.948
2,48,156.250,6968.750,2307.076
3,48,218.750,6968.750,2330.708
4,48,281.250,6968.750,2372.873
5,48,343.750,6968.750,2325.317
6,48,406.250,6968.750,2227.156
7,48,468.750,6968.750,2133.047
8,48,531.250,6968.750,2084.402
9,48,593.750,6968.750,2073.200
10,48,656.250,6968.750,2065.551
11,48,718.750,6968.750,2039.187
12,48,781.250,6968.750,2024.507
13,48,843.750,6968.750,2033.251
14,48,906.250,6968.750,2049.139
15,48,968.750,6968.750,2073.302
16,48,1031.250,6968.750,2119.993
17,48,1093.750,6968.750,2168.985
18,48,1156.250,6968.750,2200.292
19,48,1218.750,6968.750,2219.549
20,48,1281.250,6968.750,2244.896
21,48,1343.750,6968.750,2298.124
22,48,1406.250,6968.750,2296.860
23,48,1468.750,6968.750,2241.835
24,48,1531.250,6968.750,2183.601
25,48,1593.750,6968.750,2087.422
26,48,1656.250,6968.750,1958.764
27,48,1718.750,6968.750,1828.791
28,48,1781.250,6968.750,1729.130
29,48,1843.750,6968.750,1653.071
30,48,1906.250,6968.750,1566.076
31,48,1968.750,6968.750,1447.685
32,48,2031.250,6968.750,1347.309
33,48,2093.750,6968.750,1296.774
34,48,2156.250,6968.750,1259.108
35,48,2218.750,6968.750,1207.233
36,48,2281.250,6968.750,1166.664
37,48,2343.750,6968.750,1128.266
38,48,2406.250,6968.750,1082.429
39,48,2468.750,6968.750,1046.807
40,48,2531.250,6968.750,1038.584
41,48,2593.750,6968.750,1048.166
42,48,2656.250,6968.750,1063.958
43,48,2718.750,6968.750,1077.765
44,48,2781.250,6968.750,1105.954
45,48,2843.750,6968.750,1170.196
46,48,2906.250,6968.750,1262.507
47,48,2968.750,6968.750,1349.417
48,48,3031.250,6968.750,1404.794
49,48,3093.750,6968.750,1439.079
50,48,3156.250,6968.750,1472.876
51,48,3218.750,6968.750,1488.271
52,48,3281.250,6968.750,1468.083
53,48,3343.750,6968.750,1421.957
54,48,3406.250,6968.750,1387.603
55,48,3468.750,6968.750,1379.103
56,48,3531.250,6968.750,1360.952
57,48,3593.750,6968.750,1357.425
58,48,3656.250,6968.750,1382.818
59,48,3718.750,6968.750,1421.907
60,48,3781.250,6968.750,1470.519
61,48,3843.750,6968.750,1555.959
62,48,3906.250,6968.750,1665.212
63,48,3968.750,6968.750,1787.301
64,48,4031.250,6968.750,1905.620
65,48,4093.750,6968.750,1990.943
66,48,4156.250,6968.750,2043.945
67,48,4218.750,6968.750,2093.002
68,48,4281.250,6968.750,2075.591
69,48,4343.750,6968.750,1993.319
70,48,4406.250,6968.750,1949.093
71,48,4468.750,6968.750,1925.998
72,48,4531.250,6968.750,1910.650
73,48,4593.750,6968.750,1898.307
74,48,4656.250,6968.750,1895.609
75,48,4718.750,6968.750,1909.928
76,48,4781.250,6968.750,1938.952
77,48,4843.750,6968.750,1976.461
78,48,4906.250,6968.750,2036.328
79,48,4968.750,6968.750,2096.361
80,48,5031.250,6968.750,2103.706
81,48,5093.750,6968.750,2070.804
82,48,5156.250,6968.750,2040.025
83,48,5218.750,6968.750,2015.646
84,48,5281.250,6968.750,2001.334
85,48,5343.750,6968.750,2031.026
86,48,5406.250,6968.750,2097.245
87,48,5468.750,6968.750,2173.579
88,48,5531.250,6968.750,2139.501
89,48,5593.750,6968.750,2089.926
90,48,5656.250,6968.750,2045.337
91,48,5718.750,6968.750,1994.239
92,48,5781.250,6968.750,1947.331
93,48,5843.750,6968.750,1899.085
94,48,5906.250,6968.750,1847.744
95,48,5968.750,6968.750,1809.918
96,48,6031.250,6968.750,1784.996
97,48,6093.750,6968.750,1751.092
98,48,6156.250,6968.750,1700.457
99,48,6218.750,6968.750,1645.193
100,48,6281.250,6968.750,1595.926
101,48,6343.750,6968.750,1553.220
102,48,6406.250,6968.750,1519.819
103,48,6468.750,6968.750,1498.553
104,48,6531.250,6968.750,1480.293
105,48,6593.750,6968.750,1461.002
106,48,6656.250,6968.750,1459.270
107,48,6718.750,6968.750,1460.071
108,48,6781.250,6968.750,1443.152
109,48,6843.750,6968.750,1417.744
110,48,6906.250,6968.750,1406.175
111,48,6968.750,6968.750,1409.829
112,48,7031.250,6968.750,1406.358
113,48,7093.750,6968.750,1381.337
114,48,7156.250,6968.750,1353.652
115,48,7218.750,6968.750,1343.259
116,48,7281.250,6968.750,1319.878
117,48,7343.750,6968.750,1295.357
118,48,7406.250,6968.750,1287.521
119,48,7468.750,6968.750,1293.543
120,48,7531.250,6968.750,1299.083
121,48,7593.750,6968.750,1315.077
122,48,7656.250,6968.750,1331.979
123,48,7718.750,6968.750,1343.687
124,48,7781.250,6968.750,1365.551
125,48,7843.750,6968.750,1415.107
126,48,7906.250,6968.750,1490.824
127,48,7968.750,6968.750,1570.795
128,48,8031.250,6968.750,1646.026
129,48,8093.750,6968.750,1716.249
130,48,8156.250,6968.750,1765.823
131,48,8218.750,6968.750,1778.257
132,48,8281.250,6968.750,1777.176
133,48,8343.750,6968.750,1772.758
134,48,8406.250,6968.750,1765.804
135,48,8468.750,6968.750,1778.822
136,48,8531.250,6968.750,1822.276
137,48,8593.750,6968.750,1864.861
138,48,8656.250,6968.750,1902.253
139,48,8718.750,6968.750,1945.942
140,48,8781.250,6968.750,1987.579
141,48,8843.750,6968.750,2035.139
142,48,8906.250,6968.750,2085.926
143,48,8968.750,6968.750,2136.485
144,48,9031.250,6968.750,2178.338
145,48,9093.750,6968.750,2205.424
146,48,9156.250,6968.750,2211.915
147,48,9218.750,6968.750,2227.075
148,48,9281.250,6968.750,2233.553
149,48,9343.750,6968.750,2224.626
150,48,9406.250,6968.750,2227.797
151,48,9468.750,6968.750,2246.366
152,48,9531.250,6968.750,2271.641
153,48,9593.750,6968.750,2294.534
154,48,9656.250,6968.750,2308.239
155,48,9718.750,6968.750,2301.038
156,48,9781.250,6968.750,2262.685
157,48,9843.750,6968.750,2206.726
158,48,9906.250,6968.750,2152.685
159,48,9968.750,6968.750,2117.653
0,49,31.250,6906.250,2358.836
1,49,93.750,6906.250,2335.883
2,49,156.250,6906.250,2320.453
3,49,218.750,6906.250,2342.976
4,49,281.250,6906.250,2373.749
5,49,343.750,6906.250,2305.672
6,49,406.250,6906.250,2216.416
7,49,468.750,6906.250,2126.939
8,49,531.250,6906.250,2066.010
9,49,593.750,6906.250,2038.344
10,49,656.250,6906.250,2028.799
11,49,718.750,6906.250,2010.478
12,49,781.250,6906.250,2005.778
13,49,843.750,6906.250,2038.661
14,49,906.250,6906.250,2083.325
15,49,968.750,6906.250,2107.803
16,49,1031.250,6906.250,2138.853
17,49,1093.750,6906.250,2178.241
18,49,1156.250,6906.250,2212.180
19,49,1218.750,6906.250,2237.990
20,49,1281.250,6906.250,2267.143
21,49,1343.750,6906.250,2314.768
22,49,1406.250,6906.250,2298.647
23,49,1468.750,6906.250,2245.448
24,49,1531.250,6906.250,2187.961
25,49,1593.750,6906.250,2088.331
26,49,1656.250,6906.250,1944.428
27,49,1718.750,6906.250,1806.072
28,49,1781.250,6906.250,1722.785
29,49,1843.750,6906.250,1669.232
30,49,1906.250,6906.250,1582.082
31,49,1968.750,6906.250,1445.878
32,49,2031.250,6906.250,1326.516
33,49,2093.750,6906.250,1260.555
34,49,2156.250,6906.250,1210.546
35,49,2218.750,6906.250,1154.864
36,49,2281.250,6906.250,1107.590
37,49,2343.750,6906.250,1067.370
38,49,2406.250,6906.250,1036.763
39,49,2468.750,6906.250,1021.630
40,49,2531.250,6906.250,1015.082
41,49,2593.750,6906.250,1016.997
42,49,2656.250,6906.250,1034.061
43,49,2718.750,6906.250,1068.518
44,49,2781.250,6906.250,1121.536
45,49,2843.750,6906.250,1195.975
46,49,2906.250,6906.250,1294.647
47,49,2968.750,6906.250,1380.253
48,49,3031.250,6906.250,1422.348
49,49,3093.750,6906.250,1442.570
50,49,3156.250,6906.250,1473.393
51,49,3218.750,6906.250,1478.776
52,49,3281.250,6906.250,1452.268
53,49,3343.750,6906.250,1421.580
54,49,3406.250,6906.250,1408.437
55,49,3468.750,6906.250,1400.133
56,49,3531.250,6906.250,1377.179
57,49,3593.750,6906.250,1378.789
58,49,3656.250,6906.250,1408.094
59,49,3718.750,6906.250,1442.703
60,49,3781.250,6906.250,1491.536
61,49,3843.750,6906.250,1576.691
62,49,3906.250,6906.250,1681.961
63,49,3968.750,6906.250,1814.367
64,49,4031.250,6906.250,1954.077
65,49,4093.750,6906.250,2036.393
66,49,4156.250,6906.250,2069.747
67,49,4218.750,6906.250,2110.569
68,49,4281.250,6906.250,2073.228
69,49,4343.750,6906.250,1982.100
70,49,4406.250,6906.250,1939.294
71,49,4468.750,6906.250,1921.931
72,49,4531.250,6906.250,1915.470
73,49,4593.750,6906.250,1915.468
74,49,4656.250,6906.250,1920.671
75,49,4718.750,6906.250,1930.826
76,49,4781.250,6906.250,1954.525
77,49,4843.750,6906.250,1984.469
78,49,4906.250,6906.250,2038.359
79,49,4968.750,6906.250,2098.116
80,49,5031.250,6906.250,2108.534
81,49,5093.750,6906.250,2086.319
82,49,5156.250,6906.250,2061.800
83,49,5218.750,6906.250,2023.603
84,49,5281.250,6906.250,1988.945
85,49,5343.750,6906.250,2012.951
86,49,5406.250,6906.250,2081.748
87,49,5468.750,6906.250,2168.719
88,49,5531.250,6906.250,2133.978
89,49,5593.750,6906.250,2084.172
90,49,5656.250,6906.250,2044.582
91,49,5718.750,6906.250,2012.216
92,49,5781.250,6906.250,1988.319
93,49,5843.750,6906.250,1941.511
94,49,5906.250,6906.250,1873.165
95,49,5968.750,6906.250,1833.527
96,49,6031.250,6906.250,1824.247
97,49,6093.750,6906.250,1797.199
98,49,6156.250,6906.250,1745.045
99,49,6218.750,6906.250,1693.208
100,49,6281.250,6906.250,1642.570
101,49,6343.750,6906.250,1592.373
102,49,6406.250,6906.250,1557.595
103,49,6468.750,6906.250,1546.364
104,49,6531.250,6906.250,1539.837
105,49,6593.750,6906.250,1522.721
106,49,6656.250,6906.250,1503.405
107,49,6718.750,6906.250,1484.738
108,49,6781.250,6906.250,1464.502
109,49,6843.750,6906.250,1444.626
110,49,6906.250,6906.250,1430.497
111,49,6968.750,6906.250,1410.941
112,49,7031.250,6906.250,1390.709
113,49,7093.750,6906.250,1358.868
114,49,7156.250,6906.250,1321.364
115,49,7218.750,6906.250,1307.377
116,49,7281.250,6906.250,1297.983
117,49,7343.750,6906.250,1285.530
118,49,7406.250,6906.250,1289.800
119,49,7468.750,6906.250,1312.068
120,49,7531.250,6906.250,1318.795
121,49,7593.750,6906.250,1328.584
122,49,7656.250,6906.250,1342.848
123,49,7718.750,6906.250,1347.031
124,49,7781.250,6906.250,1357.423
125,49,7843.750,6906.250,1416.185
126,49,7906.250,6906.250,1526.496
127,49,7968.750,6906.250,1628.440
128,49,8031.250,6906.250,1699.959
129,49,8093.750,6906.250,1763.967
130,49,8156.250,6906.250,1811.737
131,49,8218.750,6906.250,1814.190
132,49,8281.250,6906.250,1798.872
133,49,8343.750,6906.250,1781.216
134,49,8406.250,6906.250,1763.289
135,49,8468.750,6906.250,1768.779
136,49,8531.250,6906.250,1793.983
137,49,8593.750,6906.250,1820.190
138,49,8656.250,6906.250,1848.007
139,49,8718.750,6906.250,1885.613
140,49,8781.250,6906.250,1934.808
141,49,8843.750,6906.250,2009.685
142,49,8906.250,6906.250,2077.469
143,49,8968.750,6906.250,2118.188
144,49,9031.250,6906.250,2142.236
145,49,9093.750,6906.250,2159.428
146,49,9156.250,6906.250,2159.084
147,49,9218.750,6906.250,2173.727
148,49,9281.250,6906.250,2210.422
149,49,9343.750,6906.250,2246.200
150,49,9406.250,6906.250,2267.962
151,49,9468.750,6906.250,2266.879
152,49,9531.250,6906.250,2266.882
153,49,9593.750,6906.250,2293.722
154,49,9656.250,6906.250,2319.660
155,49,9718.750,6906.250,2310.311
156,49,9781.250,6906.250,2271.185
157,49,9843.750,6906.250,2208.272
158,49,9906.250,6906.250,2136.958
159,49,9968.750,6906.250,2082.604
0,50,31.250,6843.750,2372.486
1,50,93.750,6843.750,2348.031
2,50,156.250,6843.750,2329.900
3,50,218.750,6843.750,2349.375
4,50,281.250,6843.750,2369.883
5,50,343.750,6843.750,2302.284
6,50,406.250,6843.750,2211.566
7,50,468.750,6843.750,2119.297
8,50,531.250,6843.750,2054.731
9,50,593.750,6843.750,2023.986
10,50,656.250,6843.750,2014.384
11,50,718.750,6843.750,2002.749
12,50,781.250,6843.750,2007.737
13,50,843.750,6843.750,2050.615
14,50,906.250,6843.750,2101.867
15,50,968.750,6843.750,2125.094
16,50,1031.250,6843.750,2152.393
17,50,1093.750,6843.750,2190.540
18,50,1156.250,6843.750,2227.266
19,50,1218.750,6843.750,2257.021
20,50,1281.250,6843.750,2287.843
21,50,1343.750,6843.750,2331.165
22,50,1406.250,6843.750,2298.359
23,50,1468.750,6843.750,2248.634
24,50,1531.250,6843.750,2190.426
25,50,1593.750,6843.750,2088.507
26,50,1656.250,6843.750,1944.297
27,50,1718.750,6843.750,1806.855
28,50,1781.250,6843.750,1723.979
29,50,1843.750,6843.750,1669.679
30,50,1906.250,6843.750,1580.651
31,50,1968.750,6843.750,1439.073
32,50,2031.250,6843.750,1309.674
33,50,2093.750,6843.750,1230.404
34,50,2156.250,6843.750,1170.345
35,50,2218.750,6843.750,1113.476
36,50,2281.250,6843.750,1068.704
37,50,2343.750,6843.750,1032.841
38,50,2406.250,6843.750,1008.343
39,50,2468.750,6843.750,998.595
40,50,2531.250,6843.750,994.256
41,50,2593.750,6843.750,1002.281
42,50,2656.250,6843.750,1030.625
43,50,2718.750,6843.750,1079.897
44,50,2781.250,6843.750,1144.529
45,50,2843.750,6843.750,1220.968
46,50,2906.250,6843.750,1316.600
47,50,2968.750,6843.750,1396.341
48,50,3031.250,6843.750,1432.127
49,50,3093.750,6843.750,1448.880
50,50,3156.250,6843.750,1480.383
51,50,3218.750,6843.750,1485.761
52,50,3281.250,6843.750,1459.190
53,50,3343.750,6843.750,1428.190
54,50,3406.250,6843.750,1414.120
55,50,3468.750,6843.750,1407.705
56,50,3531.250,6843.750,1395.626
57,50,3593.750,6843.750,1411.330
58,50,3656.250,6843.750,1452.201
59,50,3718.750,6843.750,1493.947
60,50,3781.250,6843.750,1543.149
61,50,3843.750,6843.750,1621.439
62,50,3906.250,6843.750,1715.724
63,50,3968.750,6843.750,1837.073
64,50,4031.250,6843.750,1969.273
65,50,4093.750,6843.750,2049.861
66,50,4156.250,6843.750,2086.430
67,50,4218.750,6843.750,2134.129
68,50,4281.250,6843.750,2078.921
69,50,4343.750,6843.750,1983.413
70,50,4406.250,6843.750,1941.719
71,50,4468.750,6843.750,1932.669
72,50,4531.250,6843.750,1938.983
73,50,4593.750,6843.750,1952.511
74,50,4656.250,6843.750,1965.568
75,50,4718.750,6843.750,1972.096
76,50,4781.250,6843.750,1986.542
77,50,4843.750,6843.750,2005.530
78,50,4906.250,6843.750,2049.973
79,50,4968.750,6843.750,2104.145
80,50,5031.250,6843.750,2113.337
81,50,5093.750,6843.750,2092.103
82,50,5156.250,6843.750,2067.961
83,50,5218.750,6843.750,2029.381
84,50,5281.250,6843.750,1995.186
85,50,5343.750,6843.750,2020.598
86,50,5406.250,6843.750,2091.864
87,50,5468.750,6843.750,2180.246
88,50,5531.250,6843.750,2110.896
89,50,5593.750,6843.750,2057.851
90,50,5656.250,6843.750,2022.039
91,50,5718.750,6843.750,2006.500
92,50,5781.250,6843.750,2005.374
93,50,5843.750,6843.750,1976.522
94,50,5906.250,6843.750,1917.484
95,50,5968.750,6843.750,1880.641
96,50,6031.250,6843.750,1870.577
97,50,6093.750,6843.750,1838.741
98,50,6156.250,6843.750,1780.728
99,50,6218.750,6843.750,1725.665
100,50,6281.250,6843.750,1674.381
101,50,6343.750,6843.750,1626.334
102,50,6406.250,6843.750,1595.179
103,50,6468.750,6843.750,1587.902
104,50,6531.250,6843.750,1585.090
105,50,6593.750,6843.750,1568.878
106,50,6656.250,6843.750,1539.564
107,50,6718.750,6843.750,1505.573
108,50,6781.250,6843.750,1470.095
109,50,6843.750,6843.750,1439.383
110,50,6906.250,6843.750,1423.115
111,50,6968.750,6843.750,1404.394
112,50,7031.250,6843.750,1386.451
113,50,7093.750,6843.750,1357.640
114,50,7156.250,6843.750,1320.215
115,50,7218.750,6843.750,1301.222
116,50,7281.250,6843.750,1292.037
117,50,7343.750,6843.750,1283.801
118,50,7406.250,6843.750,1292.690
119,50,7468.750,6843.750,1317.885
120,50,7531.250,6843.750,1325.302
121,50,7593.750,6843.750,1335.911
122,50,7656.250,6843.750,1352.034
123,50,7718.750,6843.750,1359.501
124,50,7781.250,6843.750,1374.232
125,50,7843.750,6843.750,1438.169
126,50,7906.250,6843.750,1555.044
127,50,7968.750,6843.750,1662.108
128,50,8031.250,6843.750,1734.279
129,50,8093.750,6843.750,1796.479
130,50,8156.250,6843.750,1843.264
131,50,8218.750,6843.750,1842.405
132,50,8281.250,6843.750,1818.604
133,50,8343.750,6843.750,1789.531
134,50,8406.250,6843.750,1762.784
135,50,8468.750,6843.750,1763.106
136,50,8531.250,6843.750,1779.004
137,50,8593.750,6843.750,1795.649
138,50,8656.250,6843.750,1816.125
139,50,8718.750,6843.750,1848.837
140,50,8781.250,6843.750,1898.228
141,50,8843.750,6843.750,1974.736
142,50,8906.250,6843.750,2042.759
143,50,8968.750,6843.750,2080.829
144,50,9031.250,6843.750,2101.323
145,50,9093.750,6843.750,2116.556
146,50,9156.250,6843.750,2117.185
147,50,9218.750,6843.750,2133.646
148,50,9281.250,6843.750,2172.425
149,50,9343.750,6843.750,2210.426
150,50,9406.250,6843.750,2233.445
151,50,9468.750,6843.750,2235.571
152,50,9531.250,6843.750,2240.841
153,50,9593.750,6843.750,2273.038
154,50,9656.250,6843.750,2332.433
155,50,9718.750,6843.750,2323.481
156,50,9781.250,6843.750,2273.931
157,50,9843.750,6843.750,2200.372
158,50,9906.250,6843.750,2120.823
159,50,9968.750,6843.750,2060.892
0,51,31.250,6781.250,2370.407
1,51,93.750,6781.250,2350.712
2,51,156.250,6781.250,2336.542
3,51,218.750,6781.250,2350.873
4,51,281.250,6781.250,2382.874
5,51,343.750,6781.250,2317.531
6,51,406.250,6781.250,2215.982
7,51,468.750,6781.250,2114.198
8,51,531.250,6781.250,2052.883
9,51,593.750,6781.250,2029.786
10,51,656.250,6781.250,2021.300
11,51,718.750,6781.250,2016.770
12,51,781.250,6781.250,2031.445
13,51,843.750,6781.250,2072.993
14,51,906.250,6781.250,2113.869
15,51,968.750,6781.250,2131.389
16,51,1031.250,6781.250,2151.338
17,51,1093.750,6781.250,2185.707
18,51,1156.250,6781.250,2227.652
19,51,1218.750,6781.250,2265.187
20,51,1281.250,6781.250,2296.830
21,51,1343.750,6781.250,2328.453
22,51,1406.250,6781.250,2314.677
23,51,1468.750,6781.250,2258.643
24,51,1531.250,6781.250,2183.760
25,51,1593.750,6781.250,2078.793
26,51,1656.250,6781.250,1950.935
27,51,1718.750,6781.250,1825.470
28,51,1781.250,6781.250,1726.349
29,51,1843.750,6781.250,1645.831
30,51,1906.250,6781.250,1555.887
31,51,1968.750,6781.250,1435.749
32,51,2031.250,6781.250,1315.171
33,51,2093.750,6781.250,1220.178
34,51,2156.250,6781.250,1143.958
35,51,2218.750,6781.250,1086.157
36,51,2281.250,6781.250,1047.768
37,51,2343.750,6781.250,1016.563
38,51,2406.250,6781.250,989.865
39,51,2468.750,6781.250,975.714
40,51,2531.250,6781.250,974.134
41,51,2593.750,6781.250,990.691
42,51,2656.250,6781.250,1031.749
43,51,2718.750,6781.250,1094.953
44,51,2781.250,6781.250,1167.419
45,51,2843.750,6781.250,1240.456
46,51,2906.250,6781.250,1328.639
47,51,2968.750,6781.250,1401.703
48,51,3031.250,6781.250,1439.344
49,51,3093.750,6781.250,1464.210
50,51,3156.250,6781.250,1499.808
51,51,3218.750,6781.250,1513.782
52,51,3281.250,6781.250,1494.854
53,51,3343.750,6781.250,1448.628
54,51,3406.250,6781.250,1407.630
55,51,3468.750,6781.250,1403.579
56,51,3531.250,6781.250,1425.345
57,51,3593.750,6781.250,1468.530
58,51,3656.250,6781.250,1523.577
59,51,3718.750,6781.250,1578.261
60,51,3781.250,6781.250,1627.689
61,51,3843.750,6781.250,1695.970
62,51,3906.250,6781.250,1776.542
63,51,3968.750,6781.250,1870.740
64,51,4031.250,6781.250,1971.238
65,51,4093.750,6781.250,2050.053
66,51,4156.250,6781.250,2105.689
67,51,4218.750,6781.250,2170.172
68,51,4281.250,6781.250,2093.244
69,51,4343.750,6781.250,2001.634
70,51,4406.250,6781.250,1960.623
71,51,4468.750,6781.250,1955.595
72,51,4531.250,6781.250,1973.081
73,51,4593.750,6781.250,2003.859
74,51,4656.250,6781.250,2029.815
75,51,4718.750,6781.250,2032.862
76,51,4781.250,6781.250,2030.714
77,51,4843.750,6781.250,2031.990
78,51,4906.250,6781.250,2064.300
79,51,4968.750,6781.250,2113.054
80,51,5031.250,6781.250,2122.926
81,51,5093.750,6781.250,2103.527
82,51,5156.250,6781.250,2079.396
83,51,5218.750,6781.250,2052.961
84,51,5281.250,6781.250,2038.408
85,51,5343.750,6781.250,2067.747
86,51,5406.250,6781.250,2125.865
87,51,5468.750,6781.250,2165.524
88,51,5531.250,6781.250,2085.439
89,51,5593.750,6781.250,2026.967
90,51,5656.250,6781.250,1997.124
91,51,5718.750,6781.250,2003.711
92,51,5781.250,6781.250,2028.054
93,51,5843.750,6781.250,2015.726
94,51,5906.250,6781.250,1964.655
95,51,5968.750,6781.250,1928.198
96,51,6031.250,6781.250,1909.657
97,51,6093.750,6781.250,1869.308
98,51,6156.250,6781.250,1808.259
99,51,6218.750,6781.250,1752.887
100,51,6281.250,6781.250,1703.724
101,51,6343.750,6781.250,1668.755
102,51,6406.250,6781.250,1646.853
103,51,6468.750,6781.250,1636.973
104,51,6531.250,6781.250,1630.153
105,51,6593.750,6781.250,1613.967
106,51,6656.250,6781.250,1577.832
107,51,6718.750,6781.250,1530.563
108,51,6781.250,6781.250,1468.012
109,51,6843.750,6781.250,1408.015
110,51,6906.250,6781.250,1386.671
111,51,6968.750,6781.250,1386.898
112,51,7031.250,6781.250,1387.784
113,51,7093.750,6781.250,1377.826
114,51,7156.250,6781.250,1358.004
115,51,7218.750,6781.250,1333.919
116,51,7281.250,6781.250,1311.933
117,51,7343.750,6781.250,1299.259
118,51,7406.250,6781.250,1299.928
119,51,7468.750,6781.250,1307.854
120,51,7531.250,6781.250,1312.807
121,51,7593.750,6781.250,1328.451
122,51,7656.250,6781.250,1348.840
123,51,7718.750,6781.250,1370.813
124,51,7781.250,6781.250,1407.388
125,51,7843.750,6781.250,1475.160
126,51,7906.250,6781.250,1579.217
127,51,7968.750,6781.250,1679.916
128,51,8031.250,6781.250,1748.898
129,51,8093.750,6781.250,1801.729
130,51,8156.250,6781.250,1850.252
131,51,8218.750,6781.250,1869.338
132,51,8281.250,6781.250,1853.429
133,51,8343.750,6781.250,1815.673
134,51,8406.250,6781.250,1782.898
135,51,8468.750,6781.250,1778.076
136,51,8531.250,6781.250,1781.233
137,51,8593.750,6781.250,1786.519
138,51,8656.250,6781.250,1799.704
139,51,8718.750,6781.250,1826.666
140,51,8781.250,6781.250,1873.582
141,51,8843.750,6781.250,1937.032
142,51,8906.250,6781.250,1996.109
143,51,8968.750,6781.250,2035.612
144,51,9031.250,6781.250,2060.135
145,51,9093.750,6781.250,2079.252
146,51,9156.250,6781.250,2091.633
147,51,9218.750,6781.250,2113.786
148,51,9281.250,6781.250,2155.192
149,51,9343.750,6781.250,2199.337
150,51,9406.250,6781.250,2226.566
151,51,9468.750,6781.250,2243.217
152,51,9531.250,6781.250,2261.418
153,51,9593.750,6781.250,2281.550
154,51,9656.250,6781.250,2314.875
155,51,9718.750,6781.250,2344.736
156,51,9781.250,6781.250,2264.743
157,51,9843.750,6781.250,2170.620
158,51,9906.250,6781.250,2091.766
159,51,9968.750,6781.250,2038.671
0,52,31.250,6718.750,2358.926
1,52,93.750,6718.750,2346.112
2,52,156.250,6718.750,2338.674
3,52,218.750,6718.750,2349.380
4,52,281.250,6718.750,2376.888
5,52,343.750,6718.750,2337.727
6,52,406.250,6718.750,2224.990
7,52,468.750,6718.750,2113.539
8,52,531.250,6718.750,2057.054
9,52,593.750,6718.750,2043.491
10,52,656.250,6718.750,2036.155
11,52,718.750,6718.750,2037.417
12,52,781.250,6718.750,2059.528
13,52,843.750,6718.750,2095.954
14,52,906.250,6718.750,2122.824
15,52,968.750,6718.750,2133.854
16,52,1031.250,6718.750,2145.148
17,52,1093.750,6718.750,2174.527
18,52,1156.250,6718.750,2221.706
19,52,1218.750,6718.750,2267.465
20,52,1281.250,6718.750,2299.789
21,52,1343.750,6718.750,2319.107
22,52,1406.250,6718.750,2337.173
23,52,1468.750,6718.750,2271.088
24,52,1531.250,6718.750,2175.260
25,52,1593.750,6718.750,2066.630
26,52,1656.250,6718.750,1957.052
27,52,1718.750,6718.750,1844.601
28,52,1781.250,6718.750,1726.386
29,52,1843.750,6718.750,1616.045
30,52,1906.250,6718.750,1526.595
31,52,1968.750,6718.750,1435.343
32,52,2031.250,6718.750,1330.644
33,52,2093.750,6718.750,1223.195
34,52,2156.250,6718.750,1132.192
35,52,2218.750,6718.750,1073.890
36,52,2281.250,6718.750,1041.193
37,52,2343.750,6718.750,1012.552
38,52,2406.250,6718.750,980.369
39,52,2468.750,6718.750,959.001
40,52,2531.250,6718.750,959.547
41,52,2593.750,6718.750,982.547
42,52,2656.250,6718.750,1033.193
43,52,2718.750,6718.750,1107.161
44,52,2781.250,6718.750,1184.840
45,52,2843.750,6718.750,1253.298
46,52,2906.250,6718.750,1334.698
47,52,2968.750,6718.750,1403.019
48,52,3031.250,6718.750,1445.589
49,52,3093.750,6718.750,1481.350
50,52,3156.250,6718.750,1521.449
51,52,3218.750,6718.750,1545.614
52,52,3281.250,6718.750,1536.246
53,52,3343.750,6718.750,1473.214
54,52,3406.250,6718.750,1401.575
55,52,3468.750,6718.750,1399.667
56,52,3531.250,6718.750,1456.963
57,52,3593.750,6718.750,1526.691
58,52,3656.250,6718.750,1593.167
59,52,3718.750,6718.750,1659.756
60,52,3781.250,6718.750,1709.971
61,52,3843.750,6718.750,1770.649
62,52,3906.250,6718.750,1840.829
63,52,3968.750,6718.750,1909.055
64,52,4031.250,6718.750,1976.634
65,52,4093.750,6718.750,2054.033
66,52,4156.250,6718.750,2129.726
67,52,4218.750,6718.750,2210.302
68,52,4281.250,6718.750,2114.432
69,52,4343.750,6718.750,2029.127
70,52,4406.250,6718.750,1988.255
71,52,4468.750,6718.750,1983.894
72,52,4531.250,6718.750,2008.777
73,52,4593.750,6718.750,2054.395
74,52,4656.250,6718.750,2092.507
75,52,4718.750,6718.750,2092.548
76,52,4781.250,6718.750,2073.829
77,52,4843.750,6718.750,2057.814
78,52,4906.250,6718.750,2079.285
79,52,4968.750,6718.750,2124.217
80,52,5031.250,6718.750,2135.747
81,52,5093.750,6718.750,2118.859
82,52,5156.250,6718.750,2094.759
83,52,5218.750,6718.750,2082.165
84,52,5281.250,6718.750,2089.854
85,52,5343.750,6718.750,2122.761
86,52,5406.250,6718.750,2163.125
87,52,5468.750,6718.750,2158.429
88,52,5531.250,6718.750,2067.945
89,52,5593.750,6718.750,2004.194
90,52,5656.250,6718.750,1980.100
91,52,5718.750,6718.750,2006.547
92,52,5781.250,6718.750,2051.925
93,52,5843.750,6718.750,2050.159
94,52,5906.250,6718.750,2002.452
95,52,5968.750,6718.750,1965.419
96,52,6031.250,6718.750,1939.269
97,52,6093.750,6718.750,1892.773
98,52,6156.250,6718.750,1831.994
99,52,6218.750,6718.750,1778.881
100,52,6281.250,6718.750,1732.548
101,52,6343.750,6718.750,1711.360
102,52,6406.250,6718.750,1697.907
103,52,6468.750,6718.750,1682.489
104,52,6531.250,6718.750,1668.755
105,52,6593.750,6718.750,1651.595
106,52,6656.250,6718.750,1610.624
107,52,6718.750,6718.750,1553.597
108,52,6781.250,6718.750,1465.352
109,52,6843.750,6718.750,1375.069
110,52,6906.250,6718.750,1347.936
111,52,6968.750,6718.750,1369.067
112,52,7031.250,6718.750,1390.884
113,52,7093.750,6718.750,1402.472
114,52,7156.250,6718.750,1403.780
115,52,7218.750,6718.750,1375.868
116,52,7281.250,6718.750,1339.087
117,52,7343.750,6718.750,1319.658
118,52,7406.250,6718.750,1308.857
119,52,7468.750,6718.750,1295.403
120,52,7531.250,6718.750,1297.188
121,52,7593.750,6718.750,1318.140
122,52,7656.250,6718.750,1342.537
123,52,7718.750,6718.750,1379.887
124,52,7781.250,6718.750,1439.931
125,52,7843.750,6718.750,1510.269
126,52,7906.250,6718.750,1597.949
127,52,7968.750,6718.750,1689.974
128,52,8031.250,6718.750,1754.279
129,52,8093.750,6718.750,1795.905
130,52,8156.250,6718.750,1847.126
131,52,8218.750,6718.750,1892.240
132,52,8281.250,6718.750,1890.006
133,52,8343.750,6718.750,1847.027
134,52,8406.250,6718.750,1810.931
135,52,8468.750,6718.750,1801.972
136,52,8531.250,6718.750,1792.791
137,52,8593.750,6718.750,1787.734
138,52,8656.250,6718.750,1794.982
139,52,8718.750,6718.750,1816.834
140,52,8781.250,6718.750,1861.216
141,52,8843.750,6718.750,1910.165
142,52,8906.250,6718.750,1959.690
143,52,8968.750,6718.750,2001.648
144,52,9031.250,6718.750,2031.821
145,52,9093.750,6718.750,2056.333
146,52,9156.250,6718.750,2082.434
147,52,9218.750,6718.750,2110.604
148,52,9281.250,6718.750,2154.112
149,52,9343.750,6718.750,2204.522
150,52,9406.250,6718.750,2236.141
151,52,9468.750,6718.750,2268.050
152,52,9531.250,6718.750,2298.839
153,52,9593.750,6718.750,2302.445
154,52,9656.250,6718.750,2303.039
155,52,9718.750,6718.750,2366.773
156,52,9781.250,6718.750,2254.397
157,52,9843.750,6718.750,2140.099
158,52,9906.250,6718.750,2065.413
159,52,9968.750,6718.750,2022.436
0,53,31.250,6656.250,2344.710
1,53,93.750,6656.250,2336.361
2,53,156.250,6656.250,2334.376
3,53,218.750,6656.250,2346.776
4,53,281.250,6656.250,2373.859
5,53,343.750,6656.250,2347.938
6,53,406.250,6656.250,2232.831
7,53,468.750,6656.250,2118.392
8,53,531.250,6656.250,2063.523
9,53,593.750,6656.250,2053.102
10,53,656.250,6656.250,2045.982
11,53,718.750,6656.250,2049.201
12,53,781.250,6656.250,2073.745
13,53,843.750,6656.250,2108.086
14,53,906.250,6656.250,2129.651
15,53,968.750,6656.250,2137.906
16,53,1031.250,6656.250,2145.406
17,53,1093.750,6656.250,2172.499
18,53,1156.250,6656.250,2221.624
19,53,1218.750,6656.250,2270.760
20,53,1281.250,6656.250,2304.012
21,53,1343.750,6656.250,2319.869
22,53,1406.250,6656.250,2343.688
23,53,1468.750,6656.250,2279.534
24,53,1531.250,6656.250,2174.000
25,53,1593.750,6656.250,2061.758
26,53,1656.250,6656.250,1956.877
27,53,1718.750,6656.250,1847.719
28,53,1781.250,6656.250,1721.750
29,53,1843.750,6656.250,1600.799
30,53,1906.250,6656.250,1513.072
31,53,1968.750,6656.250,1435.129
32,53,2031.250,6656.250,1339.284
33,53,2093.750,6656.250,1230.018
34,53,2156.250,6656.250,1135.690
35,53,2218.750,6656.250,1078.103
36,53,2281.250,6656.250,1046.968
37,53,2343.750,6656.250,1017.675
38,53,2406.250,6656.250,981.316
39,53,2468.750,6656.250,955.348
40,53,2531.250,6656.250,956.132
41,53,2593.750,6656.250,981.872
42,53,2656.250,6656.250,1036.299
43,53,2718.750,6656.250,1113.727
44,53,2781.250,6656.250,1192.403
45,53,2843.750,6656.250,1258.650
46,53,2906.250,6656.250,1337.581
47,53,2968.750,6656.250,1404.872
48,53,3031.250,6656.250,1450.197
49,53,3093.750,6656.250,1490.603
50,53,3156.250,6656.250,1532.675
51,53,3218.750,6656.250,1562.072
52,53,3281.250,6656.250,1558.110
53,53,3343.750,6656.250,1490.353
54,53,3406.250,6656.250,1408.397
55,53,3468.750,6656.250,1407.980
56,53,3531.250,6656.250,1478.484
57,53,3593.750,6656.250,1557.539
58,53,3656.250,6656.250,1627.891
59,53,3718.750,6656.250,1699.284
60,53,3781.250,6656.250,1751.644
61,53,3843.750,6656.250,1812.259
62,53,3906.250,6656.250,1880.935
63,53,3968.750,6656.250,1941.106
64,53,4031.250,6656.250,1997.049
65,53,4093.750,6656.250,2074.168
66,53,4156.250,6656.250,2157.546
67,53,4218.750,6656.250,2237.473
68,53,4281.250,6656.250,2141.270
69,53,4343.750,6656.250,2057.942
70,53,4406.250,6656.250,2016.599
71,53,4468.750,6656.250,2011.839
72,53,4531.250,6656.250,2038.870
73,53,4593.750,6656.250,2089.452
74,53,4656.250,6656.250,2131.478
75,53,4718.750,6656.250,2129.334
76,53,4781.250,6656.250,2102.405
77,53,4843.750,6656.250,2077.804
78,53,4906.250,6656.250,2093.819
79,53,4968.750,6656.250,2136.731
80,53,5031.250,6656.250,2148.384
81,53,5093.750,6656.250,2131.775
82,53,5156.250,6656.250,2106.798
83,53,5218.750,6656.250,2099.250
84,53,5281.250,6656.250,2115.597
85,53,5343.750,6656.250,2149.954
86,53,5406.250,6656.250,2183.166
87,53,5468.750,6656.250,2161.243
88,53,5531.250,6656.250,2065.799
89,53,5593.750,6656.250,1999.368
90,53,5656.250,6656.250,1977.420
91,53,5718.750,6656.250,2011.407
92,53,5781.250,6656.250,2064.578
93,53,5843.750,6656.250,2066.918
94,53,5906.250,6656.250,2021.670
95,53,5968.750,6656.250,1986.296
96,53,6031.250,6656.250,1959.774
97,53,6093.750,6656.250,1913.738
98,53,6156.250,6656.250,1855.412
99,53,6218.750,6656.250,1804.476
100,53,6281.250,6656.250,1759.045
101,53,6343.750,6656.250,1741.359
102,53,6406.250,6656.250,1728.634
103,53,6468.750,6656.250,1708.362
104,53,6531.250,6656.250,1689.400
105,53,6593.750,6656.250,1670.064
106,53,6656.250,6656.250,1626.717
107,53,6718.750,6656.250,1566.222
108,53,6781.250,6656.250,1468.050
109,53,6843.750,6656.250,1365.692
110,53,6906.250,6656.250,1335.261
111,53,6968.750,6656.250,1363.748
112,53,7031.250,6656.250,1393.989
113,53,7093.750,6656.250,1414.448
114,53,7156.250,6656.250,1423.808
115,53,7218.750,6656.250,1394.441
116,53,7281.250,6656.250,1352.172
117,53,7343.750,6656.250,1330.284
118,53,7406.250,6656.250,1315.474
119,53,7468.750,6656.250,1294.328
120,53,7531.250,6656.250,1295.319
121,53,7593.750,6656.250,1318.465
122,53,7656.250,6656.250,1344.376
123,53,7718.750,6656.250,1387.225
124,53,7781.250,6656.250,1455.604
125,53,7843.750,6656.250,1526.660
126,53,7906.250,6656.250,1608.512
127,53,7968.750,6656.250,1697.626
128,53,8031.250,6656.250,1760.433
129,53,8093.750,6656.250,1798.208
130,53,8156.250,6656.250,1850.810
131,53,8218.750,6656.250,1906.084
132,53,8281.250,6656.250,1909.871
133,53,8343.750,6656.250,1866.115
134,53,8406.250,6656.250,1829.579
135,53,8468.750,6656.250,1819.156
136,53,8531.250,6656.250,1805.073
137,53,8593.750,6656.250,1795.811
138,53,8656.250,6656.250,1800.574
139,53,8718.750,6656.250,1820.230
140,53,8781.250,6656.250,1863.577
141,53,8843.750,6656.250,1907.392
142,53,8906.250,6656.250,1953.691
143,53,8968.750,6656.250,1997.022
144,53,9031.250,6656.250,2030.342
145,53,9093.750,6656.250,2057.848
146,53,9156.250,6656.250,2089.541
147,53,9218.750,6656.250,2119.819
148,53,9281.250,6656.250,2163.567
149,53,9343.750,6656.250,2215.778
150,53,9406.250,6656.250,2249.118
151,53,9468.750,6656.250,2286.942
152,53,9531.250,6656.250,2322.453
153,53,9593.750,6656.250,2319.715
154,53,9656.250,6656.250,2307.279
155,53,9718.750,6656.250,2367.160
156,53,9781.250,6656.250,2255.635
157,53,9843.750,6656.250,2134.100
158,53,9906.250,6656.250,2061.979
159,53,9968.750,6656.250,2023.882
0,54,31.250,6593.750,2331.344
1,54,93.750,6593.750,2329.761
2,54,156.250,6593.750,2337.773
3,54,218.750,6593.750,2357.915
4,54,281.250,6593.750,2389.283
5,54,343.750,6593.750,2339.277
6,54,406.250,6593.750,2236.134
7,54,468.750,6593.750,2131.369
8,54,531.250,6593.750,2078.415
9,54,593.750,6593.750,2065.821
10,54,656.250,6593.750,2057.842
11,54,718.750,6593.750,2056.632
12,54,781.250,6593.750,2078.770
13,54,843.750,6593.750,2120.907
14,54,906.250,6593.750,2153.635
15,54,968.750,6593.750,2162.643
16,54,1031.250,6593.750,2165.590
17,54,1093.750,6593.750,2186.708
18,54,1156.250,6593.750,2230.065
19,54,1218.750,6593.750,2274.519
20,54,1281.250,6593.750,2308.078
21,54,1343.750,6593.750,2331.632
22,54,1406.250,6593.750,2345.876
23,54,1468.750,6593.750,2272.661
24,54,1531.250,6593.750,2167.420
25,54,1593.750,6593.750,2052.544
26,54,1656.250,6593.750,1942.523
27,54,1718.750,6593.750,1830.030
28,54,1781.250,6593.750,1704.925
29,54,1843.750,6593.750,1587.451
30,54,1906.250,6593.750,1504.365
31,54,1968.750,6593.750,1436.079
32,54,2031.250,6593.750,1348.661
33,54,2093.750,6593.750,1244.029
34,54,2156.250,6593.750,1152.739
35,54,2218.750,6593.750,1094.883
36,54,2281.250,6593.750,1062.725
37,54,2343.750,6593.750,1031.849
38,54,2406.250,6593.750,988.115
39,54,2468.750,6593.750,951.353
40,54,2531.250,6593.750,951.918
41,54,2593.750,6593.750,992.955
42,54,2656.250,6593.750,1056.658
43,54,2718.750,6593.750,1128.498
44,54,2781.250,6593.750,1199.341
45,54,2843.750,6593.750,1259.961
46,54,2906.250,6593.750,1321.148
47,54,2968.750,6593.750,1377.462
48,54,3031.250,6593.750,1424.278
49,54,3093.750,6593.750,1466.825
50,54,3156.250,6593.750,1510.989
51,54,3218.750,6593.750,1549.514
52,54,3281.250,6593.750,1553.818
53,54,3343.750,6593.750,1497.850
54,54,3406.250,6593.750,1431.639
55,54,3468.750,6593.750,1435.576
56,54,3531.250,6593.750,1501.350
57,54,3593.750,6593.750,1574.587
58,54,3656.250,6593.750,1633.531
59,54,3718.750,6593.750,1690.836
60,54,3781.250,6593.750,1743.599
61,54,3843.750,6593.750,1810.524
62,54,3906.250,6593.750,1885.309
63,54,3968.750,6593.750,1949.751
64,54,4031.250,6593.750,2007.529
65,54,4093.750,6593.750,2084.633
66,54,4156.250,6593.750,2173.834
67,54,4218.750,6593.750,2262.274
68,54,4281.250,6593.750,2163.390
69,54,4343.750,6593.750,2078.695
70,54,4406.250,6593.750,2037.341
71,54,4468.750,6593.750,2029.262
72,54,4531.250,6593.750,2050.190
73,54,4593.750,6593.750,2098.070
74,54,4656.250,6593.750,2140.828
75,54,4718.750,6593.750,2136.265
76,54,4781.250,6593.750,2102.189
77,54,4843.750,6593.750,2073.329
78,54,4906.250,6593.750,2088.709
79,54,4968.750,6593.750,2130.466
80,54,5031.250,6593.750,2141.018
81,54,5093.750,6593.750,2121.503
82,54,5156.250,6593.750,2097.151
83,54,5218.750,6593.750,2098.930
84,54,5281.250,6593.750,2125.383
85,54,5343.750,6593.750,2160.881
86,54,5406.250,6593.750,2200.602
87,54,5468.750,6593.750,2156.057
88,54,5531.250,6593.750,2069.597
89,54,5593.750,6593.750,2007.183
90,54,5656.250,6593.750,1983.335
91,54,5718.750,6593.750,2012.437
92,54,5781.250,6593.750,2059.335
93,54,5843.750,6593.750,2070.091
94,54,5906.250,6593.750,2044.086
95,54,5968.750,6593.750,2013.522
96,54,6031.250,6593.750,1981.661
97,54,6093.750,6593.750,1932.955
98,54,6156.250,6593.750,1876.654
99,54,6218.750,6593.750,1826.759
100,54,6281.250,6593.750,1779.247
101,54,6343.750,6593.750,1749.426
102,54,6406.250,6593.750,1725.207
103,54,6468.750,6593.750,1694.784
104,54,6531.250,6593.750,1665.581
105,54,6593.750,6593.750,1644.392
106,54,6656.250,6593.750,1609.134
107,54,6718.750,6593.750,1556.080
108,54,6781.250,6593.750,1471.849
109,54,6843.750,6593.750,1388.112
110,54,6906.250,6593.750,1358.385
111,54,6968.750,6593.750,1373.235
112,54,7031.250,6593.750,1394.915
113,54,7093.750,6593.750,1408.716
114,54,7156.250,6593.750,1407.855
115,54,7218.750,6593.750,1380.789
116,54,7281.250,6593.750,1354.805
117,54,7343.750,6593.750,1342.613
118,54,7406.250,6593.750,1325.126
119,54,7468.750,6593.750,1301.156
120,54,7531.250,6593.750,1301.833
121,54,7593.750,6593.750,1322.282
122,54,7656.250,6593.750,1344.982
123,54,7718.750,6593.750,1381.394
124,54,7781.250,6593.750,1441.620
125,54,7843.750,6593.750,1512.852
126,54,7906.250,6593.750,1603.975
127,54,7968.750,6593.750,1699.770
128,54,8031.250,6593.750,1771.489
129,54,8093.750,6593.750,1821.642
130,54,8156.250,6593.750,1873.142
131,54,8218.750,6593.750,1913.018
132,54,8281.250,6593.750,1910.219
133,54,8343.750,6593.750,1875.666
134,54,8406.250,6593.750,1848.485
135,54,8468.750,6593.750,1838.187
136,54,8531.250,6593.750,1817.055
137,54,8593.750,6593.750,1801.286
138,54,8656.250,6593.750,1805.281
139,54,8718.750,6593.750,1826.698
140,54,8781.250,6593.750,1870.536
141,54,8843.750,6593.750,1917.064
142,54,8906.250,6593.750,1966.608
143,54,8968.750,6593.750,2017.882
144,54,9031.250,6593.750,2061.157
145,54,9093.750,6593.750,2088.422
146,54,9156.250,6593.750,2108.827
147,54,9218.750,6593.750,2133.794
148,54,9281.250,6593.750,2178.118
149,54,9343.750,6593.750,2228.577
150,54,9406.250,6593.750,2262.312
151,54,9468.750,6593.750,2302.798
152,54,9531.250,6593.750,2338.880
153,54,9593.750,6593.750,2338.713
154,54,9656.250,6593.750,2331.154
155,54,9718.750,6593.750,2388.324
156,54,9781.250,6593.750,2273.079
157,54,9843.750,6593.750,2161.098
158,54,9906.250,6593.750,2101.089
159,54,9968.750,6593.750,2077.018
0,55,31.250,6531.250,2315.788
1,55,93.750,6531.250,2326.249
2,55,156.250,6531.250,2351.585
3,55,218.750,6531.250,2384.424
4,55,281.250,6531.250,2360.055
5,55,343.750,6531.250,2317.306
6,55,406.250,6531.250,2234.730
7,55,468.750,6531.250,2148.430
8,55,531.250,6531.250,2101.916
9,55,593.750,6531.250,2088.273
10,55,656.250,6531.250,2079.416
11,55,718.750,6531.250,2071.206
12,55,781.250,6531.250,2089.844
13,55,843.750,6531.250,2144.897
14,55,906.250,6531.250,2195.939
15,55,968.750,6531.250,2205.532
16,55,1031.250,6531.250,2198.414
17,55,1093.750,6531.250,2206.449
18,55,1156.250,6531.250,2237.535
19,55,1218.750,6531.250,2271.683
20,55,1281.250,6531.250,2304.280
21,55,1343.750,6531.250,2340.359
22,55,1406.250,6531.250,2329.321
23,55,1468.750,6531.250,2252.516
24,55,1531.250,6531.250,2149.247
25,55,1593.750,6531.250,2033.218
26,55,1656.250,6531.250,1918.110
27,55,1718.750,6531.250,1802.816
28,55,1781.250,6531.250,1680.555
29,55,1843.750,6531.250,1568.954
30,55,1906.250,6531.250,1492.762
31,55,1968.750,6531.250,1439.275
32,55,2031.250,6531.250,1364.165
33,55,2093.750,6531.250,1264.110
34,55,2156.250,6531.250,1174.287
35,55,2218.750,6531.250,1113.734
36,55,2281.250,6531.250,1079.950
37,55,2343.750,6531.250,1047.742
38,55,2406.250,6531.250,993.829
39,55,2468.750,6531.250,941.062
40,55,2531.250,6531.250,942.570
41,55,2593.750,6531.250,1008.525
42,55,2656.250,6531.250,1086.482
43,55,2718.750,6531.250,1147.751
44,55,2781.250,6531.250,1203.734
45,55,2843.750,6531.250,1252.926
46,55,2906.250,6531.250,1283.442
47,55,2968.750,6531.250,1320.731
48,55,3031.250,6531.250,1369.276
49,55,3093.750,6531.250,1415.096
50,55,3156.250,6531.250,1462.604
51,55,3218.750,6531.250,1515.999
52,55,3281.250,6531.250,1534.230
53,55,3343.750,6531.250,1498.261
54,55,3406.250,6531.250,1458.691
55,55,3468.750,6531.250,1470.625
56,55,3531.250,6531.250,1528.645
57,55,3593.750,6531.250,1591.154
58,55,3656.250,6531.250,1628.656
59,55,3718.750,6531.250,1659.567
60,55,3781.250,6531.250,1709.702
61,55,3843.750,6531.250,1784.380
62,55,3906.250,6531.250,1867.550
63,55,3968.750,6531.250,1938.196
64,55,4031.250,6531.250,1998.787
65,55,4093.750,6531.250,2075.033
66,55,4156.250,6531.250,2172.787
67,55,4218.750,6531.250,2270.560
68,55,4281.250,6531.250,2176.188
69,55,4343.750,6531.250,2090.002
70,55,4406.250,6531.250,2049.528
71,55,4468.750,6531.250,2035.180
72,55,4531.250,6531.250,2043.658
73,55,4593.750,6531.250,2084.180
74,55,4656.250,6531.250,2126.269
75,55,4718.750,6531.250,2118.579
76,55,4781.250,6531.250,2075.652
77,55,4843.750,6531.250,2042.940
78,55,4906.250,6531.250,2059.335
79,55,4968.750,6531.250,2100.752
80,55,5031.250,6531.250,2112.126
81,55,5093.750,6531.250,2092.332
82,55,5156.250,6531.250,2073.517
83,55,5218.750,6531.250,2092.737
84,55,5281.250,6531.250,2135.730
85,55,5343.750,6531.250,2171.627
86,55,5406.250,6531.250,2209.619
87,55,5468.750,6531.250,2148.194
88,55,5531.250,6531.250,2083.044
89,55,5593.750,6531.250,2031.014
90,55,5656.250,6531.250,2003.798
91,55,5718.750,6531.250,2021.672
92,55,5781.250,6531.250,2053.894
93,55,5843.750,6531.250,2073.519
94,55,5906.250,6531.250,2073.721
95,55,5968.750,6531.250,2047.199
96,55,6031.250,6531.250,2002.761
97,55,6093.750,6531.250,1946.088
98,55,6156.250,6531.250,1890.459
99,55,6218.750,6531.250,1841.011
100,55,6281.250,6531.250,1790.102
101,55,6343.750,6531.250,1740.258
102,55,6406.250,6531.250,1697.217
103,55,6468.750,6531.250,1651.533
104,55,6531.250,6531.250,1608.663
105,55,6593.750,6531.250,1587.724
106,55,6656.250,6531.250,1568.933
107,55,6718.750,6531.250,1530.430
108,55,6781.250,6531.250,1471.024
109,55,6843.750,6531.250,1419.089
110,55,6906.250,6531.250,1391.495
111,55,6968.750,6531.250,1385.422
112,55,7031.250,6531.250,1394.100
113,55,7093.750,6531.250,1397.924
114,55,7156.250,6531.250,1381.572
115,55,7218.750,6531.250,1358.809
116,55,7281.250,6531.250,1358.477
117,55,7343.750,6531.250,1360.574
118,55,7406.250,6531.250,1337.118
119,55,7468.750,6531.250,1307.303
120,55,7531.250,6531.250,1306.785
121,55,7593.750,6531.250,1322.130
122,55,7656.250,6531.250,1338.379
123,55,7718.750,6531.250,1362.953
124,55,7781.250,6531.250,1409.124
125,55,7843.750,6531.250,1480.774
126,55,7906.250,6531.250,1587.799
127,55,7968.750,6531.250,1695.586
128,55,8031.250,6531.250,1782.231
129,55,8093.750,6531.250,1851.601
130,55,8156.250,6531.250,1900.286
131,55,8218.750,6531.250,1915.814
132,55,8281.250,6531.250,1903.924
133,55,8343.750,6531.250,1885.497
134,55,8406.250,6531.250,1874.035
135,55,8468.750,6531.250,1863.783
136,55,8531.250,6531.250,1830.931
137,55,8593.750,6531.250,1803.781
138,55,8656.250,6531.250,1805.605
139,55,8718.750,6531.250,1829.583
140,55,8781.250,6531.250,1874.810
141,55,8843.750,6531.250,1927.026
142,55,8906.250,6531.250,1983.384
143,55,8968.750,6531.250,2048.498
144,55,9031.250,6531.250,2107.580
145,55,9093.750,6531.250,2133.609
146,55,9156.250,6531.250,2135.416
147,55,9218.750,6531.250,2152.582
148,55,9281.250,6531.250,2199.338
149,55,9343.750,6531.250,2248.236
150,55,9406.250,6531.250,2282.658
151,55,9468.750,6531.250,2327.136
152,55,9531.250,6531.250,2362.174
153,55,9593.750,6531.250,2366.476
154,55,9656.250,6531.250,2365.254
155,55,9718.750,6531.250,2393.586
156,55,9781.250,6531.250,2296.035
157,55,9843.750,6531.250,2202.284
158,55,9906.250,6531.250,2164.350
159,55,9968.750,6531.250,2164.303
0,56,31.250,6468.750,2300.755
1,56,93.750,6468.750,2324.418
2,56,156.250,6468.750,2368.800
3,56,218.750,6468.750,2349.681
4,56,281.250,6468.750,2320.598
5,56,343.750,6468.750,2285.858
6,56,406.250,6468.750,2223.103
7,56,468.750,6468.750,2157.092
8,56,531.250,6468.750,2123.182
9,56,593.750,6468.750,2114.736
10,56,656.250,6468.750,2106.576
11,56,718.750,6468.750,2094.565
12,56,781.250,6468.750,2111.997
13,56,843.750,6468.750,2176.335
14,56,906.250,6468.750,2239.965
15,56,968.750,6468.750,2249.399
16,56,1031.250,6468.750,2230.705
17,56,1093.750,6468.750,2222.932
18,56,1156.250,6468.750,2239.154
19,56,1218.750,6468.750,2261.577
20,56,1281.250,6468.750,2292.803
21,56,1343.750,6468.750,2340.469
22,56,1406.250,6468.750,2315.759
23,56,1468.750,6468.750,2231.523
24,56,1531.250,6468.750,2126.801
25,56,1593.750,6468.750,2011.111
26,56,1656.250,6468.750,1894.800
27,56,1718.750,6468.750,1779.844
28,56,1781.250,6468.750,1661.320
29,56,1843.750,6468.750,1555.073
30,56,1906.250,6468.750,1484.611
31,56,1968.750,6468.750,1443.489
32,56,2031.250,6468.750,1379.738
33,56,2093.750,6468.750,1284.654
34,56,2156.250,6468.750,1196.221
35,56,2218.750,6468.750,1133.175
36,56,2281.250,6468.750,1097.042
37,56,2343.750,6468.750,1062.264
38,56,2406.250,6468.750,1000.085
39,56,2468.750,6468.750,935.591
40,56,2531.250,6468.750,937.261
41,56,2593.750,6468.750,1017.436
42,56,2656.250,6468.750,1101.778
43,56,2718.750,6468.750,1153.069
44,56,2781.250,6468.750,1196.069
45,56,2843.750,6468.750,1234.759
46,56,2906.250,6468.750,1242.261
47,56,2968.750,6468.750,1264.404
48,56,3031.250,6468.750,1311.867
49,56,3093.750,6468.750,1358.654
50,56,3156.250,6468.750,1408.639
51,56,3218.750,6468.750,1474.679
52,56,3281.250,6468.750,1507.028
53,56,3343.750,6468.750,1489.839
54,56,3406.250,6468.750,1472.725
55,56,3468.750,6468.750,1492.835
56,56,3531.250,6468.750,1545.156
57,56,3593.750,6468.750,1597.236
58,56,3656.250,6468.750,1616.473
59,56,3718.750,6468.750,1627.096
60,56,3781.250,6468.750,1674.776
61,56,3843.750,6468.750,1755.206
62,56,3906.250,6468.750,1845.251
63,56,3968.750,6468.750,1921.266
64,56,4031.250,6468.750,1984.081
65,56,4093.750,6468.750,2058.689
66,56,4156.250,6468.750,2161.627
67,56,4218.750,6468.750,2264.952
68,56,4281.250,6468.750,2185.313
69,56,4343.750,6468.750,2097.444
70,56,4406.250,6468.750,2057.548
71,56,4468.750,6468.750,2035.825
72,56,4531.250,6468.750,2030.021
73,56,4593.750,6468.750,2058.697
74,56,4656.250,6468.750,2095.012
75,56,4718.750,6468.750,2083.915
76,56,4781.250,6468.750,2035.679
77,56,4843.750,6468.750,2001.154
78,56,4906.250,6468.750,2018.245
79,56,4968.750,6468.750,2059.335
80,56,5031.250,6468.750,2072.843
81,56,5093.750,6468.750,2059.380
82,56,5156.250,6468.750,2052.730
83,56,5218.750,6468.750,2089.981
84,56,5281.250,6468.750,2146.661
85,56,5343.750,6468.750,2180.650
86,56,5406.250,6468.750,2198.073
87,56,5468.750,6468.750,2156.022
88,56,5531.250,6468.750,2116.208
89,56,5593.750,6468.750,2077.820
90,56,5656.250,6468.750,2047.865
91,56,5718.750,6468.750,2051.784
92,56,5781.250,6468.750,2065.128
93,56,5843.750,6468.750,2081.158
94,56,5906.250,6468.750,2091.117
95,56,5968.750,6468.750,2064.241
96,56,6031.250,6468.750,2008.835
97,56,6093.750,6468.750,1944.155
98,56,6156.250,6468.750,1886.803
99,56,6218.750,6468.750,1836.585
100,56,6281.250,6468.750,1783.255
101,56,6343.750,6468.750,1718.649
102,56,6406.250,6468.750,1660.689
103,56,6468.750,6468.750,1603.009
104,56,6531.250,6468.750,1550.613
105,56,6593.750,6468.750,1530.210
106,56,6656.250,6468.750,1525.233
107,56,6718.750,6468.750,1500.722
108,56,6781.250,6468.750,1462.008
109,56,6843.750,6468.750,1433.664
110,56,6906.250,6468.750,1408.281
111,56,6968.750,6468.750,1390.321
112,56,7031.250,6468.750,1392.691
113,56,7093.750,6468.750,1392.434
114,56,7156.250,6468.750,1368.585
115,56,7218.750,6468.750,1350.162
116,56,7281.250,6468.750,1365.505
117,56,7343.750,6468.750,1374.554
118,56,7406.250,6468.750,1344.681
119,56,7468.750,6468.750,1309.378
120,56,7531.250,6468.750,1307.745
121,56,7593.750,6468.750,1318.817
122,56,7656.250,6468.750,1328.941
123,56,7718.750,6468.750,1343.665
124,56,7781.250,6468.750,1379.345
125,56,7843.750,6468.750,1451.256
126,56,7906.250,6468.750,1569.226
127,56,7968.750,6468.750,1685.634
128,56,8031.250,6468.750,1782.188
129,56,8093.750,6468.750,1863.242
130,56,8156.250,6468.750,1909.906
131,56,8218.750,6468.750,1913.505
132,56,8281.250,6468.750,1901.840
133,56,8343.750,6468.750,1899.459
134,56,8406.250,6468.750,1901.484
135,56,8468.750,6468.750,1891.017
136,56,8531.250,6468.750,1848.648
137,56,8593.750,6468.750,1811.177
138,56,8656.250,6468.750,1808.546
139,56,8718.750,6468.750,1832.222
140,56,8781.250,6468.750,1878.329
141,56,8843.750,6468.750,1936.413
142,56,8906.250,6468.750,2000.692
143,56,8968.750,6468.750,2078.251
144,56,9031.250,6468.750,2149.810
145,56,9093.750,6468.750,2176.131
146,56,9156.250,6468.750,2167.095
147,56,9218.750,6468.750,2181.031
148,56,9281.250,6468.750,2231.454
149,56,9343.750,6468.750,2280.994
150,56,9406.250,6468.750,2315.967
151,56,9468.750,6468.750,2345.517
152,56,9531.250,6468.750,2359.088
153,56,9593.750,6468.750,2395.245
154,56,9656.250,6468.750,2394.121
155,56,9718.750,6468.750,2396.866
156,56,9781.250,6468.750,2316.072
157,56,9843.750,6468.750,2241.745
158,56,9906.250,6468.750,2225.243
159,56,9968.750,6468.750,2245.061
0,57,31.250,6406.250,2286.052
1,57,93.750,6406.250,2323.601
2,57,156.250,6406.250,2362.494
3,57,218.750,6406.250,2318.574
4,57,281.250,6406.250,2281.937
5,57,343.750,6406.250,2250.713
6,57,406.250,6406.250,2200.098
7,57,468.750,6406.250,2150.896
8,57,531.250,6406.250,2132.201
9,57,593.750,6406.250,2132.233
10,57,656.250,6406.250,2126.659
11,57,718.750,6406.250,2119.945
12,57,781.250,6406.250,2141.682
13,57,843.750,6406.250,2203.519
14,57,906.250,6406.250,2262.417
15,57,968.750,6406.250,2272.423
16,57,1031.250,6406.250,2253.761
17,57,1093.750,6406.250,2237.744
18,57,1156.250,6406.250,2236.351
19,57,1218.750,6406.250,2243.500
20,57,1281.250,6406.250,2273.329
21,57,1343.750,6406.250,2330.198
22,57,1406.250,6406.250,2314.399
23,57,1468.750,6406.250,2221.240
24,57,1531.250,6406.250,2113.972
25,57,1593.750,6406.250,1999.964
26,57,1656.250,6406.250,1882.330
27,57,1718.750,6406.250,1768.614
28,57,1781.250,6406.250,1655.538
29,57,1843.750,6406.250,1553.727
30,57,1906.250,6406.250,1483.768
31,57,1968.750,6406.250,1439.870
32,57,2031.250,6406.250,1378.520
33,57,2093.750,6406.250,1296.726
34,57,2156.250,6406.250,1222.568
35,57,2218.750,6406.250,1160.609
36,57,2281.250,6406.250,1114.057
37,57,2343.750,6406.250,1069.298
38,57,2406.250,6406.250,1004.192
39,57,2468.750,6406.250,939.719
40,57,2531.250,6406.250,940.122
41,57,2593.750,6406.250,1012.833
42,57,2656.250,6406.250,1088.865
43,57,2718.750,6406.250,1135.032
44,57,2781.250,6406.250,1173.847
45,57,2843.750,6406.250,1208.312
46,57,2906.250,6406.250,1215.504
47,57,2968.750,6406.250,1234.959
48,57,3031.250,6406.250,1276.675
49,57,3093.750,6406.250,1320.197
50,57,3156.250,6406.250,1369.529
51,57,3218.750,6406.250,1435.858
52,57,3281.250,6406.250,1475.388
53,57,3343.750,6406.250,1474.233
54,57,3406.250,6406.250,1473.069
55,57,3468.750,6406.250,1499.602
56,57,3531.250,6406.250,1547.699
57,57,3593.750,6406.250,1591.125
58,57,3656.250,6406.250,1599.483
59,57,3718.750,6406.250,1600.410
60,57,3781.250,6406.250,1646.310
61,57,3843.750,6406.250,1726.712
62,57,3906.250,6406.250,1818.173
63,57,3968.750,6406.250,1901.271
64,57,4031.250,6406.250,1972.311
65,57,4093.750,6406.250,2046.619
66,57,4156.250,6406.250,2148.029
67,57,4218.750,6406.250,2252.967
68,57,4281.250,6406.250,2192.721
69,57,4343.750,6406.250,2099.966
70,57,4406.250,6406.250,2060.366
71,57,4468.750,6406.250,2040.575
72,57,4531.250,6406.250,2028.407
73,57,4593.750,6406.250,2040.770
74,57,4656.250,6406.250,2062.641
75,57,4718.750,6406.250,2048.110
76,57,4781.250,6406.250,2002.283
77,57,4843.750,6406.250,1969.162
78,57,4906.250,6406.250,1980.340
79,57,4968.750,6406.250,2013.241
80,57,5031.250,6406.250,2027.290
81,57,5093.750,6406.250,2025.637
82,57,5156.250,6406.250,2036.137
83,57,5218.750,6406.250,2090.087
84,57,5281.250,6406.250,2157.015
85,57,5343.750,6406.250,2188.139
86,57,5406.250,6406.250,2205.000
87,57,5468.750,6406.250,2184.853
88,57,5531.250,6406.250,2167.208
89,57,5593.750,6406.250,2144.103
90,57,5656.250,6406.250,2113.941
91,57,5718.750,6406.250,2103.323
92,57,5781.250,6406.250,2096.834
93,57,5843.750,6406.250,2091.140
94,57,5906.250,6406.250,2082.090
95,57,5968.750,6406.250,2048.800
96,57,6031.250,6406.250,1992.587
97,57,6093.750,6406.250,1925.147
98,57,6156.250,6406.250,1860.520
99,57,6218.750,6406.250,1804.168
100,57,6281.250,6406.250,1749.448
101,57,6343.750,6406.250,1680.339
102,57,6406.250,6406.250,1617.199
103,57,6468.750,6406.250,1558.660
104,57,6531.250,6406.250,1507.960
105,57,6593.750,6406.250,1486.601
106,57,6656.250,6406.250,1481.825
107,57,6718.750,6406.250,1463.083
108,57,6781.250,6406.250,1433.090
109,57,6843.750,6406.250,1409.786
110,57,6906.250,6406.250,1386.252
111,57,6968.750,6406.250,1374.196
112,57,7031.250,6406.250,1382.965
113,57,7093.750,6406.250,1394.334
114,57,7156.250,6406.250,1385.510
115,57,7218.750,6406.250,1370.393
116,57,7281.250,6406.250,1375.642
117,57,7343.750,6406.250,1374.631
118,57,7406.250,6406.250,1342.735
119,57,7468.750,6406.250,1308.808
120,57,7531.250,6406.250,1306.510
121,57,7593.750,6406.250,1311.335
122,57,7656.250,6406.250,1315.342
123,57,7718.750,6406.250,1331.268
124,57,7781.250,6406.250,1372.052
125,57,7843.750,6406.250,1444.216
126,57,7906.250,6406.250,1556.835
127,57,7968.750,6406.250,1670.113
128,57,8031.250,6406.250,1762.876
129,57,8093.750,6406.250,1837.011
130,57,8156.250,6406.250,1883.780
131,57,8218.750,6406.250,1900.559
132,57,8281.250,6406.250,1904.758
133,57,8343.750,6406.250,1913.852
134,57,8406.250,6406.250,1922.385
135,57,8468.750,6406.250,1912.361
136,57,8531.250,6406.250,1871.960
137,57,8593.750,6406.250,1832.796
138,57,8656.250,6406.250,1824.042
139,57,8718.750,6406.250,1843.055
140,57,8781.250,6406.250,1888.820
141,57,8843.750,6406.250,1951.621
142,57,8906.250,6406.250,2023.422
143,57,8968.750,6406.250,2107.370
144,57,9031.250,6406.250,2182.917
145,57,9093.750,6406.250,2213.586
146,57,9156.250,6406.250,2212.812
147,57,9218.750,6406.250,2232.824
148,57,9281.250,6406.250,2279.962
149,57,9343.750,6406.250,2309.008
150,57,9406.250,6406.250,2311.084
151,57,9468.750,6406.250,2318.024
152,57,9531.250,6406.250,2342.491
153,57,9593.750,6406.250,2389.998
154,57,9656.250,6406.250,2405.364
155,57,9718.750,6406.250,2395.644
156,57,9781.250,6406.250,2326.680
157,57,9843.750,6406.250,2268.568
158,57,9906.250,6406.250,2263.979
159,57,9968.750,6406.250,2288.013
0,58,31.250,6343.750,2273.711
1,58,93.750,6343.750,2327.955
2,58,156.250,6343.750,2358.037
3,58,218.750,6343.750,2302.797
4,58,281.250,6343.750,2257.877
5,58,343.750,6343.750,2225.175
6,58,406.250,6343.750,2179.048
7,58,468.750,6343.750,2142.611
8,58,531.250,6343.750,2136.208
9,58,593.750,6343.750,2141.385
10,58,656.250,6343.750,2140.347
11,58,718.750,6343.750,2145.068
12,58,781.250,6343.750,2172.387
13,58,843.750,6343.750,2220.394
14,58,906.250,6343.750,2261.479
15,58,968.750,6343.750,2276.070
16,58,1031.250,6343.750,2278.557
17,58,1093.750,6343.750,2269.604
18,58,1156.250,6343.750,2247.406
19,58,1218.750,6343.750,2232.373
20,58,1281.250,6343.750,2260.238
21,58,1343.750,6343.750,2326.690
22,58,1406.250,6343.750,2318.186
23,58,1468.750,6343.750,2219.198
24,58,1531.250,6343.750,2114.689
25,58,1593.750,6343.750,2003.180
26,58,1656.250,6343.750,1879.747
27,58,1718.750,6343.750,1767.110
28,58,1781.250,6343.750,1664.313
29,58,1843.750,6343.750,1567.176
30,58,1906.250,6343.750,1490.403
31,58,1968.750,6343.750,1424.634
32,58,2031.250,6343.750,1355.068
33,58,2093.750,6343.750,1300.274
34,58,2156.250,6343.750,1261.798
35,58,2218.750,6343.750,1205.551
36,58,2281.250,6343.750,1136.386
37,58,2343.750,6343.750,1071.512
38,58,2406.250,6343.750,1006.159
39,58,2468.750,6343.750,949.190
40,58,2531.250,6343.750,947.567
41,58,2593.750,6343.750,1003.306
42,58,2656.250,6343.750,1064.500
43,58,2718.750,6343.750,1108.681
44,58,2781.250,6343.750,1149.603
45,58,2843.750,6343.750,1184.554
46,58,2906.250,6343.750,1204.499
47,58,2968.750,6343.750,1229.339
48,58,3031.250,6343.750,1265.501
49,58,3093.750,6343.750,1305.963
50,58,3156.250,6343.750,1351.664
51,58,3218.750,6343.750,1402.795
52,58,3281.250,6343.750,1437.625
53,58,3343.750,6343.750,1454.403
54,58,3406.250,6343.750,1475.331
55,58,3468.750,6343.750,1509.166
56,58,3531.250,6343.750,1551.046
57,58,3593.750,6343.750,1586.108
58,58,3656.250,6343.750,1584.118
59,58,3718.750,6343.750,1573.331
60,58,3781.250,6343.750,1615.871
61,58,3843.750,6343.750,1690.068
62,58,3906.250,6343.750,1776.897
63,58,3968.750,6343.750,1871.857
64,58,4031.250,6343.750,1962.632
65,58,4093.750,6343.750,2040.154
66,58,4156.250,6343.750,2137.900
67,58,4218.750,6343.750,2242.862
68,58,4281.250,6343.750,2196.816
69,58,4343.750,6343.750,2094.875
70,58,4406.250,6343.750,2057.025
71,58,4468.750,6343.750,2055.462
72,58,4531.250,6343.750,2048.558
73,58,4593.750,6343.750,2040.921
74,58,4656.250,6343.750,2041.535
75,58,4718.750,6343.750,2023.806
76,58,4781.250,6343.750,1986.983
77,58,4843.750,6343.750,1959.147
78,58,4906.250,6343.750,1956.255
79,58,4968.750,6343.750,1968.188
80,58,5031.250,6343.750,1978.630
81,58,5093.750,6343.750,1985.765
82,58,5156.250,6343.750,2010.850
83,58,5218.750,6343.750,2082.759
84,58,5281.250,6343.750,2163.703
85,58,5343.750,6343.750,2194.303
86,58,5406.250,6343.750,2209.994
87,58,5468.750,6343.750,2218.144
88,58,5531.250,6343.750,2215.903
89,58,5593.750,6343.750,2207.451
90,58,5656.250,6343.750,2178.096
91,58,5718.750,6343.750,2152.263
92,58,5781.250,6343.750,2126.739
93,58,5843.750,6343.750,2094.347
94,58,5906.250,6343.750,2054.234
95,58,5968.750,6343.750,2010.244
96,58,6031.250,6343.750,1961.121
97,58,6093.750,6343.750,1896.740
98,58,6156.250,6343.750,1820.268
99,58,6218.750,6343.750,1751.503
100,58,6281.250,6343.750,1694.486
101,58,6343.750,6343.750,1622.444
102,58,6406.250,6343.750,1558.118
103,58,6468.750,6343.750,1507.792
104,58,6531.250,6343.750,1467.460
105,58,6593.750,6343.750,1444.323
106,58,6656.250,6343.750,1428.322
107,58,6718.750,6343.750,1407.145
108,58,6781.250,6343.750,1383.560
109,58,6843.750,6343.750,1363.171
110,58,6906.250,6343.750,1344.007
111,58,6968.750,6343.750,1344.048
112,58,7031.250,6343.750,1362.556
113,58,7093.750,6343.750,1396.377
114,58,7156.250,6343.750,1420.230
115,58,7218.750,6343.750,1407.380
116,58,7281.250,6343.750,1384.866
117,58,7343.750,6343.750,1362.323
118,58,7406.250,6343.750,1333.915
119,58,7468.750,6343.750,1309.382
120,58,7531.250,6343.750,1305.621
121,58,7593.750,6343.750,1297.263
122,58,7656.250,6343.750,1292.906
123,58,7718.750,6343.750,1322.007
124,58,7781.250,6343.750,1383.809
125,58,7843.750,6343.750,1457.237
126,58,7906.250,6343.750,1553.078
127,58,7968.750,6343.750,1655.462
128,58,8031.250,6343.750,1736.535
129,58,8093.750,6343.750,1792.073
130,58,8156.250,6343.750,1838.588
131,58,8218.750,6343.750,1878.104
132,58,8281.250,6343.750,1903.334
133,58,8343.750,6343.750,1919.739
134,58,8406.250,6343.750,1930.131
135,58,8468.750,6343.750,1921.249
136,58,8531.250,6343.750,1895.175
137,58,8593.750,6343.750,1864.942
138,58,8656.250,6343.750,1852.423
139,58,8718.750,6343.750,1866.159
140,58,8781.250,6343.750,1911.261
141,58,8843.750,6343.750,1978.866
142,58,8906.250,6343.750,2058.043
143,58,8968.750,6343.750,2145.316
144,58,9031.250,6343.750,2221.884
145,58,9093.750,6343.750,2258.464
146,58,9156.250,6343.750,2255.927
147,58,9218.750,6343.750,2253.939
148,58,9281.250,6343.750,2255.223
149,58,9343.750,6343.750,2269.464
150,58,9406.250,6343.750,2276.422
151,58,9468.750,6343.750,2294.622
152,58,9531.250,6343.750,2330.483
153,58,9593.750,6343.750,2379.408
154,58,9656.250,6343.750,2405.468
155,58,9718.750,6343.750,2388.463
156,58,9781.250,6343.750,2330.986
157,58,9843.750,6343.750,2287.238
158,58,9906.250,6343.750,2286.723
159,58,9968.750,6343.750,2304.199
0,59,31.250,6281.250,2273.173
1,59,93.750,6281.250,2339.183
2,59,156.250,6281.250,2361.465
3,59,218.750,6281.250,2301.138
4,59,281.250,6281.250,2251.600
5,59,343.750,6281.250,2216.322
6,59,406.250,6281.250,2170.736
7,59,468.750,6281.250,2142.555
8,59,531.250,6281.250,2145.500
9,59,593.750,6281.250,2155.101
10,59,656.250,6281.250,2158.766
11,59,718.750,6281.250,2172.754
12,59,781.250,6281.250,2203.079
13,59,843.750,6281.250,2237.355
14,59,906.250,6281.250,2262.746
15,59,968.750,6281.250,2283.509
16,59,1031.250,6281.250,2309.246
17,59,1093.750,6281.250,2311.670
18,59,1156.250,6281.250,2275.020
19,59,1218.750,6281.250,2243.120
20,59,1281.250,6281.250,2269.320
21,59,1343.750,6281.250,2341.514
22,59,1406.250,6281.250,2312.753
23,59,1468.750,6281.250,2210.865
24,59,1531.250,6281.250,2110.427
25,59,1593.750,6281.250,2002.624
26,59,1656.250,6281.250,1877.443
27,59,1718.750,6281.250,1769.370
28,59,1781.250,6281.250,1677.496
29,59,1843.750,6281.250,1583.610
30,59,1906.250,6281.250,1498.601
31,59,1968.750,6281.250,1411.091
32,59,2031.250,6281.250,1333.205
33,59,2093.750,6281.250,1302.741
34,59,2156.250,6281.250,1297.248
35,59,2218.750,6281.250,1248.086
36,59,2281.250,6281.250,1160.541
37,59,2343.750,6281.250,1078.794
38,59,2406.250,6281.250,1013.821
39,59,2468.750,6281.250,964.455
40,59,2531.250,6281.250,960.922
41,59,2593.750,6281.250,1000.901
42,59,2656.250,6281.250,1048.158
43,59,2718.750,6281.250,1090.136
44,59,2781.250,6281.250,1132.712
45,59,2843.750,6281.250,1167.530
46,59,2906.250,6281.250,1197.623
47,59,2968.750,6281.250,1226.613
48,59,3031.250,6281.250,1258.228
49,59,3093.750,6281.250,1296.397
50,59,3156.250,6281.250,1338.402
51,59,3218.750,6281.250,1373.686
52,59,3281.250,6281.250,1401.295
53,59,3343.750,6281.250,1431.955
54,59,3406.250,6281.250,1472.358
55,59,3468.750,6281.250,1514.134
56,59,3531.250,6281.250,1553.763
57,59,3593.750,6281.250,1585.411
58,59,3656.250,6281.250,1578.258
59,59,3718.750,6281.250,1559.520
60,59,3781.250,6281.250,1598.309
61,59,3843.750,6281.250,1664.194
62,59,3906.250,6281.250,1743.653
63,59,3968.750,6281.250,1846.177
64,59,4031.250,6281.250,1952.911
65,59,4093.750,6281.250,2033.707
66,59,4156.250,6281.250,2128.694
67,59,4218.750,6281.250,2233.301
68,59,4281.250,6281.250,2195.619
69,59,4343.750,6281.250,2086.372
70,59,4406.250,6281.250,2050.127
71,59,4468.750,6281.250,2065.678
72,59,4531.250,6281.250,2065.142
73,59,4593.750,6281.250,2041.689
74,59,4656.250,6281.250,2024.837
75,59,4718.750,6281.250,2004.626
76,59,4781.250,6281.250,1975.963
77,59,4843.750,6281.250,1953.022
78,59,4906.250,6281.250,1937.927
79,59,4968.750,6281.250,1931.222
80,59,5031.250,6281.250,1937.504
81,59,5093.750,6281.250,1948.896
82,59,5156.250,6281.250,1982.349
83,59,5218.750,6281.250,2066.638
84,59,5281.250,6281.250,2158.262
85,59,5343.750,6281.250,2188.944
86,59,5406.250,6281.250,2190.815
87,59,5468.750,6281.250,2190.522
88,59,5531.250,6281.250,2187.202
89,59,5593.750,6281.250,2189.431
90,59,5656.250,6281.250,2226.901
91,59,5718.750,6281.250,2190.090
92,59,5781.250,6281.250,2151.072
93,59,5843.750,6281.250,2097.663
94,59,5906.250,6281.250,2030.099
95,59,5968.750,6281.250,1974.423
96,59,6031.250,6281.250,1930.436
97,59,6093.750,6281.250,1868.798
98,59,6156.250,6281.250,1782.150
99,59,6218.750,6281.250,1702.769
100,59,6281.250,6281.250,1644.308
101,59,6343.750,6281.250,1571.921
102,59,6406.250,6281.250,1509.346
103,59,6468.750,6281.250,1468.081
104,59,6531.250,6281.250,1437.361
105,59,6593.750,6281.250,1412.447
106,59,6656.250,6281.250,1384.626
107,59,6718.750,6281.250,1358.286
108,59,6781.250,6281.250,1338.824
109,59,6843.750,6281.250,1321.242
110,59,6906.250,6281.250,1306.993
111,59,6968.750,6281.250,1317.358
112,59,7031.250,6281.250,1343.663
113,59,7093.750,6281.250,1396.477
114,59,7156.250,6281.250,1448.861
115,59,7218.750,6281.250,1437.671
116,59,7281.250,6281.250,1390.756
117,59,7343.750,6281.250,1349.768
118,59,7406.250,6281.250,1325.183
119,59,7468.750,6281.250,1308.850
120,59,7531.250,6281.250,1302.980
121,59,7593.750,6281.250,1283.165
122,59,7656.250,6281.250,1272.995
123,59,7718.750,6281.250,1315.834
124,59,7781.250,6281.250,1397.803
125,59,7843.750,6281.250,1472.896
126,59,7906.250,6281.250,1554.405
127,59,7968.750,6281.250,1647.487
128,59,8031.250,6281.250,1718.415
129,59,8093.750,6281.250,1757.632
130,59,8156.250,6281.250,1803.505
131,59,8218.750,6281.250,1860.916
132,59,8281.250,6281.250,1901.832
133,59,8343.750,6281.250,1921.270
134,59,8406.250,6281.250,1930.577
135,59,8468.750,6281.250,1922.141
136,59,8531.250,6281.250,1909.885
137,59,8593.750,6281.250,1889.830
138,59,8656.250,6281.250,1876.234
139,59,8718.750,6281.250,1886.164
140,59,8781.250,6281.250,1930.524
141,59,8843.750,6281.250,2001.815
142,59,8906.250,6281.250,2086.808
143,59,8968.750,6281.250,2176.695
144,59,9031.250,6281.250,2254.975
145,59,9093.750,6281.250,2240.679
146,59,9156.250,6281.250,2220.915
147,59,9218.750,6281.250,2203.165
148,59,9281.250,6281.250,2208.233
149,59,9343.750,6281.250,2234.965
150,59,9406.250,6281.250,2245.117
151,59,9468.750,6281.250,2271.474
152,59,9531.250,6281.250,2315.295
153,59,9593.750,6281.250,2364.006
154,59,9656.250,6281.250,2392.424
155,59,9718.750,6281.250,2377.069
156,59,9781.250,6281.250,2329.142
157,59,9843.750,6281.250,2295.862
158,59,9906.250,6281.250,2296.806
159,59,9968.750,6281.250,2307.399
0,60,31.250,6218.750,2296.040
1,60,93.750,6218.750,2362.147
2,60,156.250,6218.750,2360.097
3,60,218.750,6218.750,2305.676
4,60,281.250,6218.750,2262.190
5,60,343.750,6218.750,2228.148
6,60,406.250,6218.750,2182.121
7,60,468.750,6218.750,2156.709
8,60,531.250,6218.750,2165.650
9,60,593.750,6218.750,2180.521
10,60,656.250,6218.750,2186.869
11,60,718.750,6218.750,2203.002
12,60,781.250,6218.750,2232.834
13,60,843.750,6218.750,2263.822
14,60,906.250,6218.750,2288.001
15,60,968.750,6218.750,2312.882
16,60,1031.250,6218.750,2343.325
17,60,1093.750,6218.750,2349.486
18,60,1156.250,6218.750,2314.219
19,60,1218.750,6218.750,2282.859
20,60,1281.250,6218.750,2309.191
21,60,1343.750,6218.750,2381.634
22,60,1406.250,6218.750,2282.142
23,60,1468.750,6218.750,2179.990
24,60,1531.250,6218.750,2080.607
25,60,1593.750,6218.750,1978.564
26,60,1656.250,6218.750,1865.390
27,60,1718.750,6218.750,1768.610
28,60,1781.250,6218.750,1682.586
29,60,1843.750,6218.750,1588.830
30,60,1906.250,6218.750,1500.312
31,60,1968.750,6218.750,1407.734
32,60,2031.250,6218.750,1329.854
33,60,2093.750,6218.750,1304.832
34,60,2156.250,6218.750,1305.584
35,60,2218.750,6218.750,1262.003
36,60,2281.250,6218.750,1179.030
37,60,2343.750,6218.750,1099.235
38,60,2406.250,6218.750,1034.508
39,60,2468.750,6218.750,986.449
40,60,2531.250,6218.750,981.916
41,60,2593.750,6218.750,1014.776
42,60,2656.250,6218.750,1053.597
43,60,2718.750,6218.750,1090.909
44,60,2781.250,6218.750,1130.528
45,60,2843.750,6218.750,1160.077
46,60,2906.250,6218.750,1185.066
47,60,2968.750,6218.750,1209.264
48,60,3031.250,6218.750,1236.978
49,60,3093.750,6218.750,1272.952
50,60,3156.250,6218.750,1313.674
51,60,3218.750,6218.750,1346.263
52,60,3281.250,6218.750,1374.155
53,60,3343.750,6218.750,1411.134
54,60,3406.250,6218.750,1460.876
55,60,3468.750,6218.750,1510.109
56,60,3531.250,6218.750,1554.008
57,60,3593.750,6218.750,1589.376
58,60,3656.250,6218.750,1587.436
59,60,3718.750,6218.750,1571.958
60,60,3781.250,6218.750,1607.610
61,60,3843.750,6218.750,1665.249
62,60,3906.250,6218.750,1736.831
63,60,3968.750,6218.750,1835.154
64,60,4031.250,6218.750,1940.936
65,60,4093.750,6218.750,2021.528
66,60,4156.250,6218.750,2115.266
67,60,4218.750,6218.750,2218.198
68,60,4281.250,6218.750,2191.195
69,60,4343.750,6218.750,2084.545
70,60,4406.250,6218.750,2047.609
71,60,4468.750,6218.750,2058.668
72,60,4531.250,6218.750,2053.101
73,60,4593.750,6218.750,2025.067
74,60,4656.250,6218.750,2004.177
75,60,4718.750,6218.750,1983.024
76,60,4781.250,6218.750,1957.076
77,60,4843.750,6218.750,1935.734
78,60,4906.250,6218.750,1916.306
79,60,4968.750,6218.750,1903.053
80,60,5031.250,6218.750,1907.915
81,60,5093.750,6218.750,1921.483
82,60,5156.250,6218.750,1956.552
83,60,5218.750,6218.750,2041.250
84,60,5281.250,6218.750,2132.974
85,60,5343.750,6218.750,2162.441
86,60,5406.250,6218.750,2158.840
87,60,5468.750,6218.750,2149.937
88,60,5531.250,6218.750,2139.434
89,60,5593.750,6218.750,2138.523
90,60,5656.250,6218.750,2176.507
91,60,5718.750,6218.750,2208.532
92,60,5781.250,6218.750,2165.887
93,60,5843.750,6218.750,2107.798
94,60,5906.250,6218.750,2033.025
95,60,5968.750,6218.750,1969.050
96,60,6031.250,6218.750,1919.712
97,60,6093.750,6218.750,1854.269
98,60,6156.250,6218.750,1762.687
99,60,6218.750,6218.750,1679.506
100,60,6281.250,6218.750,1621.530
101,60,6343.750,6218.750,1551.674
102,60,6406.250,6218.750,1492.280
103,60,6468.750,6218.750,1453.868
104,60,6531.250,6218.750,1424.131
105,60,6593.750,6218.750,1398.477
106,60,6656.250,6218.750,1370.450
107,60,6718.750,6218.750,1343.208
108,60,6781.250,6218.750,1324.528
109,60,6843.750,6218.750,1309.343
110,60,6906.250,6218.750,1297.005
111,60,6968.750,6218.750,1306.798
112,60,7031.250,6218.750,1333.810
113,60,7093.750,6218.750,1391.544
114,60,7156.250,6218.750,1450.869
115,60,7218.750,6218.750,1441.632
116,60,7281.250,6218.750,1391.670
117,60,7343.750,6218.750,1347.379
118,60,7406.250,6218.750,1321.761
119,60,7468.750,6218.750,1304.120
120,60,7531.250,6218.750,1296.225
121,60,7593.750,6218.750,1276.539
122,60,7656.250,6218.750,1269.075
123,60,7718.750,6218.750,1316.958
124,60,7781.250,6218.750,1404.051
125,60,7843.750,6218.750,1479.847
126,60,7906.250,6218.750,1557.012
127,60,7968.750,6218.750,1646.832
128,60,8031.250,6218.750,1717.978
129,60,8093.750,6218.750,1757.770
130,60,8156.250,6218.750,1803.272
131,60,8218.750,6218.750,1859.751
132,60,8281.250,6218.750,1900.687
133,60,8343.750,6218.750,1919.738
134,60,8406.250,6218.750,1927.877
135,60,8468.750,6218.750,1918.665
136,60,8531.250,6218.750,1908.562
137,60,8593.750,6218.750,1891.530
138,60,8656.250,6218.750,1878.580
139,60,8718.750,6218.750,1886.550
140,60,8781.250,6218.750,1930.257
141,60,8843.750,6218.750,2004.240
142,60,8906.250,6218.750,2092.623
143,60,8968.750,6218.750,2185.168
144,60,9031.250,6218.750,2267.491
145,60,9093.750,6218.750,2241.885
146,60,9156.250,6218.750,2213.441
147,60,9218.750,6218.750,2186.429
148,60,9281.250,6218.750,2185.777
149,60,9343.750,6218.750,2209.333
150,60,9406.250,6218.750,2218.136
151,60,9468.750,6218.750,2245.429
152,60,9531.250,6218.750,2290.736
153,60,9593.750,6218.750,2338.849
154,60,9656.250,6218.750,2367.406
155,60,9718.750,6218.750,2357.597
156,60,9781.250,6218.750,2318.868
157,60,9843.750,6218.750,2292.406
158,60,9906.250,6218.750,2296.713
159,60,9968.750,6218.750,2309.246
0,61,31.250,6156.250,2350.681
1,61,93.750,6156.250,2379.862
2,61,156.250,6156.250,2322.945
3,61,218.750,6156.250,2289.488
4,61,281.250,6156.250,2274.229
5,61,343.750,6156.250,2248.550
6,61,406.250,6156.250,2197.688
7,61,468.750,6156.250,2168.215
8,61,531.250,6156.250,2183.208
9,61,593.750,6156.250,2206.745
10,61,656.250,6156.250,2216.157
11,61,718.750,6156.250,2238.306
12,61,781.250,6156.250,2271.511
13,61,843.750,6156.250,2303.118
14,61,906.250,6156.250,2329.957
15,61,968.750,6156.250,2352.492
16,61,1031.250,6156.250,2362.315
17,61,1093.750,6156.250,2360.966
18,61,1156.250,6156.250,2343.466
19,61,1218.750,6156.250,2329.662
20,61,1281.250,6156.250,2359.673
21,61,1343.750,6156.250,2325.741
22,61,1406.250,6156.250,2225.780
23,61,1468.750,6156.250,2123.413
24,61,1531.250,6156.250,2018.492
25,61,1593.750,6156.250,1924.753
26,61,1656.250,6156.250,1843.653
27,61,1718.750,6156.250,1765.558
28,61,1781.250,6156.250,1675.013
29,61,1843.750,6156.250,1576.373
30,61,1906.250,6156.250,1487.549
31,61,1968.750,6156.250,1395.689
32,61,2031.250,6156.250,1319.953
33,61,2093.750,6156.250,1282.449
34,61,2156.250,6156.250,1262.135
35,61,2218.750,6156.250,1224.287
36,61,2281.250,6156.250,1179.610
37,61,2343.750,6156.250,1130.049
38,61,2406.250,6156.250,1069.384
39,61,2468.750,6156.250,1018.632
40,61,2531.250,6156.250,1012.642
41,61,2593.750,6156.250,1034.062
42,61,2656.250,6156.250,1058.108
43,61,2718.750,6156.250,1091.267
44,61,2781.250,6156.250,1133.212
45,61,2843.750,6156.250,1156.313
46,61,2906.250,6156.250,1171.324
47,61,2968.750,6156.250,1189.318
48,61,3031.250,6156.250,1214.027
49,61,3093.750,6156.250,1246.891
50,61,3156.250,6156.250,1287.061
51,61,3218.750,6156.250,1323.186
52,61,3281.250,6156.250,1357.378
53,61,3343.750,6156.250,1400.891
54,61,3406.250,6156.250,1456.965
55,61,3468.750,6156.250,1512.084
56,61,3531.250,6156.250,1554.718
57,61,3593.750,6156.250,1590.861
58,61,3656.250,6156.250,1606.213
59,61,3718.750,6156.250,1611.557
60,61,3781.250,6156.250,1644.414
61,61,3843.750,6156.250,1686.918
62,61,3906.250,6156.250,1746.702
63,61,3968.750,6156.250,1835.479
64,61,4031.250,6156.250,1931.302
65,61,4093.750,6156.250,2006.722
66,61,4156.250,6156.250,2089.507
67,61,4218.750,6156.250,2178.892
68,61,4281.250,6156.250,2203.586
69,61,4343.750,6156.250,2120.760
70,61,4406.250,6156.250,2081.624
71,61,4468.750,6156.250,2053.347
72,61,4531.250,6156.250,2018.529
73,61,4593.750,6156.250,1988.491
74,61,4656.250,6156.250,1969.591
75,61,4718.750,6156.250,1950.637
76,61,4781.250,6156.250,1937.514
77,61,4843.750,6156.250,1925.808
78,61,4906.250,6156.250,1898.032
79,61,4968.750,6156.250,1869.530
80,61,5031.250,6156.250,1873.579
81,61,5093.750,6156.250,1901.597
82,61,5156.250,6156.250,1943.194
83,61,5218.750,6156.250,2017.407
84,61,5281.250,6156.250,2097.231
85,61,5343.750,6156.250,2122.848
86,61,5406.250,6156.250,2117.696
87,61,5468.750,6156.250,2108.726
88,61,5531.250,6156.250,2107.296
89,61,5593.750,6156.250,2119.092
90,61,5656.250,6156.250,2157.184
91,61,5718.750,6156.250,2203.069
92,61,5781.250,6156.250,2162.974
93,61,5843.750,6156.250,2118.835
94,61,5906.250,6156.250,2064.054
95,61,5968.750,6156.250,2000.076
96,61,6031.250,6156.250,1939.923
97,61,6093.750,6156.250,1865.512
98,61,6156.250,6156.250,1767.072
99,61,6218.750,6156.250,1677.313
100,61,6281.250,6156.250,1618.875
101,61,6343.750,6156.250,1548.367
102,61,6406.250,6156.250,1488.099
103,61,6468.750,6156.250,1447.928
104,61,6531.250,6156.250,1415.286
105,61,6593.750,6156.250,1391.756
106,61,6656.250,6156.250,1383.371
107,61,6718.750,6156.250,1367.386
108,61,6781.250,6156.250,1347.508
109,61,6843.750,6156.250,1332.885
110,61,6906.250,6156.250,1316.700
111,61,6968.750,6156.250,1307.899
112,61,7031.250,6156.250,1325.757
113,61,7093.750,6156.250,1385.165
114,61,7156.250,6156.250,1443.755
115,61,7218.750,6156.250,1436.662
116,61,7281.250,6156.250,1392.061
117,61,7343.750,6156.250,1347.962
118,61,7406.250,6156.250,1313.989
119,61,7468.750,6156.250,1287.452
120,61,7531.250,6156.250,1280.161
121,61,7593.750,6156.250,1278.332
122,61,7656.250,6156.250,1288.626
123,61,7718.750,6156.250,1342.291
124,61,7781.250,6156.250,1429.413
125,61,7843.750,6156.250,1502.380
126,61,7906.250,6156.250,1562.364
127,61,7968.750,6156.250,1637.127
128,61,8031.250,6156.250,1717.826
129,61,8093.750,6156.250,1778.610
130,61,8156.250,6156.250,1824.474
131,61,8218.750,6156.250,1858.562
132,61,8281.250,6156.250,1883.339
133,61,8343.750,6156.250,1903.057
134,61,8406.250,6156.250,1914.755
135,61,8468.750,6156.250,1906.674
136,61,8531.250,6156.250,1894.242
137,61,8593.750,6156.250,1879.722
138,61,8656.250,6156.250,1867.781
139,61,8718.750,6156.250,1870.399
140,61,8781.250,6156.250,1911.591
141,61,8843.750,6156.250,1989.634
142,61,8906.250,6156.250,2078.656
143,61,8968.750,6156.250,2167.496
144,61,9031.250,6156.250,2249.445
145,61,9093.750,6156.250,2263.775
146,61,9156.250,6156.250,2219.163
147,61,9218.750,6156.250,2181.166
148,61,9281.250,6156.250,2176.373
149,61,9343.750,6156.250,2194.755
150,61,9406.250,6156.250,2201.352
151,61,9468.750,6156.250,2227.939
152,61,9531.250,6156.250,2270.589
153,61,9593.750,6156.250,2305.485
154,61,9656.250,6156.250,2319.362
155,61,9718.750,6156.250,2314.984
156,61,9781.250,6156.250,2299.782
157,61,9843.750,6156.250,2286.054
158,61,9906.250,6156.250,2293.256
159,61,9968.750,6156.250,2312.458
0,62,31.250,6093.750,2361.202
1,62,93.750,6093.750,2320.121
2,62,156.250,6093.750,2268.737
3,62,218.750,6093.750,2258.817
4,62,281.250,6093.750,2277.492
5,62,343.750,6093.750,2262.631
6,62,406.250,6093.750,2206.273
7,62,468.750,6093.750,2170.517
8,62,531.250,6093.750,2191.755
9,62,593.750,6093.750,2225.818
10,62,656.250,6093.750,2239.633
11,62,718.750,6093.750,2268.154
12,62,781.250,6093.750,2304.946
13,62,843.750,6093.750,2336.818
14,62,906.250,6093.750,2365.618
15,62,968.750,6093.750,2384.420
16,62,1031.250,6093.750,2372.087
17,62,1093.750,6093.750,2365.822
18,62,1156.250,6093.750,2373.508
19,62,1218.750,6093.750,2383.346
20,62,1281.250,6093.750,2355.368
21,62,1343.750,6093.750,2261.567
22,62,1406.250,6093.750,2164.491
23,62,1468.750,6093.750,2065.880
24,62,1531.250,6093.750,1957.222
25,62,1593.750,6093.750,1871.574
26,62,1656.250,6093.750,1820.931
27,62,1718.750,6093.750,1756.499
28,62,1781.250,6093.750,1655.448
29,62,1843.750,6093.750,1549.203
30,62,1906.250,6093.750,1459.223
31,62,1968.750,6093.750,1367.636
32,62,2031.250,6093.750,1294.240
33,62,2093.750,6093.750,1243.826
34,62,2156.250,6093.750,1201.319
35,62,2218.750,6093.750,1171.600
36,62,2281.250,6093.750,1173.229
37,62,2343.750,6093.750,1161.425
38,62,2406.250,6093.750,1108.488
39,62,2468.750,6093.750,1057.041
40,62,2531.250,6093.750,1050.424
41,62,2593.750,6093.750,1058.179
42,62,2656.250,6093.750,1063.347
43,62,2718.750,6093.750,1089.192
44,62,2781.250,6093.750,1133.213
45,62,2843.750,6093.750,1151.111
46,62,2906.250,6093.750,1158.673
47,62,2968.750,6093.750,1172.525
48,62,3031.250,6093.750,1194.946
49,62,3093.750,6093.750,1224.412
50,62,3156.250,6093.750,1264.102
51,62,3218.750,6093.750,1305.390
52,62,3281.250,6093.750,1347.858
53,62,3343.750,6093.750,1398.611
54,62,3406.250,6093.750,1460.462
55,62,3468.750,6093.750,1520.882
56,62,3531.250,6093.750,1561.038
57,62,3593.750,6093.750,1597.333
58,62,3656.250,6093.750,1631.765
59,62,3718.750,6093.750,1660.631
60,62,3781.250,6093.750,1690.873
61,62,3843.750,6093.750,1717.561
62,62,3906.250,6093.750,1765.125
63,62,3968.750,6093.750,1843.922
64,62,4031.250,6093.750,1928.830
65,62,4093.750,6093.750,1996.607
66,62,4156.250,6093.750,2061.185
67,62,4218.750,6093.750,2128.258
68,62,4281.250,6093.750,2194.250
69,62,4343.750,6093.750,2171.737
70,62,4406.250,6093.750,2132.873
71,62,4468.750,6093.750,2058.963
72,62,4531.250,6093.750,1988.628
73,62,4593.750,6093.750,1954.721
74,62,4656.250,6093.750,1937.227
75,62,4718.750,6093.750,1921.138
76,62,4781.250,6093.750,1925.171
77,62,4843.750,6093.750,1927.739
78,62,4906.250,6093.750,1892.774
79,62,4968.750,6093.750,1846.582
80,62,5031.250,6093.750,1846.900
81,62,5093.750,6093.750,1887.636
82,62,5156.250,6093.750,1934.079
83,62,5218.750,6093.750,1995.017
84,62,5281.250,6093.750,2061.129
85,62,5343.750,6093.750,2083.482
86,62,5406.250,6093.750,2078.661
87,62,5468.750,6093.750,2072.650
88,62,5531.250,6093.750,2084.696
89,62,5593.750,6093.750,2113.215
90,62,5656.250,6093.750,2151.162
91,62,5718.750,6093.750,2189.396
92,62,5781.250,6093.750,2155.043
93,62,5843.750,6093.750,2131.337
94,62,5906.250,6093.750,2105.765
95,62,5968.750,6093.750,2046.948
96,62,6031.250,6093.750,1976.728
97,62,6093.750,6093.750,1892.528
98,62,6156.250,6093.750,1786.565
99,62,6218.750,6093.750,1689.419
100,62,6281.250,6093.750,1630.198
101,62,6343.750,6093.750,1557.399
102,62,6406.250,6093.750,1494.135
103,62,6468.750,6093.750,1450.594
104,62,6531.250,6093.750,1413.609
105,62,6593.750,6093.750,1391.085
106,62,6656.250,6093.750,1404.220
107,62,6718.750,6093.750,1401.252
108,62,6781.250,6093.750,1379.537
109,62,6843.750,6093.750,1364.536
110,62,6906.250,6093.750,1343.079
111,62,6968.750,6093.750,1313.177
112,62,7031.250,6093.750,1321.760
113,62,7093.750,6093.750,1384.200
114,62,7156.250,6093.750,1441.793
115,62,7218.750,6093.750,1434.663
116,62,7281.250,6093.750,1391.733
117,62,7343.750,6093.750,1343.616
118,62,7406.250,6093.750,1298.162
119,62,7468.750,6093.750,1261.855
120,62,7531.250,6093.750,1257.722
121,62,7593.750,6093.750,1280.608
122,62,7656.250,6093.750,1316.287
123,62,7718.750,6093.750,1381.552
124,62,7781.250,6093.750,1471.840
125,62,7843.750,6093.750,1540.934
126,62,7906.250,6093.750,1576.150
127,62,7968.750,6093.750,1627.105
128,62,8031.250,6093.750,1714.064
129,62,8093.750,6093.750,1797.260
130,62,8156.250,6093.750,1843.355
131,62,8218.750,6093.750,1850.721
132,62,8281.250,6093.750,1855.298
133,62,8343.750,6093.750,1876.219
134,62,8406.250,6093.750,1894.040
135,62,8468.750,6093.750,1889.572
136,62,8531.250,6093.750,1877.715
137,62,8593.750,6093.750,1872.057
138,62,8656.250,6093.750,1867.335
139,62,8718.750,6093.750,1867.065
140,62,8781.250,6093.750,1901.893
141,62,8843.750,6093.750,1976.334
142,62,8906.250,6093.750,2058.004
143,62,8968.750,6093.750,2138.685
144,62,9031.250,6093.750,2219.298
145,62,9093.750,6093.750,2289.494
146,62,9156.250,6093.750,2234.867
147,62,9218.750,6093.750,2187.107
148,62,9281.250,6093.750,2181.335
149,62,9343.750,6093.750,2196.609
150,62,9406.250,6093.750,2200.603
151,62,9468.750,6093.750,2222.599
152,62,9531.250,6093.750,2256.807
153,62,9593.750,6093.750,2271.899
154,62,9656.250,6093.750,2267.164
155,62,9718.750,6093.750,2269.777
156,62,9781.250,6093.750,2280.772
157,62,9843.750,6093.750,2278.280
158,62,9906.250,6093.750,2284.058
159,62,9968.750,6093.750,2306.999
0,63,31.250,6031.250,2313.299
1,63,93.750,6031.250,2275.068
2,63,156.250,6031.250,2229.846
3,63,218.750,6031.250,2235.083
4,63,281.250,6031.250,2273.685
5,63,343.750,6031.250,2267.585
6,63,406.250,6031.250,2211.166
7,63,468.750,6031.250,2172.134
8,63,531.250,6031.250,2194.798
9,63,593.750,6031.250,2232.990
10,63,656.250,6031.250,2249.070
11,63,718.750,6031.250,2277.977
12,63,781.250,6031.250,2313.881
13,63,843.750,6031.250,2343.939
14,63,906.250,6031.250,2372.247
15,63,968.750,6031.250,2391.027
16,63,1031.250,6031.250,2379.545
17,63,1093.750,6031.250,2384.896
18,63,1156.250,6031.250,2395.596
19,63,1218.750,6031.250,2348.544
20,63,1281.250,6031.250,2293.507
21,63,1343.750,6031.250,2200.660
22,63,1406.250,6031.250,2111.924
23,63,1468.750,6031.250,2023.923
24,63,1531.250,6031.250,1921.443
25,63,1593.750,6031.250,1840.550
26,63,1656.250,6031.250,1795.598
27,63,1718.750,6031.250,1727.988
28,63,1781.250,6031.250,1616.880
29,63,1843.750,6031.250,1505.248
30,63,1906.250,6031.250,1414.840
31,63,1968.750,6031.250,1324.537
32,63,2031.250,6031.250,1254.158
33,63,2093.750,6031.250,1203.204
34,63,2156.250,6031.250,1157.559
35,63,2218.750,6031.250,1135.678
36,63,2281.250,6031.250,1163.421
37,63,2343.750,6031.250,1177.753
38,63,2406.250,6031.250,1140.244
39,63,2468.750,6031.250,1097.718
40,63,2531.250,6031.250,1092.702
41,63,2593.750,6031.250,1089.272
42,63,2656.250,6031.250,1076.124
43,63,2718.750,6031.250,1085.833
44,63,2781.250,6031.250,1120.286
45,63,2843.750,6031.250,1132.717
46,63,2906.250,6031.250,1139.467
47,63,2968.750,6031.250,1154.768
48,63,3031.250,6031.250,1178.374
49,63,3093.750,6031.250,1207.464
50,63,3156.250,6031.250,1246.964
51,63,3218.750,6031.250,1292.532
52,63,3281.250,6031.250,1342.264
53,63,3343.750,6031.250,1400.138
54,63,3406.250,6031.250,1467.946
55,63,3468.750,6031.250,1534.053
56,63,3531.250,6031.250,1577.582
57,63,3593.750,6031.250,1617.971
58,63,3656.250,6031.250,1661.544
59,63,3718.750,6031.250,1698.991
60,63,3781.250,6031.250,1726.330
61,63,3843.750,6031.250,1745.661
62,63,3906.250,6031.250,1786.954
63,63,3968.750,6031.250,1860.301
64,63,4031.250,6031.250,1940.013
65,63,4093.750,6031.250,2001.196
66,63,4156.250,6031.250,2046.409
67,63,4218.750,6031.250,2088.713
68,63,4281.250,6031.250,2129.894
69,63,4343.750,6031.250,2170.488
70,63,4406.250,6031.250,2171.650
71,63,4468.750,6031.250,2076.862
72,63,4531.250,6031.250,1986.109
73,63,4593.750,6031.250,1943.776
74,63,4656.250,6031.250,1921.997
75,63,4718.750,6031.250,1905.948
76,63,4781.250,6031.250,1918.575
77,63,4843.750,6031.250,1930.289
78,63,4906.250,6031.250,1896.298
79,63,4968.750,6031.250,1844.415
80,63,5031.250,6031.250,1840.379
81,63,5093.750,6031.250,1878.998
82,63,5156.250,6031.250,1919.928
83,63,5218.750,6031.250,1969.575
84,63,5281.250,6031.250,2026.294
85,63,5343.750,6031.250,2046.721
86,63,5406.250,6031.250,2044.470
87,63,5468.750,6031.250,2043.885
88,63,5531.250,6031.250,2065.166
89,63,5593.750,6031.250,2102.395
90,63,5656.250,6031.250,2139.148
91,63,5718.750,6031.250,2174.007
92,63,5781.250,6031.250,2159.873
93,63,5843.750,6031.250,2149.606
94,63,5906.250,6031.250,2140.695
95,63,5968.750,6031.250,2086.073
96,63,6031.250,6031.250,2010.666
97,63,6093.750,6031.250,1919.771
98,63,6156.250,6031.250,1808.845
99,63,6218.750,6031.250,1708.154
100,63,6281.250,6031.250,1649.125
101,63,6343.750,6031.250,1574.788
102,63,6406.250,6031.250,1508.615
103,63,6468.750,6031.250,1461.927
104,63,6531.250,6031.250,1421.407
105,63,6593.750,6031.250,1396.590
106,63,6656.250,6031.250,1414.600
107,63,6718.750,6031.250,1414.113
108,63,6781.250,6031.250,1389.638
109,63,6843.750,6031.250,1372.621
110,63,6906.250,6031.250,1348.182
111,63,6968.750,6031.250,1311.875
112,63,7031.250,6031.250,1320.569
113,63,7093.750,6031.250,1388.112
114,63,7156.250,6031.250,1448.085
115,63,7218.750,6031.250,1440.195
116,63,7281.250,6031.250,1392.405
117,63,7343.750,6031.250,1335.525
118,63,7406.250,6031.250,1280.034
119,63,7468.750,6031.250,1237.185
120,63,7531.250,6031.250,1235.885
121,63,7593.750,6031.250,1277.123
122,63,7656.250,6031.250,1335.496
123,63,7718.750,6031.250,1418.364
124,63,7781.250,6031.250,1518.585
125,63,7843.750,6031.250,1586.283
126,63,7906.250,6031.250,1604.694
127,63,7968.750,6031.250,1636.025
128,63,8031.250,6031.250,1715.779
129,63,8093.750,6031.250,1802.170
130,63,8156.250,6031.250,1847.595
131,63,8218.750,6031.250,1842.840
132,63,8281.250,6031.250,1836.014
133,63,8343.750,6031.250,1854.945
134,63,8406.250,6031.250,1875.033
135,63,8468.750,6031.250,1874.816
136,63,8531.250,6031.250,1870.475
137,63,8593.750,6031.250,1879.514
138,63,8656.250,6031.250,1888.421
139,63,8718.750,6031.250,1893.229
140,63,8781.250,6031.250,1921.840
141,63,8843.750,6031.250,1983.804
142,63,8906.250,6031.250,2051.035
143,63,8968.750,6031.250,2121.851
144,63,9031.250,6031.250,2200.266
145,63,9093.750,6031.250,2277.128
146,63,9156.250,6031.250,2255.519
147,63,9218.750,6031.250,2204.536
148,63,9281.250,6031.250,2200.200
149,63,9343.750,6031.250,2215.482
150,63,9406.250,6031.250,2216.598
151,63,9468.750,6031.250,2229.595
152,63,9531.250,6031.250,2251.350
153,63,9593.750,6031.250,2251.737
154,63,9656.250,6031.250,2237.925
155,63,9718.750,6031.250,2245.695
156,63,9781.250,6031.250,2265.223
157,63,9843.750,6031.250,2261.455
158,63,9906.250,6031.250,2259.238
159,63,9968.750,6031.250,2277.627
0,64,31.250,5968.750,2292.570
1,64,93.750,5968.750,2251.640
2,64,156.250,5968.750,2210.508
3,64,218.750,5968.750,2218.790
4,64,281.250,5968.750,2254.678
5,64,343.750,5968.750,2253.210
6,64,406.250,5968.750,2209.213
7,64,468.750,5968.750,2175.650
8,64,531.250,5968.750,2193.416
9,64,593.750,5968.750,2226.537
10,64,656.250,5968.750,2240.984
11,64,718.750,5968.750,2262.545
12,64,781.250,5968.750,2291.593
13,64,843.750,5968.750,2317.384
14,64,906.250,5968.750,2342.754
15,64,968.750,5968.750,2368.241
16,64,1031.250,5968.750,2392.840
17,64,1093.750,5968.750,2398.681
18,64,1156.250,5968.750,2333.372
19,64,1218.750,5968.750,2279.846
20,64,1281.250,5968.750,2226.672
21,64,1343.750,5968.750,2152.196
22,64,1406.250,5968.750,2080.853
23,64,1468.750,5968.750,2007.204
24,64,1531.250,5968.750,1919.651
25,64,1593.750,5968.750,1838.687
26,64,1656.250,5968.750,1769.216
27,64,1718.750,5968.750,1681.172
28,64,1781.250,5968.750,1561.811
29,64,1843.750,5968.750,1444.288
30,64,1906.250,5968.750,1355.447
31,64,1968.750,5968.750,1274.012
32,64,2031.250,5968.750,1210.980
33,64,2093.750,5968.750,1174.868
34,64,2156.250,5968.750,1150.259
35,64,2218.750,5968.750,1131.975
36,64,2281.250,5968.750,1146.750
37,64,2343.750,5968.750,1162.768
38,64,2406.250,5968.750,1155.802
39,64,2468.750,5968.750,1144.251
40,64,2531.250,5968.750,1143.669
41,64,2593.750,5968.750,1127.240
42,64,2656.250,5968.750,1095.171
43,64,2718.750,5968.750,1076.667
44,64,2781.250,5968.750,1082.154
45,64,2843.750,5968.750,1088.754
46,64,2906.250,5968.750,1109.727
47,64,2968.750,5968.750,1138.296
48,64,3031.250,5968.750,1168.413
49,64,3093.750,5968.750,1202.233
50,64,3156.250,5968.750,1239.273
51,64,3218.750,5968.750,1272.446
52,64,3281.250,5968.750,1316.939
53,64,3343.750,5968.750,1383.270
54,64,3406.250,5968.750,1461.354
55,64,3468.750,5968.750,1533.381
56,64,3531.250,5968.750,1583.688
57,64,3593.750,5968.750,1630.498
58,64,3656.250,5968.750,1681.458
59,64,3718.750,5968.750,1725.674
60,64,3781.250,5968.750,1755.488
61,64,3843.750,5968.750,1786.487
62,64,3906.250,5968.750,1834.681
63,64,3968.750,5968.750,1903.842
64,64,4031.250,5968.750,1978.159
65,64,4093.750,5968.750,2033.666
66,64,4156.250,5968.750,2057.776
67,64,4218.750,5968.750,2074.841
68,64,4281.250,5968.750,2097.825
69,64,4343.750,5968.750,2129.153
70,64,4406.250,5968.750,2181.770
71,64,4468.750,5968.750,2104.906
72,64,4531.250,5968.750,2009.745
73,64,4593.750,5968.750,1956.986
74,64,4656.250,5968.750,1928.195
75,64,4718.750,5968.750,1906.653
76,64,4781.250,5968.750,1902.496
77,64,4843.750,5968.750,1905.927
78,64,4906.250,5968.750,1887.692
79,64,4968.750,5968.750,1855.970
80,64,5031.250,5968.750,1852.949
81,64,5093.750,5968.750,1881.253
82,64,5156.250,5968.750,1910.392
83,64,5218.750,5968.750,1944.452
84,64,5281.250,5968.750,1985.160
85,64,5343.750,5968.750,2002.958
86,64,5406.250,5968.750,2008.879
87,64,5468.750,5968.750,2017.772
88,64,5531.250,5968.750,2037.569
89,64,5593.750,5968.750,2066.526
90,64,5656.250,5968.750,2102.706
91,64,5718.750,5968.750,2146.039
92,64,5781.250,5968.750,2176.933
93,64,5843.750,5968.750,2170.920
94,64,5906.250,5968.750,2161.964
95,64,5968.750,5968.750,2105.342
96,64,6031.250,5968.750,2019.734
97,64,6093.750,5968.750,1919.983
98,64,6156.250,5968.750,1810.618
99,64,6218.750,5968.750,1716.041
100,64,6281.250,5968.750,1662.250
101,64,6343.750,5968.750,1602.849
102,64,6406.250,5968.750,1544.694
103,64,6468.750,5968.750,1495.449
104,64,6531.250,5968.750,1452.109
105,64,6593.750,5968.750,1420.647
106,64,6656.250,5968.750,1417.089
107,64,6718.750,5968.750,1401.947
108,64,6781.250,5968.750,1378.984
109,64,6843.750,5968.750,1366.102
110,64,6906.250,5968.750,1341.725
111,64,6968.750,5968.750,1307.094
112,64,7031.250,5968.750,1319.334
113,64,7093.750,5968.750,1387.194
114,64,7156.250,5968.750,1444.954
115,64,7218.750,5968.750,1438.170
116,64,7281.250,5968.750,1393.142
117,64,7343.750,5968.750,1333.242
118,64,7406.250,5968.750,1267.154
119,64,7468.750,5968.750,1214.935
120,64,7531.250,5968.750,1215.361
121,64,7593.750,5968.750,1276.426
122,64,7656.250,5968.750,1358.040
123,64,7718.750,5968.750,1456.101
124,64,7781.250,5968.750,1563.448
125,64,7843.750,5968.750,1631.525
126,64,7906.250,5968.750,1647.919
127,64,7968.750,5968.750,1671.129
128,64,8031.250,5968.750,1729.612
129,64,8093.750,5968.750,1794.091
130,64,8156.250,5968.750,1839.123
131,64,8218.750,5968.750,1851.206
132,64,8281.250,5968.750,1851.674
133,64,8343.750,5968.750,1853.456
134,64,8406.250,5968.750,1852.791
135,64,8468.750,5968.750,1854.257
136,64,8531.250,5968.750,1873.874
137,64,8593.750,5968.750,1906.345
138,64,8656.250,5968.750,1926.750
139,64,8718.750,5968.750,1936.787
140,64,8781.250,5968.750,1962.447
141,64,8843.750,5968.750,2010.376
142,64,8906.250,5968.750,2062.501
143,64,8968.750,5968.750,2118.581
144,64,9031.250,5968.750,2184.871
145,64,9093.750,5968.750,2263.082
146,64,9156.250,5968.750,2287.167
147,64,9218.750,5968.750,2233.306
148,64,9281.250,5968.750,2230.629
149,64,9343.750,5968.750,2247.838
150,64,9406.250,5968.750,2244.810
151,64,9468.750,5968.750,2240.350
152,64,9531.250,5968.750,2245.209
153,64,9593.750,5968.750,2244.807
154,64,9656.250,5968.750,2240.242
155,64,9718.750,5968.750,2250.913
156,64,9781.250,5968.750,2261.982
157,64,9843.750,5968.750,2247.074
158,64,9906.250,5968.750,2226.925
159,64,9968.750,5968.750,2225.398
0,65,31.250,5906.250,2282.044
1,65,93.750,5906.250,2236.864
2,65,156.250,5906.250,2200.370
3,65,218.750,5906.250,2207.699
4,65,281.250,5906.250,2231.201
5,65,343.750,5906.250,2232.725
6,65,406.250,5906.250,2207.394
7,65,468.750,5906.250,2183.569
8,65,531.250,5906.250,2190.483
9,65,593.750,5906.250,2209.611
10,65,656.250,5906.250,2216.948
11,65,718.750,5906.250,2229.617
12,65,781.250,5906.250,2253.762
13,65,843.750,5906.250,2278.619
14,65,906.250,5906.250,2301.894
15,65,968.750,5906.250,2336.785
16,65,1031.250,5906.250,2409.272
17,65,1093.750,5906.250,2342.589
18,65,1156.250,5906.250,2268.389
19,65,1218.750,5906.250,2214.499
20,65,1281.250,5906.250,2164.322
21,65,1343.750,5906.250,2114.592
22,65,1406.250,5906.250,2061.977
23,65,1468.750,5906.250,1999.385
24,65,1531.250,5906.250,1926.198
25,65,1593.750,5906.250,1843.345
26,65,1656.250,5906.250,1741.648
27,65,1718.750,5906.250,1631.101
28,65,1781.250,5906.250,1506.083
29,65,1843.750,5906.250,1382.690
30,65,1906.250,5906.250,1297.699
31,65,1968.750,5906.250,1230.097
32,65,2031.250,5906.250,1175.728
33,65,2093.750,5906.250,1155.704
34,65,2156.250,5906.250,1155.657
35,65,2218.750,5906.250,1135.520
36,65,2281.250,5906.250,1120.459
37,65,2343.750,5906.250,1129.948
38,65,2406.250,5906.250,1162.803
39,65,2468.750,5906.250,1192.754
40,65,2531.250,5906.250,1197.370
41,65,2593.750,5906.250,1166.979
42,65,2656.250,5906.250,1117.597
43,65,2718.750,5906.250,1069.464
44,65,2781.250,5906.250,1040.129
45,65,2843.750,5906.250,1041.148
46,65,2906.250,5906.250,1082.590
47,65,2968.750,5906.250,1127.053
48,65,3031.250,5906.250,1161.560
49,65,3093.750,5906.250,1198.909
50,65,3156.250,5906.250,1231.444
51,65,3218.750,5906.250,1242.233
52,65,3281.250,5906.250,1273.989
53,65,3343.750,5906.250,1349.250
54,65,3406.250,5906.250,1439.895
55,65,3468.750,5906.250,1517.854
56,65,3531.250,5906.250,1574.556
57,65,3593.750,5906.250,1626.959
58,65,3656.250,5906.250,1688.829
59,65,3718.750,5906.250,1746.516
60,65,3781.250,5906.250,1784.580
61,65,3843.750,5906.250,1836.294
62,65,3906.250,5906.250,1895.716
63,65,3968.750,5906.250,1957.901
64,65,4031.250,5906.250,2024.172
65,65,4093.750,5906.250,2077.028
66,65,4156.250,5906.250,2085.198
67,65,4218.750,5906.250,2083.417
68,65,4281.250,5906.250,2093.466
69,65,4343.750,5906.250,2116.167
70,65,4406.250,5906.250,2162.280
71,65,4468.750,5906.250,2130.861
72,65,4531.250,5906.250,2037.034
73,65,4593.750,5906.250,1975.433
74,65,4656.250,5906.250,1940.508
75,65,4718.750,5906.250,1910.701
76,65,4781.250,5906.250,1877.023
77,65,4843.750,5906.250,1863.202
78,65,4906.250,5906.250,1866.629
79,65,4968.750,5906.250,1866.010
80,65,5031.250,5906.250,1866.936
81,65,5093.750,5906.250,1885.687
82,65,5156.250,5906.250,1904.272
83,65,5218.750,5906.250,1919.441
84,65,5281.250,5906.250,1937.510
85,65,5343.750,5906.250,1950.740
86,65,5406.250,5906.250,1967.571
87,65,5468.750,5906.250,1988.607
88,65,5531.250,5906.250,2003.000
89,65,5593.750,5906.250,2016.426
90,65,5656.250,5906.250,2052.113
91,65,5718.750,5906.250,2112.375
92,65,5781.250,5906.250,2164.170
93,65,5843.750,5906.250,2186.129
94,65,5906.250,5906.250,2174.906
95,65,5968.750,5906.250,2117.378
96,65,6031.250,5906.250,2019.355
97,65,6093.750,5906.250,1908.764
98,65,6156.250,5906.250,1803.845
99,65,6218.750,5906.250,1719.603
100,65,6281.250,5906.250,1674.196
101,65,6343.750,5906.250,1642.035
102,65,6406.250,5906.250,1601.439
103,65,6468.750,5906.250,1551.145
104,65,6531.250,5906.250,1503.073
105,65,6593.750,5906.250,1459.429
106,65,6656.250,5906.250,1420.696
107,65,6718.750,5906.250,1383.755
108,65,6781.250,5906.250,1366.436
109,65,6843.750,5906.250,1363.455
110,65,6906.250,5906.250,1340.924
111,65,6968.750,5906.250,1306.387
112,65,7031.250,5906.250,1317.707
113,65,7093.750,5906.250,1378.908
114,65,7156.250,5906.250,1428.871
115,65,7218.750,5906.250,1426.160
116,65,7281.250,5906.250,1394.685
117,65,7343.750,5906.250,1340.723
118,65,7406.250,5906.250,1265.336
119,65,7468.750,5906.250,1202.662
120,65,7531.250,5906.250,1205.084
121,65,7593.750,5906.250,1287.769
122,65,7656.250,5906.250,1390.722
123,65,7718.750,5906.250,1496.426
124,65,7781.250,5906.250,1603.365
125,65,7843.750,5906.250,1670.384
126,65,7906.250,5906.250,1691.275
127,65,7968.750,5906.250,1713.293
128,65,8031.250,5906.250,1748.251
129,65,8093.750,5906.250,1783.006
130,65,8156.250,5906.250,1827.803
131,65,8218.750,5906.250,1869.582
132,65,8281.250,5906.250,1887.049
133,65,8343.750,5906.250,1864.724
134,65,8406.250,5906.250,1831.110
135,65,8468.750,5906.250,1832.278
136,65,8531.250,5906.250,1882.201
137,65,8593.750,5906.250,1939.243
138,65,8656.250,5906.250,1965.549
139,65,8718.750,5906.250,1977.278
140,65,8781.250,5906.250,2003.393
141,65,8843.750,5906.250,2042.315
142,65,8906.250,5906.250,2084.017
143,65,8968.750,5906.250,2124.392
144,65,9031.250,5906.250,2174.075
145,65,9093.750,5906.250,2251.715
146,65,9156.250,5906.250,2327.450
147,65,9218.750,5906.250,2267.307
148,65,9281.250,5906.250,2263.083
149,65,9343.750,5906.250,2280.237
150,65,9406.250,5906.250,2272.610
151,65,9468.750,5906.250,2250.368
152,65,9531.250,5906.250,2241.144
153,65,9593.750,5906.250,2248.996
154,65,9656.250,5906.250,2260.294
155,65,9718.750,5906.250,2269.716
156,65,9781.250,5906.250,2266.023
157,65,9843.750,5906.250,2238.683
158,65,9906.250,5906.250,2196.665
159,65,9968.750,5906.250,2167.709
0,66,31.250,5843.750,2272.530
1,66,93.750,5843.750,2227.466
2,66,156.250,5843.750,2197.206
3,66,218.750,5843.750,2205.419
4,66,281.250,5843.750,2220.913
5,66,343.750,5843.750,2224.815
6,66,406.250,5843.750,2212.000
7,66,468.750,5843.750,2194.502
8,66,531.250,5843.750,2190.625
9,66,593.750,5843.750,2194.974
10,66,656.250,5843.750,2193.661
11,66,718.750,5843.750,2201.582
12,66,781.250,5843.750,2226.412
13,66,843.750,5843.750,2254.644
14,66,906.250,5843.750,2278.183
15,66,968.750,5843.750,2319.251
16,66,1031.250,5843.750,2420.941
17,66,1093.750,5843.750,2305.682
18,66,1156.250,5843.750,2227.601
19,66,1218.750,5843.750,2173.318
20,66,1281.250,5843.750,2123.308
21,66,1343.750,5843.750,2087.527
22,66,1406.250,5843.750,2044.332
23,66,1468.750,5843.750,1985.531
24,66,1531.250,5843.750,1919.213
25,66,1593.750,5843.750,1835.675
26,66,1656.250,5843.750,1716.557
27,66,1718.750,5843.750,1595.343
28,66,1781.250,5843.750,1469.180
29,66,1843.750,5843.750,1343.632
30,66,1906.250,5843.750,1262.760
31,66,1968.750,5843.750,1204.859
32,66,2031.250,5843.750,1155.084
33,66,2093.750,5843.750,1141.527
34,66,2156.250,5843.750,1152.616
35,66,2218.750,5843.750,1128.817
36,66,2281.250,5843.750,1095.992
37,66,2343.750,5843.750,1105.536
38,66,2406.250,5843.750,1167.752
39,66,2468.750,5843.750,1225.357
40,66,2531.250,5843.750,1233.458
41,66,2593.750,5843.750,1195.102
42,66,2656.250,5843.750,1136.368
43,66,2718.750,5843.750,1071.534
44,66,2781.250,5843.750,1021.149
45,66,2843.750,5843.750,1018.156
46,66,2906.250,5843.750,1071.203
47,66,2968.750,5843.750,1122.705
48,66,3031.250,5843.750,1155.738
49,66,3093.750,5843.750,1191.955
50,66,3156.250,5843.750,1220.803
51,66,3218.750,5843.750,1217.213
52,66,3281.250,5843.750,1240.734
53,66,3343.750,5843.750,1321.431
54,66,3406.250,5843.750,1420.089
55,66,3468.750,5843.750,1502.214
56,66,3531.250,5843.750,1563.015
57,66,3593.750,5843.750,1618.490
58,66,3656.250,5843.750,1688.821
59,66,3718.750,5843.750,1758.082
60,66,3781.250,5843.750,1804.325
61,66,3843.750,5843.750,1869.995
62,66,3906.250,5843.750,1935.290
63,66,3968.750,5843.750,1991.416
64,66,4031.250,5843.750,2052.188
65,66,4093.750,5843.750,2106.339
66,66,4156.250,5843.750,2110.353
67,66,4218.750,5843.750,2102.323
68,66,4281.250,5843.750,2106.438
69,66,4343.750,5843.750,2122.348
70,66,4406.250,5843.750,2161.063
71,66,4468.750,5843.750,2144.624
72,66,4531.250,5843.750,2052.427
73,66,4593.750,5843.750,1985.502
74,66,4656.250,5843.750,1946.242
75,66,4718.750,5843.750,1910.045
76,66,4781.250,5843.750,1856.740
77,66,4843.750,5843.750,1831.279
78,66,4906.250,5843.750,1847.791
79,66,4968.750,5843.750,1866.281
80,66,5031.250,5843.750,1869.436
81,66,5093.750,5843.750,1882.682
82,66,5156.250,5843.750,1895.660
83,66,5218.750,5843.750,1898.451
84,66,5281.250,5843.750,1900.668
85,66,5343.750,5843.750,1909.482
86,66,5406.250,5843.750,1933.023
87,66,5468.750,5843.750,1962.766
88,66,5531.250,5843.750,1975.006
89,66,5593.750,5843.750,1979.046
90,66,5656.250,5843.750,2013.841
91,66,5718.750,5843.750,2083.989
92,66,5781.250,5843.750,2140.370
93,66,5843.750,5843.750,2172.428
94,66,5906.250,5843.750,2189.075
95,66,5968.750,5843.750,2135.519
96,66,6031.250,5843.750,2032.487
97,66,6093.750,5843.750,1915.830
98,66,6156.250,5843.750,1813.804
99,66,6218.750,5843.750,1736.159
100,66,6281.250,5843.750,1696.981
101,66,6343.750,5843.750,1684.663
102,66,6406.250,5843.750,1657.854
103,66,6468.750,5843.750,1607.627
104,66,6531.250,5843.750,1553.789
105,66,6593.750,5843.750,1497.724
106,66,6656.250,5843.750,1432.822
107,66,6718.750,5843.750,1381.219
108,66,6781.250,5843.750,1368.229
109,66,6843.750,5843.750,1372.537
110,66,6906.250,5843.750,1351.617
111,66,6968.750,5843.750,1315.640
112,66,7031.250,5843.750,1322.876
113,66,7093.750,5843.750,1376.382
114,66,7156.250,5843.750,1419.989
115,66,7218.750,5843.750,1421.966
116,66,7281.250,5843.750,1403.483
117,66,7343.750,5843.750,1357.577
118,66,7406.250,5843.750,1278.781
119,66,7468.750,5843.750,1211.399
120,66,7531.250,5843.750,1215.842
121,66,7593.750,5843.750,1310.703
122,66,7656.250,5843.750,1423.714
123,66,7718.750,5843.750,1529.871
124,66,7781.250,5843.750,1632.402
125,66,7843.750,5843.750,1696.061
126,66,7906.250,5843.750,1719.265
127,66,7968.750,5843.750,1741.273
128,66,8031.250,5843.750,1762.351
129,66,8093.750,5843.750,1778.617
130,66,8156.250,5843.750,1822.899
131,66,8218.750,5843.750,1883.862
132,66,8281.250,5843.750,1913.665
133,66,8343.750,5843.750,1877.408
134,66,8406.250,5843.750,1823.596
135,66,8468.750,5843.750,1824.562
136,66,8531.250,5843.750,1892.733
137,66,8593.750,5843.750,1963.542
138,66,8656.250,5843.750,1992.093
139,66,8718.750,5843.750,2004.795
140,66,8781.250,5843.750,2033.637
141,66,8843.750,5843.750,2070.710
142,66,8906.250,5843.750,2108.949
143,66,8968.750,5843.750,2140.599
144,66,9031.250,5843.750,2180.662
145,66,9093.750,5843.750,2257.985
146,66,9156.250,5843.750,2359.868
147,66,9218.750,5843.750,2293.624
148,66,9281.250,5843.750,2284.848
149,66,9343.750,5843.750,2298.916
150,66,9406.250,5843.750,2287.907
151,66,9468.750,5843.750,2257.263
152,66,9531.250,5843.750,2242.833
153,66,9593.750,5843.750,2257.728
154,66,9656.250,5843.750,2277.191
155,66,9718.750,5843.750,2281.803
156,66,9781.250,5843.750,2266.018
157,66,9843.750,5843.750,2230.947
158,66,9906.250,5843.750,2175.066
159,66,9968.750,5843.750,2127.975
0,67,31.250,5781.250,2263.026
1,67,93.750,5781.250,2235.036
2,67,156.250,5781.250,2218.520
3,67,218.750,5781.250,2226.077
4,67,281.250,5781.250,2236.491
5,67,343.750,5781.250,2240.792
6,67,406.250,5781.250,2229.434
7,67,468.750,5781.250,2213.279
8,67,531.250,5781.250,2208.522
9,67,593.750,5781.250,2210.144
10,67,656.250,5781.250,2203.951
11,67,718.750,5781.250,2209.951
12,67,781.250,5781.250,2236.273
13,67,843.750,5781.250,2269.145
14,67,906.250,5781.250,2296.376
15,67,968.750,5781.250,2335.890
16,67,1031.250,5781.250,2419.855
17,67,1093.750,5781.250,2305.735
18,67,1156.250,5781.250,2220.496
19,67,1218.750,5781.250,2152.603
20,67,1281.250,5781.250,2097.574
21,67,1343.750,5781.250,2060.060
22,67,1406.250,5781.250,2015.441
23,67,1468.750,5781.250,1959.723
24,67,1531.250,5781.250,1900.100
25,67,1593.750,5781.250,1820.007
26,67,1656.250,5781.250,1705.098
27,67,1718.750,5781.250,1588.988
28,67,1781.250,5781.250,1470.615
29,67,1843.750,5781.250,1353.425
30,67,1906.250,5781.250,1274.808
31,67,1968.750,5781.250,1212.308
32,67,2031.250,5781.250,1157.524
33,67,2093.750,5781.250,1138.156
34,67,2156.250,5781.250,1142.367
35,67,2218.750,5781.250,1117.539
36,67,2281.250,5781.250,1095.571
37,67,2343.750,5781.250,1116.678
38,67,2406.250,5781.250,1181.724
39,67,2468.750,5781.250,1237.086
40,67,2531.250,5781.250,1244.335
41,67,2593.750,5781.250,1202.046
42,67,2656.250,5781.250,1141.603
43,67,2718.750,5781.250,1079.555
44,67,2781.250,5781.250,1030.918
45,67,2843.750,5781.250,1026.005
46,67,2906.250,5781.250,1074.000
47,67,2968.750,5781.250,1119.361
48,67,3031.250,5781.250,1145.278
49,67,3093.750,5781.250,1174.995
50,67,3156.250,5781.250,1204.026
51,67,3218.750,5781.250,1210.808
52,67,3281.250,5781.250,1241.477
53,67,3343.750,5781.250,1320.179
54,67,3406.250,5781.250,1415.894
55,67,3468.750,5781.250,1498.963
56,67,3531.250,5781.250,1562.310
57,67,3593.750,5781.250,1618.698
58,67,3656.250,5781.250,1689.829
59,67,3718.750,5781.250,1761.173
60,67,3781.250,5781.250,1810.904
61,67,3843.750,5781.250,1875.453
62,67,3906.250,5781.250,1938.414
63,67,3968.750,5781.250,1994.956
64,67,4031.250,5781.250,2057.451
65,67,4093.750,5781.250,2114.939
66,67,4156.250,5781.250,2124.858
67,67,4218.750,5781.250,2121.830
68,67,4281.250,5781.250,2125.754
69,67,4343.750,5781.250,2137.360
70,67,4406.250,5781.250,2170.873
71,67,4468.750,5781.250,2155.560
72,67,4531.250,5781.250,2067.749
73,67,4593.750,5781.250,1999.614
74,67,4656.250,5781.250,1955.997
75,67,4718.750,5781.250,1916.290
76,67,4781.250,5781.250,1859.145
77,67,4843.750,5781.250,1830.931
78,67,4906.250,5781.250,1848.701
79,67,4968.750,5781.250,1870.227
80,67,5031.250,5781.250,1872.897
81,67,5093.750,5781.250,1881.237
82,67,5156.250,5781.250,1889.316
83,67,5218.750,5781.250,1888.767
84,67,5281.250,5781.250,1888.523
85,67,5343.750,5781.250,1893.256
86,67,5406.250,5781.250,1908.024
87,67,5468.750,5781.250,1934.729
88,67,5531.250,5781.250,1952.573
89,67,5593.750,5781.250,1961.882
90,67,5656.250,5781.250,1997.299
91,67,5718.750,5781.250,2068.394
92,67,5781.250,5781.250,2125.251
93,67,5843.750,5781.250,2160.001
94,67,5906.250,5781.250,2205.530
95,67,5968.750,5781.250,2159.806
96,67,6031.250,5781.250,2071.396
97,67,6093.750,5781.250,1963.137
98,67,6156.250,5781.250,1857.851
99,67,6218.750,5781.250,1774.779
100,67,6281.250,5781.250,1736.234
101,67,6343.750,5781.250,1726.694
102,67,6406.250,5781.250,1702.966
103,67,6468.750,5781.250,1654.420
104,67,6531.250,5781.250,1597.600
105,67,6593.750,5781.250,1534.515
106,67,6656.250,5781.250,1462.708
107,67,6718.750,5781.250,1408.029
108,67,6781.250,5781.250,1391.721
109,67,6843.750,5781.250,1392.071
110,67,6906.250,5781.250,1371.006
111,67,6968.750,5781.250,1336.395
112,67,7031.250,5781.250,1340.558
113,67,7093.750,5781.250,1389.123
114,67,7156.250,5781.250,1431.558
115,67,7218.750,5781.250,1435.623
116,67,7281.250,5781.250,1417.646
117,67,7343.750,5781.250,1374.941
118,67,7406.250,5781.250,1304.836
119,67,7468.750,5781.250,1246.773
120,67,7531.250,5781.250,1253.261
121,67,7593.750,5781.250,1344.085
122,67,7656.250,5781.250,1451.429
123,67,7718.750,5781.250,1548.386
124,67,7781.250,5781.250,1638.972
125,67,7843.750,5781.250,1696.858
126,67,7906.250,5781.250,1722.361
127,67,7968.750,5781.250,1745.002
128,67,8031.250,5781.250,1767.284
129,67,8093.750,5781.250,1788.215
130,67,8156.250,5781.250,1832.217
131,67,8218.750,5781.250,1889.197
132,67,8281.250,5781.250,1919.301
133,67,8343.750,5781.250,1885.877
134,67,8406.250,5781.250,1833.148
135,67,8468.750,5781.250,1835.002
136,67,8531.250,5781.250,1902.124
137,67,8593.750,5781.250,1971.649
138,67,8656.250,5781.250,2001.986
139,67,8718.750,5781.250,2018.782
140,67,8781.250,5781.250,2051.137
141,67,8843.750,5781.250,2089.245
142,67,8906.250,5781.250,2128.822
143,67,8968.750,5781.250,2167.200
144,67,9031.250,5781.250,2216.299
145,67,9093.750,5781.250,2292.702
146,67,9156.250,5781.250,2375.347
147,67,9218.750,5781.250,2312.337
148,67,9281.250,5781.250,2293.075
149,67,9343.750,5781.250,2294.196
150,67,9406.250,5781.250,2281.029
151,67,9468.750,5781.250,2257.755
152,67,9531.250,5781.250,2248.924
153,67,9593.750,5781.250,2261.284
154,67,9656.250,5781.250,2273.581
155,67,9718.750,5781.250,2272.625
156,67,9781.250,5781.250,2255.501
157,67,9843.750,5781.250,2223.159
158,67,9906.250,5781.250,2167.329
159,67,9968.750,5781.250,2117.663
0,68,31.250,5718.750,2263.800
1,68,93.750,5718.750,2269.578
2,68,156.250,5718.750,2274.105
3,68,218.750,5718.750,2270.101
4,68,281.250,5718.750,2264.319
5,68,343.750,5718.750,2266.561
6,68,406.250,5718.750,2256.577
7,68,468.750,5718.750,2244.957
8,68,531.250,5718.750,2253.526
9,68,593.750,5718.750,2269.425
10,68,656.250,5718.750,2264.131
11,68,718.750,5718.750,2262.773
12,68,781.250,5718.750,2281.059
13,68,843.750,5718.750,2313.439
14,68,906.250,5718.750,2345.380
15,68,968.750,5718.750,2377.824
16,68,1031.250,5718.750,2403.466
17,68,1093.750,5718.750,2319.776
18,68,1156.250,5718.750,2220.283
19,68,1218.750,5718.750,2124.566
20,68,1281.250,5718.750,2064.382
21,68,1343.750,5718.750,2025.834
22,68,1406.250,5718.750,1981.271
23,68,1468.750,5718.750,1939.829
24,68,1531.250,5718.750,1901.643
25,68,1593.750,5718.750,1828.768
26,68,1656.250,5718.750,1719.120
27,68,1718.750,5718.750,1609.236
28,68,1781.250,5718.750,1506.959
29,68,1843.750,5718.750,1408.943
30,68,1906.250,5718.750,1329.978
31,68,1968.750,5718.750,1249.622
32,68,2031.250,5718.750,1181.685
33,68,2093.750,5718.750,1155.765
34,68,2156.250,5718.750,1152.516
35,68,2218.750,5718.750,1130.617
36,68,2281.250,5718.750,1129.186
37,68,2343.750,5718.750,1159.677
38,68,2406.250,5718.750,1208.437
39,68,2468.750,5718.750,1245.184
40,68,2531.250,5718.750,1248.605
41,68,2593.750,5718.750,1198.562
42,68,2656.250,5718.750,1137.368
43,68,2718.750,5718.750,1086.540
44,68,2781.250,5718.750,1047.456
45,68,2843.750,5718.750,1040.857
46,68,2906.250,5718.750,1076.854
47,68,2968.750,5718.750,1112.206
48,68,3031.250,5718.750,1130.557
49,68,3093.750,5718.750,1152.518
50,68,3156.250,5718.750,1185.119
51,68,3218.750,5718.750,1221.012
52,68,3281.250,5718.750,1270.773
53,68,3343.750,5718.750,1342.674
54,68,3406.250,5718.750,1427.601
55,68,3468.750,5718.750,1509.066
56,68,3531.250,5718.750,1575.603
57,68,3593.750,5718.750,1632.755
58,68,3656.250,5718.750,1698.470
59,68,3718.750,5718.750,1764.111
60,68,3781.250,5718.750,1813.765
61,68,3843.750,5718.750,1872.279
62,68,3906.250,5718.750,1933.498
63,68,3968.750,5718.750,1997.877
64,68,4031.250,5718.750,2067.224
65,68,4093.750,5718.750,2125.098
66,68,4156.250,5718.750,2138.168
67,68,4218.750,5718.750,2139.673
68,68,4281.250,5718.750,2144.671
69,68,4343.750,5718.750,2154.097
70,68,4406.250,5718.750,2183.786
71,68,4468.750,5718.750,2181.906
72,68,4531.250,5718.750,2109.910
73,68,4593.750,5718.750,2045.036
74,68,4656.250,5718.750,1996.386
75,68,4718.750,5718.750,1952.356
76,68,4781.250,5718.750,1887.862
77,68,4843.750,5718.750,1852.828
78,68,4906.250,5718.750,1872.514
79,68,4968.750,5718.750,1901.639
80,68,5031.250,5718.750,1904.657
81,68,5093.750,5718.750,1900.778
82,68,5156.250,5718.750,1895.006
83,68,5218.750,5718.750,1889.683
84,68,5281.250,5718.750,1890.236
85,68,5343.750,5718.750,1889.549
86,68,5406.250,5718.750,1879.946
87,68,5468.750,5718.750,1892.878
88,68,5531.250,5718.750,1920.197
89,68,5593.750,5718.750,1941.896
90,68,5656.250,5718.750,1981.738
91,68,5718.750,5718.750,2060.003
92,68,5781.250,5718.750,2122.295
93,68,5843.750,5718.750,2163.008
94,68,5906.250,5718.750,2216.916
95,68,5968.750,5718.750,2177.213
96,68,6031.250,5718.750,2120.894
97,68,6093.750,5718.750,2035.883
98,68,6156.250,5718.750,1924.139
99,68,6218.750,5718.750,1827.417
100,68,6281.250,5718.750,1786.936
101,68,6343.750,5718.750,1775.156
102,68,6406.250,5718.750,1751.066
103,68,6468.750,5718.750,1706.261
104,68,6531.250,5718.750,1652.184
105,68,6593.750,5718.750,1586.987
106,68,6656.250,5718.750,1511.795
107,68,6718.750,5718.750,1453.471
108,68,6781.250,5718.750,1426.538
109,68,6843.750,5718.750,1413.702
110,68,6906.250,5718.750,1391.597
111,68,6968.750,5718.750,1364.422
112,68,7031.250,5718.750,1369.540
113,68,7093.750,5718.750,1413.945
114,68,7156.250,5718.750,1456.025
115,68,7218.750,5718.750,1457.891
116,68,7281.250,5718.750,1428.550
117,68,7343.750,5718.750,1384.461
118,68,7406.250,5718.750,1334.809
119,68,7468.750,5718.750,1299.338
120,68,7531.250,5718.750,1308.708
121,68,7593.750,5718.750,1387.284
122,68,7656.250,5718.750,1481.224
123,68,7718.750,5718.750,1558.676
124,68,7781.250,5718.750,1624.589
125,68,7843.750,5718.750,1674.412
126,68,7906.250,5718.750,1708.609
127,68,7968.750,5718.750,1732.838
128,68,8031.250,5718.750,1759.041
129,68,8093.750,5718.750,1795.311
130,68,8156.250,5718.750,1841.146
131,68,8218.750,5718.750,1887.928
132,68,8281.250,5718.750,1917.205
133,68,8343.750,5718.750,1892.558
134,68,8406.250,5718.750,1845.101
135,68,8468.750,5718.750,1849.261
136,68,8531.250,5718.750,1911.627
137,68,8593.750,5718.750,1977.445
138,68,8656.250,5718.750,2012.369
139,68,8718.750,5718.750,2036.990
140,68,8781.250,5718.750,2070.569
141,68,8843.750,5718.750,2102.462
142,68,8906.250,5718.750,2140.645
143,68,8968.750,5718.750,2198.363
144,68,9031.250,5718.750,2271.763
145,68,9093.750,5718.750,2344.423
146,68,9156.250,5718.750,2380.140
147,68,9218.750,5718.750,2334.332
148,68,9281.250,5718.750,2299.906
149,68,9343.750,5718.750,2277.423
150,68,9406.250,5718.750,2261.502
151,68,9468.750,5718.750,2251.844
152,68,9531.250,5718.750,2249.426
153,68,9593.750,5718.750,2251.262
154,68,9656.250,5718.750,2250.983
155,68,9718.750,5718.750,2247.870
156,68,9781.250,5718.750,2239.652
157,68,9843.750,5718.750,2219.956
158,68,9906.250,5718.750,2171.272
159,68,9968.750,5718.750,2122.801
0,69,31.250,5656.250,2277.736
1,69,93.750,5656.250,2309.539
2,69,156.250,5656.250,2327.984
3,69,218.750,5656.250,2310.933
4,69,281.250,5656.250,2290.007
5,69,343.750,5656.250,2290.354
6,69,406.250,5656.250,2283.682
7,69,468.750,5656.250,2279.934
8,69,531.250,5656.250,2307.382
9,69,593.750,5656.250,2343.140
10,69,656.250,5656.250,2341.954
11,69,718.750,5656.250,2331.175
12,69,781.250,5656.250,2335.036
13,69,843.750,5656.250,2359.470
14,69,906.250,5656.250,2392.079
15,69,968.750,5656.250,2403.176
16,69,1031.250,5656.250,2373.740
17,69,1093.750,5656.250,2320.602
18,69,1156.250,5656.250,2214.742
19,69,1218.750,5656.250,2103.662
20,69,1281.250,5656.250,2046.013
21,69,1343.750,5656.250,2010.283
22,69,1406.250,5656.250,1965.917
23,69,1468.750,5656.250,1936.031
24,69,1531.250,5656.250,1916.060
25,69,1593.750,5656.250,1850.481
26,69,1656.250,5656.250,1746.509
27,69,1718.750,5656.250,1643.306
28,69,1781.250,5656.250,1556.917
29,69,1843.750,5656.250,1476.865
30,69,1906.250,5656.250,1396.503
31,69,1968.750,5656.250,1298.767
32,69,2031.250,5656.250,1218.244
33,69,2093.750,5656.250,1187.988
34,69,2156.250,5656.250,1180.761
35,69,2218.750,5656.250,1162.434
36,69,2281.250,5656.250,1174.793
37,69,2343.750,5656.250,1207.578
38,69,2406.250,5656.250,1236.380
39,69,2468.750,5656.250,1253.030
40,69,2531.250,5656.250,1252.429
41,69,2593.750,5656.250,1197.794
42,69,2656.250,5656.250,1139.882
43,69,2718.750,5656.250,1102.840
44,69,2781.250,5656.250,1073.199
45,69,2843.750,5656.250,1063.320
46,69,2906.250,5656.250,1086.329
47,69,2968.750,5656.250,1114.116
48,69,3031.250,5656.250,1130.265
49,69,3093.750,5656.250,1149.420
50,69,3156.250,5656.250,1185.670
51,69,3218.750,5656.250,1246.162
52,69,3281.250,5656.250,1311.588
53,69,3343.750,5656.250,1376.959
54,69,3406.250,5656.250,1451.045
55,69,3468.750,5656.250,1527.857
56,69,3531.250,5656.250,1593.479
57,69,3593.750,5656.250,1649.209
58,69,3656.250,5656.250,1708.777
59,69,3718.750,5656.250,1768.486
60,69,3781.250,5656.250,1817.968
61,69,3843.750,5656.250,1872.790
62,69,3906.250,5656.250,1936.254
63,69,3968.750,5656.250,2010.942
64,69,4031.250,5656.250,2086.916
65,69,4093.750,5656.250,2142.541
66,69,4156.250,5656.250,2156.208
67,69,4218.750,5656.250,2161.260
68,69,4281.250,5656.250,2168.450
69,69,4343.750,5656.250,2176.024
70,69,4406.250,5656.250,2200.581
71,69,4468.750,5656.250,2203.245
72,69,4531.250,5656.250,2152.279
73,69,4593.750,5656.250,2098.114
74,69,4656.250,5656.250,2050.578
75,69,4718.750,5656.250,2003.127
76,69,4781.250,5656.250,1927.984
77,69,4843.750,5656.250,1881.472
78,69,4906.250,5656.250,1899.375
79,69,4968.750,5656.250,1935.845
80,69,5031.250,5656.250,1941.857
81,69,5093.750,5656.250,1926.738
82,69,5156.250,5656.250,1904.096
83,69,5218.750,5656.250,1888.880
84,69,5281.250,5656.250,1886.006
85,69,5343.750,5656.250,1879.512
86,69,5406.250,5656.250,1848.938
87,69,5468.750,5656.250,1850.424
88,69,5531.250,5656.250,1886.630
89,69,5593.750,5656.250,1919.738
90,69,5656.250,5656.250,1966.071
91,69,5718.750,5656.250,2055.194
92,69,5781.250,5656.250,2125.860
93,69,5843.750,5656.250,2170.870
94,69,5906.250,5656.250,2228.400
95,69,5968.750,5656.250,2188.895
96,69,6031.250,5656.250,2159.717
97,69,6093.750,5656.250,2099.203
98,69,6156.250,5656.250,1987.746
99,69,6218.750,5656.250,1883.697
100,69,6281.250,5656.250,1842.292
101,69,6343.750,5656.250,1827.577
102,69,6406.250,5656.250,1802.387
103,69,6468.750,5656.250,1761.843
104,69,6531.250,5656.250,1713.050
105,69,6593.750,5656.250,1648.179
106,69,6656.250,5656.250,1570.708
107,69,6718.750,5656.250,1508.047
108,69,6781.250,5656.250,1471.355
109,69,6843.750,5656.250,1447.618
110,69,6906.250,5656.250,1425.265
111,69,6968.750,5656.250,1402.916
112,69,7031.250,5656.250,1407.107
113,69,7093.750,5656.250,1446.037
114,69,7156.250,5656.250,1485.771
115,69,7218.750,5656.250,1483.888
116,69,7281.250,5656.250,1444.813
117,69,7343.750,5656.250,1402.058
118,69,7406.250,5656.250,1374.426
119,69,7468.750,5656.250,1360.965
120,69,7531.250,5656.250,1372.270
121,69,7593.750,5656.250,1437.804
122,69,7656.250,5656.250,1516.346
123,69,7718.750,5656.250,1572.301
124,69,7781.250,5656.250,1612.781
125,69,7843.750,5656.250,1652.771
126,69,7906.250,5656.250,1689.725
127,69,7968.750,5656.250,1709.637
128,69,8031.250,5656.250,1734.615
129,69,8093.750,5656.250,1782.821
130,69,8156.250,5656.250,1832.728
131,69,8218.750,5656.250,1875.945
132,69,8281.250,5656.250,1909.855
133,69,8343.750,5656.250,1897.645
134,69,8406.250,5656.250,1858.346
135,69,8468.750,5656.250,1865.942
136,69,8531.250,5656.250,1924.827
137,69,8593.750,5656.250,1988.803
138,69,8656.250,5656.250,2028.709
139,69,8718.750,5656.250,2059.579
140,69,8781.250,5656.250,2092.686
141,69,8843.750,5656.250,2118.757
142,69,8906.250,5656.250,2156.812
143,69,8968.750,5656.250,2233.219
144,69,9031.250,5656.250,2327.194
145,69,9093.750,5656.250,2393.659
146,69,9156.250,5656.250,2371.668
147,69,9218.750,5656.250,2343.748
148,69,9281.250,5656.250,2300.308
149,69,9343.750,5656.250,2260.527
150,69,9406.250,5656.250,2242.054
151,69,9468.750,5656.250,2239.269
152,69,9531.250,5656.250,2236.040
153,69,9593.750,5656.250,2224.839
154,69,9656.250,5656.250,2213.428
155,69,9718.750,5656.250,2210.023
156,69,9781.250,5656.250,2214.625
157,69,9843.750,5656.250,2212.527
158,69,9906.250,5656.250,2178.490
159,69,9968.750,5656.250,2138.303
0,70,31.250,5593.750,2307.106
1,70,93.750,5593.750,2336.886
2,70,156.250,5593.750,2350.538
3,70,218.750,5593.750,2328.642
4,70,281.250,5593.750,2306.024
5,70,343.750,5593.750,2307.180
6,70,406.250,5593.750,2305.937
7,70,468.750,5593.750,2312.100
8,70,531.250,5593.750,2355.524
9,70,593.750,5593.750,2405.851
10,70,656.250,5593.750,2408.266
11,70,718.750,5593.750,2387.775
12,70,781.250,5593.750,2376.183
13,70,843.750,5593.750,2389.067
14,70,906.250,5593.750,2394.508
15,70,968.750,5593.750,2353.815
16,70,1031.250,5593.750,2334.600
17,70,1093.750,5593.750,2295.056
18,70,1156.250,5593.750,2202.489
19,70,1218.750,5593.750,2105.587
20,70,1281.250,5593.750,2057.779
21,70,1343.750,5593.750,2029.536
22,70,1406.250,5593.750,1988.301
23,70,1468.750,5593.750,1958.759
24,70,1531.250,5593.750,1939.451
25,70,1593.750,5593.750,1878.730
26,70,1656.250,5593.750,1783.748
27,70,1718.750,5593.750,1689.668
28,70,1781.250,5593.750,1610.176
29,70,1843.750,5593.750,1533.714
30,70,1906.250,5593.750,1451.970
31,70,1968.750,5593.750,1350.496
32,70,2031.250,5593.750,1266.281
33,70,2093.750,5593.750,1233.932
34,70,2156.250,5593.750,1225.919
35,70,2218.750,5593.750,1207.702
36,70,2281.250,5593.750,1212.764
37,70,2343.750,5593.750,1233.021
38,70,2406.250,5593.750,1246.760
39,70,2468.750,5593.750,1252.633
40,70,2531.250,5593.750,1251.979
41,70,2593.750,5593.750,1206.772
42,70,2656.250,5593.750,1161.977
43,70,2718.750,5593.750,1137.798
44,70,2781.250,5593.750,1115.113
45,70,2843.750,5593.750,1102.070
46,70,2906.250,5593.750,1114.993
47,70,2968.750,5593.750,1137.419
48,70,3031.250,5593.750,1155.492
49,70,3093.750,5593.750,1177.853
50,70,3156.250,5593.750,1214.361
51,70,3218.750,5593.750,1275.161
52,70,3281.250,5593.750,1340.262
53,70,3343.750,5593.750,1405.306
54,70,3406.250,5593.750,1478.240
55,70,3468.750,5593.750,1550.465
56,70,3531.250,5593.750,1608.647
57,70,3593.750,5593.750,1658.702
58,70,3656.250,5593.750,1714.768
59,70,3718.750,5593.750,1772.856
60,70,3781.250,5593.750,1823.804
61,70,3843.750,5593.750,1882.685
62,70,3906.250,5593.750,1953.322
63,70,3968.750,5593.750,2033.265
64,70,4031.250,5593.750,2108.318
65,70,4093.750,5593.750,2159.893
66,70,4156.250,5593.750,2176.393
67,70,4218.750,5593.750,2186.517
68,70,4281.250,5593.750,2196.045
69,70,4343.750,5593.750,2201.991
70,70,4406.250,5593.750,2222.061
71,70,4468.750,5593.750,2206.105
72,70,4531.250,5593.750,2174.661
73,70,4593.750,5593.750,2137.573
74,70,4656.250,5593.750,2099.223
75,70,4718.750,5593.750,2051.448
76,70,4781.250,5593.750,1970.517
77,70,4843.750,5593.750,1915.328
78,70,4906.250,5593.750,1925.933
79,70,4968.750,5593.750,1961.651
80,70,5031.250,5593.750,1970.012
81,70,5093.750,5593.750,1946.797
82,70,5156.250,5593.750,1908.185
83,70,5218.750,5593.750,1877.093
84,70,5281.250,5593.750,1862.955
85,70,5343.750,5593.750,1853.318
86,70,5406.250,5593.750,1824.862
87,70,5468.750,5593.750,1829.740
88,70,5531.250,5593.750,1868.562
89,70,5593.750,5593.750,1903.459
90,70,5656.250,5593.750,1953.169
91,70,5718.750,5593.750,2047.060
92,70,5781.250,5593.750,2121.994
93,70,5843.750,5593.750,2167.333
94,70,5906.250,5593.750,2222.721
95,70,5968.750,5593.750,2206.185
96,70,6031.250,5593.750,2183.336
97,70,6093.750,5593.750,2134.738
98,70,6156.250,5593.750,2033.902
99,70,6218.750,5593.750,1937.257
100,70,6281.250,5593.750,1898.146
101,70,6343.750,5593.750,1882.740
102,70,6406.250,5593.750,1858.617
103,70,6468.750,5593.750,1822.045
104,70,6531.250,5593.750,1777.388
105,70,6593.750,5593.750,1713.789
106,70,6656.250,5593.750,1636.060
107,70,6718.750,5593.750,1569.956
108,70,6781.250,5593.750,1527.868
109,70,6843.750,5593.750,1500.195
110,70,6906.250,5593.750,1478.170
111,70,6968.750,5593.750,1454.887
112,70,7031.250,5593.750,1454.045
113,70,7093.750,5593.750,1482.501
114,70,7156.250,5593.750,1512.578
115,70,7218.750,5593.750,1508.357
116,70,7281.250,5593.750,1476.400
117,70,7343.750,5593.750,1446.154
118,70,7406.250,5593.750,1432.506
119,70,7468.750,5593.750,1428.154
120,70,7531.250,5593.750,1439.077
121,70,7593.750,5593.750,1494.068
122,70,7656.250,5593.750,1558.513
123,70,7718.750,5593.750,1601.272
124,70,7781.250,5593.750,1629.852
125,70,7843.750,5593.750,1659.636
126,70,7906.250,5593.750,1683.437
127,70,7968.750,5593.750,1688.123
128,70,8031.250,5593.750,1700.781
129,70,8093.750,5593.750,1744.679
130,70,8156.250,5593.750,1797.647
131,70,8218.750,5593.750,1848.839
132,70,8281.250,5593.750,1895.425
133,70,8343.750,5593.750,1899.999
134,70,8406.250,5593.750,1874.836
135,70,8468.750,5593.750,1888.308
136,70,8531.250,5593.750,1948.676
137,70,8593.750,5593.750,2013.750
138,70,8656.250,5593.750,2053.310
139,70,8718.750,5593.750,2082.047
140,70,8781.250,5593.750,2114.305
141,70,8843.750,5593.750,2144.820
142,70,8906.250,5593.750,2189.526
143,70,8968.750,5593.750,2271.191
144,70,9031.250,5593.750,2364.581
145,70,9093.750,5593.750,2370.998
146,70,9156.250,5593.750,2352.088
147,70,9218.750,5593.750,2329.487
148,70,9281.250,5593.750,2288.550
149,70,9343.750,5593.750,2248.077
150,70,9406.250,5593.750,2228.010
151,70,9468.750,5593.750,2219.047
152,70,9531.250,5593.750,2206.283
153,70,9593.750,5593.750,2186.920
154,70,9656.250,5593.750,2172.403
155,70,9718.750,5593.750,2169.936
156,70,9781.250,5593.750,2184.598
157,70,9843.750,5593.750,2199.092
158,70,9906.250,5593.750,2186.752
159,70,9968.750,5593.750,2164.364
0,71,31.250,5531.250,2339.463
1,71,93.750,5531.250,2353.974
2,71,156.250,5531.250,2355.179
3,71,218.750,5531.250,2338.566
4,71,281.250,5531.250,2328.268
5,71,343.750,5531.250,2331.681
6,71,406.250,5531.250,2330.053
7,71,468.750,5531.250,2341.624
8,71,531.250,5531.250,2398.322
9,71,593.750,5531.250,2415.247
10,71,656.250,5531.250,2416.071
11,71,718.750,5531.250,2422.330
12,71,781.250,5531.250,2392.238
13,71,843.750,5531.250,2403.492
14,71,906.250,5531.250,2365.176
15,71,968.750,5531.250,2322.025
16,71,1031.250,5531.250,2294.961
17,71,1093.750,5531.250,2256.965
18,71,1156.250,5531.250,2189.338
19,71,1218.750,5531.250,2122.359
20,71,1281.250,5531.250,2085.493
21,71,1343.750,5531.250,2072.724
22,71,1406.250,5531.250,2042.445
23,71,1468.750,5531.250,1999.743
24,71,1531.250,5531.250,1958.338
25,71,1593.750,5531.250,1900.563
26,71,1656.250,5531.250,1827.655
27,71,1718.750,5531.250,1751.550
28,71,1781.250,5531.250,1666.122
29,71,1843.750,5531.250,1573.329
30,71,1906.250,5531.250,1490.447
31,71,1968.750,5531.250,1400.517
32,71,2031.250,5531.250,1322.426
33,71,2093.750,5531.250,1283.030
34,71,2156.250,5531.250,1265.957
35,71,2218.750,5531.250,1243.420
36,71,2281.250,5531.250,1232.905
37,71,2343.750,5531.250,1235.141
38,71,2406.250,5531.250,1236.239
39,71,2468.750,5531.250,1235.192
40,71,2531.250,5531.250,1238.529
41,71,2593.750,5531.250,1221.654
42,71,2656.250,5531.250,1201.761
43,71,2718.750,5531.250,1191.915
44,71,2781.250,5531.250,1180.566
45,71,2843.750,5531.250,1165.313
46,71,2906.250,5531.250,1159.982
47,71,2968.750,5531.250,1168.983
48,71,3031.250,5531.250,1191.733
49,71,3093.750,5531.250,1224.501
50,71,3156.250,5531.250,1259.631
51,71,3218.750,5531.250,1303.838
52,71,3281.250,5531.250,1357.687
53,71,3343.750,5531.250,1430.581
54,71,3406.250,5531.250,1515.704
55,71,3468.750,5531.250,1585.682
56,71,3531.250,5531.250,1628.219
57,71,3593.750,5531.250,1666.657
58,71,3656.250,5531.250,1720.386
59,71,3718.750,5531.250,1778.250
60,71,3781.250,5531.250,1830.508
61,71,3843.750,5531.250,1896.276
62,71,3906.250,5531.250,1973.300
63,71,3968.750,5531.250,2045.675
64,71,4031.250,5531.250,2104.516
65,71,4093.750,5531.250,2153.713
66,71,4156.250,5531.250,2194.757
67,71,4218.750,5531.250,2223.471
68,71,4281.250,5531.250,2226.580
69,71,4343.750,5531.250,2219.118
70,71,4406.250,5531.250,2221.957
71,71,4468.750,5531.250,2201.360
72,71,4531.250,5531.250,2186.601
73,71,4593.750,5531.250,2160.407
74,71,4656.250,5531.250,2123.598
75,71,4718.750,5531.250,2078.574
76,71,4781.250,5531.250,2010.928
77,71,4843.750,5531.250,1961.433
78,71,4906.250,5531.250,1960.255
79,71,4968.750,5531.250,1983.208
80,71,5031.250,5531.250,1988.201
81,71,5093.750,5531.250,1950.193
82,71,5156.250,5531.250,1892.797
83,71,5218.750,5531.250,1844.667
84,71,5281.250,5531.250,1816.561
85,71,5343.750,5531.250,1808.646
86,71,5406.250,5531.250,1811.114
87,71,5468.750,5531.250,1837.550
88,71,5531.250,5531.250,1870.824
89,71,5593.750,5531.250,1895.318
90,71,5656.250,5531.250,1940.398
91,71,5718.750,5531.250,2019.191
92,71,5781.250,5531.250,2084.632
93,71,5843.750,5531.250,2132.684
94,71,5906.250,5531.250,2188.003
95,71,5968.750,5531.250,2234.888
96,71,6031.250,5531.250,2212.490
97,71,6093.750,5531.250,2169.039
98,71,6156.250,5531.250,2080.819
99,71,6218.750,5531.250,1996.520
100,71,6281.250,5531.250,1959.350
101,71,6343.750,5531.250,1936.377
102,71,6406.250,5531.250,1910.589
103,71,6468.750,5531.250,1876.550
104,71,6531.250,5531.250,1830.743
105,71,6593.750,5531.250,1769.430
106,71,6656.250,5531.250,1702.135
107,71,6718.750,5531.250,1639.981
108,71,6781.250,5531.250,1589.555
109,71,6843.750,5531.250,1552.948
110,71,6906.250,5531.250,1533.155
111,71,6968.750,5531.250,1525.608
112,71,7031.250,5531.250,1530.061
113,71,7093.750,5531.250,1536.246
114,71,7156.250,5531.250,1539.054
115,71,7218.750,5531.250,1534.069
116,71,7281.250,5531.250,1531.857
117,71,7343.750,5531.250,1527.636
118,71,7406.250,5531.250,1517.827
119,71,7468.750,5531.250,1509.009
120,71,7531.250,5531.250,1514.472
121,71,7593.750,5531.250,1545.502
122,71,7656.250,5531.250,1588.035
123,71,7718.750,5531.250,1632.389
124,71,7781.250,5531.250,1670.948
125,71,7843.750,5531.250,1694.192
126,71,7906.250,5531.250,1698.759
127,71,7968.750,5531.250,1685.080
128,71,8031.250,5531.250,1680.936
129,71,8093.750,5531.250,1710.826
130,71,8156.250,5531.250,1761.008
131,71,8218.750,5531.250,1809.563
132,71,8281.250,5531.250,1862.014
133,71,8343.750,5531.250,1890.923
134,71,8406.250,5531.250,1892.834
135,71,8468.750,5531.250,1916.110
136,71,8531.250,5531.250,1983.079
137,71,8593.750,5531.250,2050.841
138,71,8656.250,5531.250,2081.181
139,71,8718.750,5531.250,2096.191
140,71,8781.250,5531.250,2128.420
141,71,8843.750,5531.250,2179.311
142,71,8906.250,5531.250,2240.242
143,71,8968.750,5531.250,2311.244
144,71,9031.250,5531.250,2381.397
145,71,9093.750,5531.250,2362.837
146,71,9156.250,5531.250,2334.488
147,71,9218.750,5531.250,2307.358
148,71,9281.250,5531.250,2266.502
149,71,9343.750,5531.250,2222.447
150,71,9406.250,5531.250,2200.710
151,71,9468.750,5531.250,2186.686
152,71,9531.250,5531.250,2167.492
153,71,9593.750,5531.250,2146.942
154,71,9656.250,5531.250,2135.729
155,71,9718.750,5531.250,2132.872
156,71,9781.250,5531.250,2145.192
157,71,9843.750,5531.250,2167.280
158,71,9906.250,5531.250,2183.785
159,71,9968.750,5531.250,2192.005
0,72,31.250,5468.750,2332.248
1,72,93.750,5468.750,2344.039
2,72,156.250,5468.750,2359.297
3,72,218.750,5468.750,2350.526
4,72,281.250,5468.750,2355.119
5,72,343.750,5468.750,2362.162
6,72,406.250,5468.750,2358.779
7,72,468.750,5468.750,2372.306
8,72,531.250,5468.750,2431.779
9,72,593.750,5468.750,2373.743
10,72,656.250,5468.750,2375.355
11,72,718.750,5468.750,2422.125
12,72,781.250,5468.750,2399.369
13,72,843.750,5468.750,2412.330
14,72,906.250,5468.750,2353.765
15,72,968.750,5468.750,2306.832
16,72,1031.250,5468.750,2267.077
17,72,1093.750,5468.750,2225.581
18,72,1156.250,5468.750,2180.011
19,72,1218.750,5468.750,2137.797
20,72,1281.250,5468.750,2106.034
21,72,1343.750,5468.750,2107.613
22,72,1406.250,5468.750,2091.324
23,72,1468.750,5468.750,2036.658
24,72,1531.250,5468.750,1972.252
25,72,1593.750,5468.750,1917.449
26,72,1656.250,5468.750,1868.291
27,72,1718.750,5468.750,1810.739
28,72,1781.250,5468.750,1716.220
29,72,1843.750,5468.750,1603.540
30,72,1906.250,5468.750,1520.660
31,72,1968.750,5468.750,1446.287
32,72,2031.250,5468.750,1377.344
33,72,2093.750,5468.750,1330.892
34,72,2156.250,5468.750,1303.493
35,72,2218.750,5468.750,1276.105
36,72,2281.250,5468.750,1251.207
37,72,2343.750,5468.750,1237.843
38,72,2406.250,5468.750,1229.556
39,72,2468.750,5468.750,1224.171
40,72,2531.250,5468.750,1231.748
41,72,2593.750,5468.750,1243.516
42,72,2656.250,5468.750,1246.822
43,72,2718.750,5468.750,1248.981
44,72,2781.250,5468.750,1249.797
45,72,2843.750,5468.750,1234.623
46,72,2906.250,5468.750,1211.788
47,72,2968.750,5468.750,1204.681
48,72,3031.250,5468.750,1228.484
49,72,3093.750,5468.750,1269.294
50,72,3156.250,5468.750,1302.906
51,72,3218.750,5468.750,1330.874
52,72,3281.250,5468.750,1374.845
53,72,3343.750,5468.750,1457.723
54,72,3406.250,5468.750,1556.552
55,72,3468.750,5468.750,1625.058
56,72,3531.250,5468.750,1651.738
57,72,3593.750,5468.750,1678.288
58,72,3656.250,5468.750,1727.287
59,72,3718.750,5468.750,1780.726
60,72,3781.250,5468.750,1830.527
61,72,3843.750,5468.750,1901.208
62,72,3906.250,5468.750,1981.684
63,72,3968.750,5468.750,2041.896
64,72,4031.250,5468.750,2080.534
65,72,4093.750,5468.750,2129.124
66,72,4156.250,5468.750,2200.432
67,72,4218.750,5468.750,2232.642
68,72,4281.250,5468.750,2232.386
69,72,4343.750,5468.750,2217.691
70,72,4406.250,5468.750,2207.539
71,72,4468.750,5468.750,2193.242
72,72,4531.250,5468.750,2191.754
73,72,4593.750,5468.750,2173.724
74,72,4656.250,5468.750,2137.006
75,72,4718.750,5468.750,2097.200
76,72,4781.250,5468.750,2049.984
77,72,4843.750,5468.750,2012.724
78,72,4906.250,5468.750,2001.526
79,72,4968.750,5468.750,2009.293
80,72,5031.250,5468.750,2007.728
81,72,5093.750,5468.750,1953.419
82,72,5156.250,5468.750,1879.384
83,72,5218.750,5468.750,1819.069
84,72,5281.250,5468.750,1781.199
85,72,5343.750,5468.750,1777.312
86,72,5406.250,5468.750,1814.009
87,72,5468.750,5468.750,1862.503
88,72,5531.250,5468.750,1886.500
89,72,5593.750,5468.750,1896.917
90,72,5656.250,5468.750,1931.535
91,72,5718.750,5468.750,1984.495
92,72,5781.250,5468.750,2031.879
93,72,5843.750,5468.750,2082.361
94,72,5906.250,5468.750,2144.018
95,72,5968.750,5468.750,2194.957
96,72,6031.250,5468.750,2234.603
97,72,6093.750,5468.750,2206.178
98,72,6156.250,5468.750,2124.318
99,72,6218.750,5468.750,2047.791
100,72,6281.250,5468.750,2011.939
101,72,6343.750,5468.750,1982.012
102,72,6406.250,5468.750,1956.254
103,72,6468.750,5468.750,1925.403
104,72,6531.250,5468.750,1877.182
105,72,6593.750,5468.750,1818.923
106,72,6656.250,5468.750,1765.306
107,72,6718.750,5468.750,1710.026
108,72,6781.250,5468.750,1650.902
109,72,6843.750,5468.750,1603.724
110,72,6906.250,5468.750,1586.601
111,72,6968.750,5468.750,1600.505
112,72,7031.250,5468.750,1614.583
113,72,7093.750,5468.750,1598.408
114,72,7156.250,5468.750,1572.496
115,72,7218.750,5468.750,1569.634
116,72,7281.250,5468.750,1602.781
117,72,7343.750,5468.750,1626.210
118,72,7406.250,5468.750,1614.842
119,72,7468.750,5468.750,1595.649
120,72,7531.250,5468.750,1592.953
121,72,7593.750,5468.750,1597.679
122,72,7656.250,5468.750,1618.823
123,72,7718.750,5468.750,1669.862
124,72,7781.250,5468.750,1724.109
125,72,7843.750,5468.750,1742.431
126,72,7906.250,5468.750,1728.503
127,72,7968.750,5468.750,1697.878
128,72,8031.250,5468.750,1678.019
129,72,8093.750,5468.750,1692.440
130,72,8156.250,5468.750,1735.635
131,72,8218.750,5468.750,1774.487
132,72,8281.250,5468.750,1827.662
133,72,8343.750,5468.750,1881.760
134,72,8406.250,5468.750,1914.712
135,72,8468.750,5468.750,1950.774
136,72,8531.250,5468.750,2024.963
137,72,8593.750,5468.750,2092.353
138,72,8656.250,5468.750,2108.441
139,72,8718.750,5468.750,2106.734
140,72,8781.250,5468.750,2139.919
141,72,8843.750,5468.750,2213.979
142,72,8906.250,5468.750,2291.294
143,72,8968.750,5468.750,2345.608
144,72,9031.250,5468.750,2384.766
145,72,9093.750,5468.750,2356.002
146,72,9156.250,5468.750,2316.216
147,72,9218.750,5468.750,2283.147
148,72,9281.250,5468.750,2240.737
149,72,9343.750,5468.750,2191.287
150,72,9406.250,5468.750,2168.691
151,72,9468.750,5468.750,2155.527
152,72,9531.250,5468.750,2137.462
153,72,9593.750,5468.750,2121.177
154,72,9656.250,5468.750,2116.022
155,72,9718.750,5468.750,2114.096
156,72,9781.250,5468.750,2120.520
157,72,9843.750,5468.750,2144.211
158,72,9906.250,5468.750,2183.218
159,72,9968.750,5468.750,2216.965
0,73,31.250,5406.250,2316.449
1,73,93.750,5406.250,2334.266
2,73,156.250,5406.250,2369.039
3,73,218.750,5406.250,2367.469
4,73,281.250,5406.250,2377.106
5,73,343.750,5406.250,2387.282
6,73,406.250,5406.250,2385.164
7,73,468.750,5406.250,2399.373
8,73,531.250,5406.250,2415.547
9,73,593.750,5406.250,2350.400
10,73,656.250,5406.250,2350.235
11,73,718.750,5406.250,2406.267
12,73,781.250,5406.250,2413.502
13,73,843.750,5406.250,2410.253
14,73,906.250,5406.250,2350.651
15,73,968.750,5406.250,2302.442
16,73,1031.250,5406.250,2257.231
17,73,1093.750,5406.250,2213.578
18,73,1156.250,5406.250,2174.876
19,73,1218.750,5406.250,2137.716
20,73,1281.250,5406.250,2103.726
21,73,1343.750,5406.250,2109.887
22,73,1406.250,5406.250,2102.612
23,73,1468.750,5406.250,2049.543
24,73,1531.250,5406.250,1982.255
25,73,1593.750,5406.250,1931.951
26,73,1656.250,5406.250,1894.304
27,73,1718.750,5406.250,1845.826
28,73,1781.250,5406.250,1749.835
29,73,1843.750,5406.250,1631.691
30,73,1906.250,5406.250,1550.410
31,73,1968.750,5406.250,1483.333
32,73,2031.250,5406.250,1419.082
33,73,2093.750,5406.250,1371.412
34,73,2156.250,5406.250,1341.176
35,73,2218.750,5406.250,1312.115
36,73,2281.250,5406.250,1281.001
37,73,2343.750,5406.250,1261.138
38,73,2406.250,5406.250,1249.267
39,73,2468.750,5406.250,1242.850
40,73,2531.250,5406.250,1251.393
41,73,2593.750,5406.250,1271.996
42,73,2656.250,5406.250,1282.462
43,73,2718.750,5406.250,1289.243
44,73,2781.250,5406.250,1296.233
45,73,2843.750,5406.250,1283.113
46,73,2906.250,5406.250,1255.159
47,73,2968.750,5406.250,1240.265
48,73,3031.250,5406.250,1260.076
49,73,3093.750,5406.250,1300.106
50,73,3156.250,5406.250,1333.240
51,73,3218.750,5406.250,1358.481
52,73,3281.250,5406.250,1402.059
53,73,3343.750,5406.250,1488.654
54,73,3406.250,5406.250,1589.677
55,73,3468.750,5406.250,1655.417
56,73,3531.250,5406.250,1675.137
57,73,3593.750,5406.250,1696.517
58,73,3656.250,5406.250,1738.474
59,73,3718.750,5406.250,1782.820
60,73,3781.250,5406.250,1826.203
61,73,3843.750,5406.250,1896.292
62,73,3906.250,5406.250,1975.910
63,73,3968.750,5406.250,2028.979
64,73,4031.250,5406.250,2056.606
65,73,4093.750,5406.250,2103.471
66,73,4156.250,5406.250,2185.766
67,73,4218.750,5406.250,2219.545
68,73,4281.250,5406.250,2223.906
69,73,4343.750,5406.250,2193.000
70,73,4406.250,5406.250,2196.305
71,73,4468.750,5406.250,2187.724
72,73,4531.250,5406.250,2177.679
73,73,4593.750,5406.250,2180.656
74,73,4656.250,5406.250,2152.950
75,73,4718.750,5406.250,2118.956
76,73,4781.250,5406.250,2082.465
77,73,4843.750,5406.250,2052.139
78,73,4906.250,5406.250,2038.533
79,73,4968.750,5406.250,2040.363
80,73,5031.250,5406.250,2034.626
81,73,5093.750,5406.250,1972.503
82,73,5156.250,5406.250,1891.187
83,73,5218.750,5406.250,1827.218
84,73,5281.250,5406.250,1787.180
85,73,5343.750,5406.250,1784.799
86,73,5406.250,5406.250,1831.471
87,73,5468.750,5406.250,1884.316
88,73,5531.250,5406.250,1901.393
89,73,5593.750,5406.250,1904.196
90,73,5656.250,5406.250,1929.307
91,73,5718.750,5406.250,1963.463
92,73,5781.250,5406.250,1995.513
93,73,5843.750,5406.250,2042.855
94,73,5906.250,5406.250,2106.856
95,73,5968.750,5406.250,2157.680
96,73,6031.250,5406.250,2193.643
97,73,6093.750,5406.250,2238.600
98,73,6156.250,5406.250,2155.878
99,73,6218.750,5406.250,2079.589
100,73,6281.250,5406.250,2045.407
101,73,6343.750,5406.250,2016.905
102,73,6406.250,5406.250,1995.686
103,73,6468.750,5406.250,1969.246
104,73,6531.250,5406.250,1922.134
105,73,6593.750,5406.250,1867.128
106,73,6656.250,5406.250,1820.402
107,73,6718.750,5406.250,1768.852
108,73,6781.250,5406.250,1706.833
109,73,6843.750,5406.250,1656.008
110,73,6906.250,5406.250,1640.892
111,73,6968.750,5406.250,1664.384
112,73,7031.250,5406.250,1682.884
113,73,7093.750,5406.250,1659.078
114,73,7156.250,5406.250,1622.864
115,73,7218.750,5406.250,1623.536
116,73,7281.250,5406.250,1673.704
117,73,7343.750,5406.250,1709.793
118,73,7406.250,5406.250,1696.586
119,73,7468.750,5406.250,1670.581
120,73,7531.250,5406.250,1662.083
121,73,7593.750,5406.250,1654.911
122,73,7656.250,5406.250,1666.141
123,73,7718.750,5406.250,1716.661
124,73,7781.250,5406.250,1772.888
125,73,7843.750,5406.250,1784.745
126,73,7906.250,5406.250,1758.262
127,73,7968.750,5406.250,1715.927
128,73,8031.250,5406.250,1686.365
129,73,8093.750,5406.250,1691.817
130,73,8156.250,5406.250,1728.878
131,73,8218.750,5406.250,1762.040
132,73,8281.250,5406.250,1816.257
133,73,8343.750,5406.250,1885.514
134,73,8406.250,5406.250,1938.298
135,73,8468.750,5406.250,1986.062
136,73,8531.250,5406.250,2064.566
137,73,8593.750,5406.250,2128.773
138,73,8656.250,5406.250,2135.856
139,73,8718.750,5406.250,2126.564
140,73,8781.250,5406.250,2160.047
141,73,8843.750,5406.250,2241.790
142,73,8906.250,5406.250,2322.662
143,73,8968.750,5406.250,2365.467
144,73,9031.250,5406.250,2372.335
145,73,9093.750,5406.250,2340.674
146,73,9156.250,5406.250,2299.226
147,73,9218.750,5406.250,2267.591
148,73,9281.250,5406.250,2227.175
149,73,9343.750,5406.250,2177.245
150,73,9406.250,5406.250,2155.312
151,73,9468.750,5406.250,2146.534
152,73,9531.250,5406.250,2134.183
153,73,9593.750,5406.250,2122.980
154,73,9656.250,5406.250,2122.202
155,73,9718.750,5406.250,2123.812
156,73,9781.250,5406.250,2130.208
157,73,9843.750,5406.250,2153.827
158,73,9906.250,5406.250,2197.088
159,73,9968.750,5406.250,2235.377
0,74,31.250,5343.750,2298.541
1,74,93.750,5343.750,2313.636
2,74,156.250,5343.750,2344.889
3,74,218.750,5343.750,2379.339
4,74,281.250,5343.750,2395.618
5,74,343.750,5343.750,2405.964
6,74,406.250,5343.750,2408.835
7,74,468.750,5343.750,2423.939
8,74,531.250,5343.750,2409.918
9,74,593.750,5343.750,2360.478
10,74,656.250,5343.750,2358.429
11,74,718.750,5343.750,2396.763
12,74,781.250,5343.750,2424.200
13,74,843.750,5343.750,2399.145
14,74,906.250,5343.750,2345.273
15,74,968.750,5343.750,2300.058
16,74,1031.250,5343.750,2263.120
17,74,1093.750,5343.750,2222.677
18,74,1156.250,5343.750,2174.057
19,74,1218.750,5343.750,2121.992
20,74,1281.250,5343.750,2080.508
21,74,1343.750,5343.750,2079.157
22,74,1406.250,5343.750,2072.267
23,74,1468.750,5343.750,2027.075
24,74,1531.250,5343.750,1967.341
25,74,1593.750,5343.750,1923.832
26,74,1656.250,5343.750,1899.219
27,74,1718.750,5343.750,1858.983
28,74,1781.250,5343.750,1770.183
29,74,1843.750,5343.750,1662.916
30,74,1906.250,5343.750,1586.526
31,74,1968.750,5343.750,1526.529
32,74,2031.250,5343.750,1468.415
33,74,2093.750,5343.750,1413.221
34,74,2156.250,5343.750,1367.884
35,74,2218.750,5343.750,1335.918
36,74,2281.250,5343.750,1305.962
37,74,2343.750,5343.750,1285.987
38,74,2406.250,5343.750,1281.094
39,74,2468.750,5343.750,1287.650
40,74,2531.250,5343.750,1295.019
41,74,2593.750,5343.750,1297.663
42,74,2656.250,5343.750,1296.705
43,74,2718.750,5343.750,1309.143
44,74,2781.250,5343.750,1325.574
45,74,2843.750,5343.750,1317.107
46,74,2906.250,5343.750,1295.836
47,74,2968.750,5343.750,1282.722
48,74,3031.250,5343.750,1289.715
49,74,3093.750,5343.750,1312.675
50,74,3156.250,5343.750,1345.611
51,74,3218.750,5343.750,1385.101
52,74,3281.250,5343.750,1438.016
53,74,3343.750,5343.750,1511.295
54,74,3406.250,5343.750,1589.963
55,74,3468.750,5343.750,1652.379
56,74,3531.250,5343.750,1689.321
57,74,3593.750,5343.750,1723.124
58,74,3656.250,5343.750,1754.747
59,74,3718.750,5343.750,1782.074
60,74,3781.250,5343.750,1817.738
61,74,3843.750,5343.750,1886.528
62,74,3906.250,5343.750,1961.831
63,74,3968.750,5343.750,2007.864
64,74,4031.250,5343.750,2029.331
65,74,4093.750,5343.750,2070.114
66,74,4156.250,5343.750,2138.345
67,74,4218.750,5343.750,2187.234
68,74,4281.250,5343.750,2185.801
69,74,4343.750,5343.750,2168.145
70,74,4406.250,5343.750,2172.858
71,74,4468.750,5343.750,2163.171
72,74,4531.250,5343.750,2163.975
73,74,4593.750,5343.750,2165.073
74,74,4656.250,5343.750,2145.919
75,74,4718.750,5343.750,2118.709
76,74,4781.250,5343.750,2087.464
77,74,4843.750,5343.750,2062.101
78,74,4906.250,5343.750,2055.558
79,74,4968.750,5343.750,2063.342
80,74,5031.250,5343.750,2059.147
81,74,5093.750,5343.750,2008.676
82,74,5156.250,5343.750,1937.344
83,74,5218.750,5343.750,1872.801
84,74,5281.250,5343.750,1828.040
85,74,5343.750,5343.750,1821.293
86,74,5406.250,5343.750,1853.102
87,74,5468.750,5343.750,1893.157
88,74,5531.250,5343.750,1913.524
89,74,5593.750,5343.750,1926.067
90,74,5656.250,5343.750,1946.338
91,74,5718.750,5343.750,1966.636
92,74,5781.250,5343.750,1986.581
93,74,5843.750,5343.750,2028.448
94,74,5906.250,5343.750,2090.080
95,74,5968.750,5343.750,2138.211
96,74,6031.250,5343.750,2169.842
97,74,6093.750,5343.750,2215.664
98,74,6156.250,5343.750,2158.839
99,74,6218.750,5343.750,2082.824
100,74,6281.250,5343.750,2052.960
101,74,6343.750,5343.750,2039.964
102,74,6406.250,5343.750,2032.371
103,74,6468.750,5343.750,2015.249
104,74,6531.250,5343.750,1977.089
105,74,6593.750,5343.750,1925.392
106,74,6656.250,5343.750,1876.356
107,74,6718.750,5343.750,1824.698
108,74,6781.250,5343.750,1774.092
109,74,6843.750,5343.750,1738.502
110,74,6906.250,5343.750,1723.957
111,74,6968.750,5343.750,1726.138
112,74,7031.250,5343.750,1729.588
113,74,7093.750,5343.750,1716.606
114,74,7156.250,5343.750,1697.356
115,74,7218.750,5343.750,1700.384
116,74,7281.250,5343.750,1736.623
117,74,7343.750,5343.750,1763.744
118,74,7406.250,5343.750,1751.805
119,74,7468.750,5343.750,1726.563
120,74,7531.250,5343.750,1719.220
121,74,7593.750,5343.750,1725.854
122,74,7656.250,5343.750,1741.877
123,74,7718.750,5343.750,1774.318
124,74,7781.250,5343.750,1808.195
125,74,7843.750,5343.750,1808.719
126,74,7906.250,5343.750,1767.950
127,74,7968.750,5343.750,1716.415
128,74,8031.250,5343.750,1687.254
129,74,8093.750,5343.750,1693.734
130,74,8156.250,5343.750,1728.272
131,74,8218.750,5343.750,1763.689
132,74,8281.250,5343.750,1820.395
133,74,8343.750,5343.750,1896.337
134,74,8406.250,5343.750,1961.290
135,74,8468.750,5343.750,2015.436
136,74,8531.250,5343.750,2081.741
137,74,8593.750,5343.750,2133.955
138,74,8656.250,5343.750,2153.375
139,74,8718.750,5343.750,2166.437
140,74,8781.250,5343.750,2198.930
141,74,8843.750,5343.750,2255.524
142,74,8906.250,5343.750,2316.585
143,74,8968.750,5343.750,2365.189
144,74,9031.250,5343.750,2341.958
145,74,9093.750,5343.750,2311.911
146,74,9156.250,5343.750,2293.615
147,74,9218.750,5343.750,2280.128
148,74,9281.250,5343.750,2246.097
149,74,9343.750,5343.750,2201.131
150,74,9406.250,5343.750,2179.196
151,74,9468.750,5343.750,2165.591
152,74,9531.250,5343.750,2152.076
153,74,9593.750,5343.750,2142.738
154,74,9656.250,5343.750,2142.775
155,74,9718.750,5343.750,2148.574
156,74,9781.250,5343.750,2160.759
157,74,9843.750,5343.750,2183.476
158,74,9906.250,5343.750,2219.579
159,74,9968.750,5343.750,2251.877
0,75,31.250,5281.250,2279.534
1,75,93.750,5281.250,2288.583
2,75,156.250,5281.250,2312.300
3,75,218.750,5281.250,2348.953
4,75,281.250,5281.250,2384.912
5,75,343.750,5281.250,2409.966
6,75,406.250,5281.250,2425.840
7,75,468.750,5281.250,2428.751
8,75,531.250,5281.250,2404.763
9,75,593.750,5281.250,2386.886
10,75,656.250,5281.250,2385.142
11,75,718.750,5281.250,2393.203
12,75,781.250,5281.250,2402.558
13,75,843.750,5281.250,2383.390
14,75,906.250,5281.250,2336.222
15,75,968.750,5281.250,2295.579
16,75,1031.250,5281.250,2271.325
17,75,1093.750,5281.250,2234.578
18,75,1156.250,5281.250,2169.146
19,75,1218.750,5281.250,2097.119
20,75,1281.250,5281.250,2049.217
21,75,1343.750,5281.250,2037.292
22,75,1406.250,5281.250,2026.477
23,75,1468.750,5281.250,1986.471
24,75,1531.250,5281.250,1931.975
25,75,1593.750,5281.250,1895.726
26,75,1656.250,5281.250,1889.257
27,75,1718.750,5281.250,1859.637
28,75,1781.250,5281.250,1779.567
29,75,1843.750,5281.250,1686.715
30,75,1906.250,5281.250,1616.054
31,75,1968.750,5281.250,1566.360
32,75,2031.250,5281.250,1518.052
33,75,2093.750,5281.250,1450.224
34,75,2156.250,5281.250,1379.801
35,75,2218.750,5281.250,1342.819
36,75,2281.250,5281.250,1315.780
37,75,2343.750,5281.250,1296.727
38,75,2406.250,5281.250,1303.666
39,75,2468.750,5281.250,1330.970
40,75,2531.250,5281.250,1337.584
41,75,2593.750,5281.250,1313.531
42,75,2656.250,5281.250,1295.692
43,75,2718.750,5281.250,1316.572
44,75,2781.250,5281.250,1345.787
45,75,2843.750,5281.250,1342.258
46,75,2906.250,5281.250,1330.593
47,75,2968.750,5281.250,1324.349
48,75,3031.250,5281.250,1318.577
49,75,3093.750,5281.250,1320.586
50,75,3156.250,5281.250,1353.210
51,75,3218.750,5281.250,1409.418
52,75,3281.250,5281.250,1470.290
53,75,3343.750,5281.250,1519.730
54,75,3406.250,5281.250,1564.757
55,75,3468.750,5281.250,1623.951
56,75,3531.250,5281.250,1690.564
57,75,3593.750,5281.250,1746.735
58,75,3656.250,5281.250,1770.675
59,75,3718.750,5281.250,1782.087
60,75,3781.250,5281.250,1812.644
61,75,3843.750,5281.250,1880.070
62,75,3906.250,5281.250,1947.729
63,75,3968.750,5281.250,1982.218
64,75,4031.250,5281.250,1995.470
65,75,4093.750,5281.250,2025.951
66,75,4156.250,5281.250,2069.897
67,75,4218.750,5281.250,2106.451
68,75,4281.250,5281.250,2130.220
69,75,4343.750,5281.250,2148.296
70,75,4406.250,5281.250,2154.159
71,75,4468.750,5281.250,2127.596
72,75,4531.250,5281.250,2122.462
73,75,4593.750,5281.250,2121.171
74,75,4656.250,5281.250,2111.396
75,75,4718.750,5281.250,2091.145
76,75,4781.250,5281.250,2066.503
77,75,4843.750,5281.250,2048.334
78,75,4906.250,5281.250,2053.190
79,75,4968.750,5281.250,2071.769
80,75,5031.250,5281.250,2072.637
81,75,5093.750,5281.250,2045.523
82,75,5156.250,5281.250,1994.990
83,75,5218.750,5281.250,1930.669
84,75,5281.250,5281.250,1876.976
85,75,5343.750,5281.250,1862.031
86,75,5406.250,5281.250,1872.432
87,75,5468.750,5281.250,1896.074
88,75,5531.250,5281.250,1925.532
89,75,5593.750,5281.250,1955.943
90,75,5656.250,5281.250,1975.484
91,75,5718.750,5281.250,1985.334
92,75,5781.250,5281.250,1996.483
93,75,5843.750,5281.250,2033.148
94,75,5906.250,5281.250,2087.759
95,75,5968.750,5281.250,2127.435
96,75,6031.250,5281.250,2152.980
97,75,6093.750,5281.250,2188.200
98,75,6156.250,5281.250,2141.121
99,75,6218.750,5281.250,2071.588
100,75,6281.250,5281.250,2047.899
101,75,6343.750,5281.250,2054.770
102,75,6406.250,5281.250,2063.372
103,75,6468.750,5281.250,2057.812
104,75,6531.250,5281.250,2033.028
105,75,6593.750,5281.250,1985.693
106,75,6656.250,5281.250,1932.990
107,75,6718.750,5281.250,1882.045
108,75,6781.250,5281.250,1852.376
109,75,6843.750,5281.250,1843.865
110,75,6906.250,5281.250,1830.685
111,75,6968.750,5281.250,1797.058
112,75,7031.250,5281.250,1775.187
113,75,7093.750,5281.250,1778.700
114,75,7156.250,5281.250,1786.208
115,75,7218.750,5281.250,1788.617
116,75,7281.250,5281.250,1795.514
117,75,7343.750,5281.250,1803.291
118,75,7406.250,5281.250,1794.203
119,75,7468.750,5281.250,1774.107
120,75,7531.250,5281.250,1772.665
121,75,7593.750,5281.250,1803.121
122,75,7656.250,5281.250,1827.174
123,75,7718.750,5281.250,1831.968
124,75,7781.250,5281.250,1832.799
125,75,7843.750,5281.250,1820.118
126,75,7906.250,5281.250,1764.568
127,75,7968.750,5281.250,1707.228
128,75,8031.250,5281.250,1685.823
129,75,8093.750,5281.250,1699.516
130,75,8156.250,5281.250,1734.620
131,75,8218.750,5281.250,1775.036
132,75,8281.250,5281.250,1832.331
133,75,8343.750,5281.250,1907.938
134,75,8406.250,5281.250,1978.703
135,75,8468.750,5281.250,2033.402
136,75,8531.250,5281.250,2079.459
137,75,8593.750,5281.250,2118.901
138,75,8656.250,5281.250,2165.512
139,75,8718.750,5281.250,2217.171
140,75,8781.250,5281.250,2246.723
141,75,8843.750,5281.250,2260.901
142,75,8906.250,5281.250,2289.910
143,75,8968.750,5281.250,2352.348
144,75,9031.250,5281.250,2312.453
145,75,9093.750,5281.250,2287.566
146,75,9156.250,5281.250,2305.565
147,75,9218.750,5281.250,2318.404
148,75,9281.250,5281.250,2292.790
149,75,9343.750,5281.250,2254.792
150,75,9406.250,5281.250,2231.641
151,75,9468.750,5281.250,2203.964
152,75,9531.250,5281.250,2180.442
153,75,9593.750,5281.250,2168.892
154,75,9656.250,5281.250,2167.184
155,75,9718.750,5281.250,2174.790
156,75,9781.250,5281.250,2190.656
157,75,9843.750,5281.250,2209.114
158,75,9906.250,5281.250,2236.130
159,75,9968.750,5281.250,2263.787
0,76,31.250,5218.750,2274.348
1,76,93.750,5218.750,2277.508
2,76,156.250,5218.750,2293.265
3,76,218.750,5218.750,2327.942
4,76,281.250,5218.750,2365.642
5,76,343.750,5218.750,2387.109
6,76,406.250,5218.750,2405.582
7,76,468.750,5218.750,2405.947
8,76,531.250,5218.750,2398.694
9,76,593.750,5218.750,2400.317
10,76,656.250,5218.750,2397.452
11,76,718.750,5218.750,2387.768
12,76,781.250,5218.750,2389.209
13,76,843.750,5218.750,2377.170
14,76,906.250,5218.750,2335.459
15,76,968.750,5218.750,2296.374
16,76,1031.250,5218.750,2275.096
17,76,1093.750,5218.750,2234.361
18,76,1156.250,5218.750,2153.132
19,76,1218.750,5218.750,2064.834
20,76,1281.250,5218.750,2012.126
21,76,1343.750,5218.750,1994.218
22,76,1406.250,5218.750,1982.848
23,76,1468.750,5218.750,1948.699
24,76,1531.250,5218.750,1899.855
25,76,1593.750,5218.750,1869.847
26,76,1656.250,5218.750,1877.400
27,76,1718.750,5218.750,1856.734
28,76,1781.250,5218.750,1782.311
29,76,1843.750,5218.750,1695.863
30,76,1906.250,5218.750,1625.997
31,76,1968.750,5218.750,1582.171
32,76,2031.250,5218.750,1542.688
33,76,2093.750,5218.750,1470.651
34,76,2156.250,5218.750,1387.124
35,76,2218.750,5218.750,1347.225
36,76,2281.250,5218.750,1320.333
37,76,2343.750,5218.750,1299.155
38,76,2406.250,5218.750,1311.047
39,76,2468.750,5218.750,1350.330
40,76,2531.250,5218.750,1356.602
41,76,2593.750,5218.750,1316.246
42,76,2656.250,5218.750,1288.306
43,76,2718.750,5218.750,1315.049
44,76,2781.250,5218.750,1353.405
45,76,2843.750,5218.750,1354.164
46,76,2906.250,5218.750,1349.709
47,76,2968.750,5218.750,1350.727
48,76,3031.250,5218.750,1341.508
49,76,3093.750,5218.750,1334.030
50,76,3156.250,5218.750,1366.346
51,76,3218.750,5218.750,1427.062
52,76,3281.250,5218.750,1485.000
53,76,3343.750,5218.750,1514.212
54,76,3406.250,5218.750,1536.492
55,76,3468.750,5218.750,1593.059
56,76,3531.250,5218.750,1679.842
57,76,3593.750,5218.750,1753.161
58,76,3656.250,5218.750,1777.770
59,76,3718.750,5218.750,1784.441
60,76,3781.250,5218.750,1813.047
61,76,3843.750,5218.750,1875.180
62,76,3906.250,5218.750,1932.102
63,76,3968.750,5218.750,1953.243
64,76,4031.250,5218.750,1956.162
65,76,4093.750,5218.750,1974.462
66,76,4156.250,5218.750,1998.979
67,76,4218.750,5218.750,2027.355
68,76,4281.250,5218.750,2072.331
69,76,4343.750,5218.750,2122.154
70,76,4406.250,5218.750,2145.601
71,76,4468.750,5218.750,2112.867
72,76,4531.250,5218.750,2093.484
73,76,4593.750,5218.750,2082.779
74,76,4656.250,5218.750,2072.288
75,76,4718.750,5218.750,2057.089
76,76,4781.250,5218.750,2040.030
77,76,4843.750,5218.750,2030.368
78,76,4906.250,5218.750,2045.669
79,76,4968.750,5218.750,2072.568
80,76,5031.250,5218.750,2076.930
81,76,5093.750,5218.750,2068.941
82,76,5156.250,5218.750,2038.518
83,76,5218.750,5218.750,1979.143
84,76,5281.250,5218.750,1920.893
85,76,5343.750,5218.750,1898.313
86,76,5406.250,5218.750,1894.337
87,76,5468.750,5218.750,1908.630
88,76,5531.250,5218.750,1944.678
89,76,5593.750,5218.750,1985.219
90,76,5656.250,5218.750,2003.278
91,76,5718.750,5218.750,2006.209
92,76,5781.250,5218.750,2011.437
93,76,5843.750,5218.750,2043.193
94,76,5906.250,5218.750,2088.800
95,76,5968.750,5218.750,2116.830
96,76,6031.250,5218.750,2131.547
97,76,6093.750,5218.750,2154.998
98,76,6156.250,5218.750,2124.947
99,76,6218.750,5218.750,2065.617
100,76,6281.250,5218.750,2047.216
101,76,6343.750,5218.750,2065.768
102,76,6406.250,5218.750,2083.905
103,76,6468.750,5218.750,2087.084
104,76,6531.250,5218.750,2075.323
105,76,6593.750,5218.750,2036.532
106,76,6656.250,5218.750,1988.517
107,76,6718.750,5218.750,1943.479
108,76,6781.250,5218.750,1932.243
109,76,6843.750,5218.750,1945.312
110,76,6906.250,5218.750,1935.316
111,76,6968.750,5218.750,1878.219
112,76,7031.250,5218.750,1836.047
113,76,7093.750,5218.750,1845.051
114,76,7156.250,5218.750,1866.895
115,76,7218.750,5218.750,1867.955
116,76,7281.250,5218.750,1855.165
117,76,7343.750,5218.750,1849.770
118,76,7406.250,5218.750,1842.572
119,76,7468.750,5218.750,1827.244
120,76,7531.250,5218.750,1830.702
121,76,7593.750,5218.750,1872.348
122,76,7656.250,5218.750,1896.221
123,76,7718.750,5218.750,1879.707
124,76,7781.250,5218.750,1857.003
125,76,7843.750,5218.750,1834.825
126,76,7906.250,5218.750,1772.622
127,76,7968.750,5218.750,1716.577
128,76,8031.250,5218.750,1705.159
129,76,8093.750,5218.750,1727.056
130,76,8156.250,5218.750,1763.121
131,76,8218.750,5218.750,1804.207
132,76,8281.250,5218.750,1856.809
133,76,8343.750,5218.750,1922.822
134,76,8406.250,5218.750,1987.988
135,76,8468.750,5218.750,2039.366
136,76,8531.250,5218.750,2075.379
137,76,8593.750,5218.750,2112.368
138,76,8656.250,5218.750,2181.096
139,76,8718.750,5218.750,2258.195
140,76,8781.250,5218.750,2283.903
141,76,8843.750,5218.750,2267.436
142,76,8906.250,5218.750,2271.629
143,76,8968.750,5218.750,2339.421
144,76,9031.250,5218.750,2305.348
145,76,9093.750,5218.750,2289.942
146,76,9156.250,5218.750,2335.447
147,76,9218.750,5218.750,2326.615
148,76,9281.250,5218.750,2343.209
149,76,9343.750,5218.750,2318.824
150,76,9406.250,5218.750,2295.020
151,76,9468.750,5218.750,2256.237
152,76,9531.250,5218.750,2223.218
153,76,9593.750,5218.750,2207.796
154,76,9656.250,5218.750,2202.855
155,76,9718.750,5218.750,2208.446
156,76,9781.250,5218.750,2219.908
157,76,9843.750,5218.750,2228.520
158,76,9906.250,5218.750,2245.174
159,76,9968.750,5218.750,2268.362
0,77,31.250,5156.250,2283.902
1,77,93.750,5156.250,2287.824
2,77,156.250,5156.250,2300.257
3,77,218.750,5156.250,2322.997
4,77,281.250,5156.250,2346.529
5,77,343.750,5156.250,2362.470
6,77,406.250,5156.250,2382.690
7,77,468.750,5156.250,2390.018
8,77,531.250,5156.250,2387.908
9,77,593.750,5156.250,2390.961
10,77,656.250,5156.250,2387.676
11,77,718.750,5156.250,2385.635
12,77,781.250,5156.250,2396.113
13,77,843.750,5156.250,2386.454
14,77,906.250,5156.250,2342.135
15,77,968.750,5156.250,2300.017
16,77,1031.250,5156.250,2267.671
17,77,1093.750,5156.250,2213.708
18,77,1156.250,5156.250,2124.052
19,77,1218.750,5156.250,2031.077
20,77,1281.250,5156.250,1977.505
21,77,1343.750,5156.250,1962.689
22,77,1406.250,5156.250,1956.679
23,77,1468.750,5156.250,1928.105
24,77,1531.250,5156.250,1884.336
25,77,1593.750,5156.250,1856.790
26,77,1656.250,5156.250,1860.898
27,77,1718.750,5156.250,1838.126
28,77,1781.250,5156.250,1768.682
29,77,1843.750,5156.250,1686.720
30,77,1906.250,5156.250,1613.479
31,77,1968.750,5156.250,1560.840
32,77,2031.250,5156.250,1520.924
33,77,2093.750,5156.250,1464.846
34,77,2156.250,5156.250,1399.640
35,77,2218.750,5156.250,1361.437
36,77,2281.250,5156.250,1326.824
37,77,2343.750,5156.250,1297.978
38,77,2406.250,5156.250,1303.876
39,77,2468.750,5156.250,1338.732
40,77,2531.250,5156.250,1345.994
41,77,2593.750,5156.250,1313.738
42,77,2656.250,5156.250,1291.467
43,77,2718.750,5156.250,1313.162
44,77,2781.250,5156.250,1344.071
45,77,2843.750,5156.250,1345.505
46,77,2906.250,5156.250,1344.845
47,77,2968.750,5156.250,1351.323
48,77,3031.250,5156.250,1348.358
49,77,3093.750,5156.250,1345.725
50,77,3156.250,5156.250,1377.931
51,77,3218.750,5156.250,1429.608
52,77,3281.250,5156.250,1475.601
53,77,3343.750,5156.250,1497.336
54,77,3406.250,5156.250,1517.333
55,77,3468.750,5156.250,1571.369
56,77,3531.250,5156.250,1655.292
57,77,3593.750,5156.250,1730.800
58,77,3656.250,5156.250,1768.987
59,77,3718.750,5156.250,1790.599
60,77,3781.250,5156.250,1820.448
61,77,3843.750,5156.250,1871.641
62,77,3906.250,5156.250,1914.506
63,77,3968.750,5156.250,1922.396
64,77,4031.250,5156.250,1914.608
65,77,4093.750,5156.250,1923.751
66,77,4156.250,5156.250,1946.506
67,77,4218.750,5156.250,1978.361
68,77,4281.250,5156.250,2028.457
69,77,4343.750,5156.250,2085.643
70,77,4406.250,5156.250,2120.216
71,77,4468.750,5156.250,2128.490
72,77,4531.250,5156.250,2095.795
73,77,4593.750,5156.250,2065.239
74,77,4656.250,5156.250,2039.259
75,77,4718.750,5156.250,2027.420
76,77,4781.250,5156.250,2028.016
77,77,4843.750,5156.250,2033.349
78,77,4906.250,5156.250,2046.880
79,77,4968.750,5156.250,2063.677
80,77,5031.250,5156.250,2067.091
81,77,5093.750,5156.250,2073.286
82,77,5156.250,5156.250,2060.319
83,77,5218.750,5156.250,2009.886
84,77,5281.250,5156.250,1952.551
85,77,5343.750,5156.250,1926.386
86,77,5406.250,5156.250,1924.497
87,77,5468.750,5156.250,1940.880
88,77,5531.250,5156.250,1973.598
89,77,5593.750,5156.250,2007.669
90,77,5656.250,5156.250,2021.317
91,77,5718.750,5156.250,2019.011
92,77,5781.250,5156.250,2019.744
93,77,5843.750,5156.250,2043.861
94,77,5906.250,5156.250,2075.848
95,77,5968.750,5156.250,2092.902
96,77,6031.250,5156.250,2102.928
97,77,6093.750,5156.250,2119.315
98,77,6156.250,5156.250,2121.298
99,77,6218.750,5156.250,2083.097
100,77,6281.250,5156.250,2068.389
101,77,6343.750,5156.250,2079.262
102,77,6406.250,5156.250,2093.939
103,77,6468.750,5156.250,2102.089
104,77,6531.250,5156.250,2098.754
105,77,6593.750,5156.250,2071.111
106,77,6656.250,5156.250,2042.273
107,77,6718.750,5156.250,2012.482
108,77,6781.250,5156.250,2004.674
109,77,6843.750,5156.250,2015.637
110,77,6906.250,5156.250,2009.951
111,77,6968.750,5156.250,1960.048
112,77,7031.250,5156.250,1916.600
113,77,7093.750,5156.250,1920.244
114,77,7156.250,5156.250,1941.200
115,77,7218.750,5156.250,1940.458
116,77,7281.250,5156.250,1919.628
117,77,7343.750,5156.250,1908.689
118,77,7406.250,5156.250,1906.877
119,77,7468.750,5156.250,1901.732
120,77,7531.250,5156.250,1905.362
121,77,7593.750,5156.250,1926.330
122,77,7656.250,5156.250,1929.916
123,77,7718.750,5156.250,1904.147
124,77,7781.250,5156.250,1875.872
125,77,7843.750,5156.250,1851.973
126,77,7906.250,5156.250,1803.189
127,77,7968.750,5156.250,1761.857
128,77,8031.250,5156.250,1754.185
129,77,8093.750,5156.250,1773.938
130,77,8156.250,5156.250,1808.464
131,77,8218.750,5156.250,1845.614
132,77,8281.250,5156.250,1889.830
133,77,8343.750,5156.250,1942.332
134,77,8406.250,5156.250,1996.437
135,77,8468.750,5156.250,2044.384
136,77,8531.250,5156.250,2082.701
137,77,8593.750,5156.250,2126.012
138,77,8656.250,5156.250,2202.970
139,77,8718.750,5156.250,2283.383
140,77,8781.250,5156.250,2305.834
141,77,8843.750,5156.250,2283.133
142,77,8906.250,5156.250,2278.532
143,77,8968.750,5156.250,2331.271
144,77,9031.250,5156.250,2330.770
145,77,9093.750,5156.250,2326.678
146,77,9156.250,5156.250,2337.059
147,77,9218.750,5156.250,2295.508
148,77,9281.250,5156.250,2305.707
149,77,9343.750,5156.250,2337.810
150,77,9406.250,5156.250,2343.133
151,77,9468.750,5156.250,2306.548
152,77,9531.250,5156.250,2272.236
153,77,9593.750,5156.250,2252.267
154,77,9656.250,5156.250,2243.287
155,77,9718.750,5156.250,2244.269
156,77,9781.250,5156.250,2242.040
157,77,9843.750,5156.250,2235.035
158,77,9906.250,5156.250,2241.507
159,77,9968.750,5156.250,2260.695
0,78,31.250,5093.750,2293.913
1,78,93.750,5093.750,2308.030
2,78,156.250,5093.750,2324.300
3,78,218.750,5093.750,2328.370
4,78,281.250,5093.750,2326.532
5,78,343.750,5093.750,2336.594
6,78,406.250,5093.750,2359.426
7,78,468.750,5093.750,2372.981
8,78,531.250,5093.750,2376.040
9,78,593.750,5093.750,2381.285
10,78,656.250,5093.750,2380.356
11,78,718.750,5093.750,2394.995
12,78,781.250,5093.750,2411.879
13,78,843.750,5093.750,2402.834
14,78,906.250,5093.750,2346.367
15,78,968.750,5093.750,2299.518
16,78,1031.250,5093.750,2253.784
17,78,1093.750,5093.750,2186.241
18,78,1156.250,5093.750,2093.789
19,78,1218.750,5093.750,2003.541
20,78,1281.250,5093.750,1951.687
21,78,1343.750,5093.750,1942.922
22,78,1406.250,5093.750,1943.136
23,78,1468.750,5093.750,1918.075
24,78,1531.250,5093.750,1877.222
25,78,1593.750,5093.750,1848.491
26,78,1656.250,5093.750,1833.841
27,78,1718.750,5093.750,1798.137
28,78,1781.250,5093.750,1741.317
29,78,1843.750,5093.750,1678.140
30,78,1906.250,5093.750,1602.265
31,78,1968.750,5093.750,1524.545
32,78,2031.250,5093.750,1471.959
33,78,2093.750,5093.750,1445.100
34,78,2156.250,5093.750,1420.316
35,78,2218.750,5093.750,1386.428
36,78,2281.250,5093.750,1337.510
37,78,2343.750,5093.750,1297.428
38,78,2406.250,5093.750,1295.007
39,78,2468.750,5093.750,1320.490
40,78,2531.250,5093.750,1329.887
41,78,2593.750,5093.750,1318.840
42,78,2656.250,5093.750,1310.642
43,78,2718.750,5093.750,1316.258
44,78,2781.250,5093.750,1322.565
45,78,2843.750,5093.750,1321.264
46,78,2906.250,5093.750,1326.041
47,78,2968.750,5093.750,1338.135
48,78,3031.250,5093.750,1339.660
49,78,3093.750,5093.750,1340.655
50,78,3156.250,5093.750,1372.817
51,78,3218.750,5093.750,1417.395
52,78,3281.250,5093.750,1455.419
53,78,3343.750,5093.750,1475.867
54,78,3406.250,5093.750,1498.947
55,78,3468.750,5093.750,1550.314
56,78,3531.250,5093.750,1621.046
57,78,3593.750,5093.750,1691.043
58,78,3656.250,5093.750,1749.817
59,78,3718.750,5093.750,1798.368
60,78,3781.250,5093.750,1831.066
61,78,3843.750,5093.750,1870.920
62,78,3906.250,5093.750,1900.292
63,78,3968.750,5093.750,1897.806
64,78,4031.250,5093.750,1882.660
65,78,4093.750,5093.750,1887.304
66,78,4156.250,5093.750,1918.313
67,78,4218.750,5093.750,1959.608
68,78,4281.250,5093.750,2005.249
69,78,4343.750,5093.750,2053.050
70,78,4406.250,5093.750,2088.856
71,78,4468.750,5093.750,2117.606
72,78,4531.250,5093.750,2114.226
73,78,4593.750,5093.750,2060.716
74,78,4656.250,5093.750,2010.931
75,78,4718.750,5093.750,2002.234
76,78,4781.250,5093.750,2035.167
77,78,4843.750,5093.750,2064.262
78,78,4906.250,5093.750,2059.858
79,78,4968.750,5093.750,2043.602
80,78,5031.250,5093.750,2043.708
81,78,5093.750,5093.750,2071.776
82,78,5156.250,5093.750,2080.176
83,78,5218.750,5093.750,2035.225
84,78,5281.250,5093.750,1974.975
85,78,5343.750,5093.750,1947.763
86,78,5406.250,5093.750,1957.829
87,78,5468.750,5093.750,1981.278
88,78,5531.250,5093.750,2005.725
89,78,5593.750,5093.750,2027.774
90,78,5656.250,5093.750,2035.569
91,78,5718.750,5093.750,2024.618
92,78,5781.250,5093.750,2018.807
93,78,5843.750,5093.750,2030.659
94,78,5906.250,5093.750,2043.033
95,78,5968.750,5093.750,2053.994
96,78,6031.250,5093.750,2079.450
97,78,6093.750,5093.750,2101.731
98,78,6156.250,5093.750,2106.657
99,78,6218.750,5093.750,2107.622
100,78,6281.250,5093.750,2108.054
101,78,6343.750,5093.750,2096.495
102,78,6406.250,5093.750,2098.783
103,78,6468.750,5093.750,2096.773
104,78,6531.250,5093.750,2109.878
105,78,6593.750,5093.750,2096.149
106,78,6656.250,5093.750,2095.187
107,78,6718.750,5093.750,2086.762
108,78,6781.250,5093.750,2068.189
109,78,6843.750,5093.750,2055.699
110,78,6906.250,5093.750,2052.311
111,78,6968.750,5093.750,2024.781
112,78,7031.250,5093.750,1991.901
113,78,7093.750,5093.750,1995.668
114,78,7156.250,5093.750,2021.621
115,78,7218.750,5093.750,2018.659
116,78,7281.250,5093.750,1980.355
117,78,7343.750,5093.750,1957.960
118,78,7406.250,5093.750,1970.842
119,78,7468.750,5093.750,1989.319
120,78,7531.250,5093.750,1991.108
121,78,7593.750,5093.750,1971.371
122,78,7656.250,5093.750,1942.269
123,78,7718.750,5093.750,1911.740
124,78,7781.250,5093.750,1884.450
125,78,7843.750,5093.750,1863.959
126,78,7906.250,5093.750,1845.250
127,78,7968.750,5093.750,1828.558
128,78,8031.250,5093.750,1814.345
129,78,8093.750,5093.750,1816.917
130,78,8156.250,5093.750,1847.453
131,78,8218.750,5093.750,1884.108
132,78,8281.250,5093.750,1923.206
133,78,8343.750,5093.750,1967.439
134,78,8406.250,5093.750,2016.815
135,78,8468.750,5093.750,2062.367
136,78,8531.250,5093.750,2096.941
137,78,8593.750,5093.750,2140.554
138,78,8656.250,5093.750,2224.076
139,78,8718.750,5093.750,2309.123
140,78,8781.250,5093.750,2330.509
141,78,8843.750,5093.750,2307.895
142,78,8906.250,5093.750,2299.381
143,78,8968.750,5093.750,2326.747
144,78,9031.250,5093.750,2353.081
145,78,9093.750,5093.750,2349.377
146,78,9156.250,5093.750,2309.129
147,78,9218.750,5093.750,2272.458
148,78,9281.250,5093.750,2282.347
149,78,9343.750,5093.750,2320.276
150,78,9406.250,5093.750,2348.220
151,78,9468.750,5093.750,2342.277
152,78,9531.250,5093.750,2313.688
153,78,9593.750,5093.750,2288.705
154,78,9656.250,5093.750,2274.871
155,78,9718.750,5093.750,2271.598
156,78,9781.250,5093.750,2254.239
157,78,9843.750,5093.750,2231.466
158,78,9906.250,5093.750,2230.859
159,78,9968.750,5093.750,2249.086
0,79,31.250,5031.250,2296.942
1,79,93.750,5031.250,2321.793
2,79,156.250,5031.250,2344.211
3,79,218.750,5031.250,2334.831
4,79,281.250,5031.250,2312.561
5,79,343.750,5031.250,2317.456
6,79,406.250,5031.250,2341.046
7,79,468.750,5031.250,2358.565
8,79,531.250,5031.250,2369.161
9,79,593.750,5031.250,2381.681
10,79,656.250,5031.250,2386.444
11,79,718.750,5031.250,2384.669
12,79,781.250,5031.250,2383.245
13,79,843.750,5031.250,2413.480
14,79,906.250,5031.250,2344.298
15,79,968.750,5031.250,2296.802
16,79,1031.250,5031.250,2246.367
17,79,1093.750,5031.250,2173.540
18,79,1156.250,5031.250,2082.166
19,79,1218.750,5031.250,1997.350
20,79,1281.250,5031.250,1948.674
21,79,1343.750,5031.250,1945.487
22,79,1406.250,5031.250,1949.600
23,79,1468.750,5031.250,1925.092
24,79,1531.250,5031.250,1884.713
25,79,1593.750,5031.250,1854.009
26,79,1656.250,5031.250,1820.438
27,79,1718.750,5031.250,1770.583
28,79,1781.250,5031.250,1723.667
29,79,1843.750,5031.250,1678.876
30,79,1906.250,5031.250,1603.834
31,79,1968.750,5031.250,1505.938
32,79,2031.250,5031.250,1440.493
33,79,2093.750,5031.250,1433.712
34,79,2156.250,5031.250,1438.316
35,79,2218.750,5031.250,1405.174
36,79,2281.250,5031.250,1344.621
37,79,2343.750,5031.250,1296.802
38,79,2406.250,5031.250,1288.881
39,79,2468.750,5031.250,1306.243
40,79,2531.250,5031.250,1316.234
41,79,2593.750,5031.250,1322.181
42,79,2656.250,5031.250,1325.156
43,79,2718.750,5031.250,1316.711
44,79,2781.250,5031.250,1302.667
45,79,2843.750,5031.250,1300.385
46,79,2906.250,5031.250,1310.551
47,79,2968.750,5031.250,1324.697
48,79,3031.250,5031.250,1324.678
49,79,3093.750,5031.250,1324.399
50,79,3156.250,5031.250,1356.795
51,79,3218.750,5031.250,1401.070
52,79,3281.250,5031.250,1439.635
53,79,3343.750,5031.250,1463.651
54,79,3406.250,5031.250,1491.053
55,79,3468.750,5031.250,1541.747
56,79,3531.250,5031.250,1601.364
57,79,3593.750,5031.250,1665.228
58,79,3656.250,5031.250,1739.221
59,79,3718.750,5031.250,1808.659
60,79,3781.250,5031.250,1843.127
61,79,3843.750,5031.250,1874.575
62,79,3906.250,5031.250,1893.327
63,79,3968.750,5031.250,1882.908
64,79,4031.250,5031.250,1862.941
65,79,4093.750,5031.250,1867.614
66,79,4156.250,5031.250,1910.045
67,79,4218.750,5031.250,1961.239
68,79,4281.250,5031.250,1999.349
69,79,4343.750,5031.250,2030.944
70,79,4406.250,5031.250,2060.157
71,79,4468.750,5031.250,2086.060
72,79,4531.250,5031.250,2117.175
73,79,4593.750,5031.250,2061.142
74,79,4656.250,5031.250,1992.515
75,79,4718.750,5031.250,1985.683
76,79,4781.250,5031.250,2046.664
77,79,4843.750,5031.250,2096.788
78,79,4906.250,5031.250,2076.418
79,79,4968.750,5031.250,2029.843
80,79,5031.250,5031.250,2025.077
81,79,5093.750,5031.250,2068.362
82,79,5156.250,5031.250,2059.339
83,79,5218.750,5031.250,2048.803
84,79,5281.250,5031.250,1985.484
85,79,5343.750,5031.250,1958.419
86,79,5406.250,5031.250,1978.978
87,79,5468.750,5031.250,2007.534
88,79,5531.250,5031.250,2023.847
89,79,5593.750,5031.250,2035.842
90,79,5656.250,5031.250,2040.124
91,79,5718.750,5031.250,2023.475
92,79,5781.250,5031.250,2013.072
93,79,5843.750,5031.250,2014.318
94,79,5906.250,5031.250,2010.608
95,79,5968.750,5031.250,2018.255
96,79,6031.250,5031.250,2060.172
97,79,6093.750,5031.250,2090.162
98,79,6156.250,5031.250,2072.503
99,79,6218.750,5031.250,2044.204
100,79,6281.250,5031.250,2052.792
101,79,6343.750,5031.250,2076.758
102,79,6406.250,5031.250,2077.778
103,79,6468.750,5031.250,2063.548
104,79,6531.250,5031.250,2074.898
105,79,6593.750,5031.250,2108.452
106,79,6656.250,5031.250,2107.244
107,79,6718.750,5031.250,2107.302
108,79,6781.250,5031.250,2117.050
109,79,6843.750,5031.250,2082.206
110,79,6906.250,5031.250,2079.544
111,79,6968.750,5031.250,2072.058
112,79,7031.250,5031.250,2051.583
113,79,7093.750,5031.250,2059.119
114,79,7156.250,5031.250,2091.343
115,79,7218.750,5031.250,2087.029
116,79,7281.250,5031.250,2034.174
117,79,7343.750,5031.250,2002.800
118,79,7406.250,5031.250,2029.795
119,79,7468.750,5031.250,2069.962
120,79,7531.250,5031.250,2071.183
121,79,7593.750,5031.250,2018.492
122,79,7656.250,5031.250,1962.583
123,79,7718.750,5031.250,1928.104
124,79,7781.250,5031.250,1901.610
125,79,7843.750,5031.250,1884.320
126,79,7906.250,5031.250,1889.727
127,79,7968.750,5031.250,1891.107
128,79,8031.250,5031.250,1868.177
129,79,8093.750,5031.250,1853.277
130,79,8156.250,5031.250,1878.215
131,79,8218.750,5031.250,1913.615
132,79,8281.250,5031.250,1949.645
133,79,8343.750,5031.250,1992.911
134,79,8406.250,5031.250,2045.416
135,79,8468.750,5031.250,2092.048
136,79,8531.250,5031.250,2120.854
137,79,8593.750,5031.250,2160.243
138,79,8656.250,5031.250,2245.436
139,79,8718.750,5031.250,2333.134
140,79,8781.250,5031.250,2328.523
141,79,8843.750,5031.250,2332.550
142,79,8906.250,5031.250,2322.207
143,79,8968.750,5031.250,2328.333
144,79,9031.250,5031.250,2324.882
145,79,9093.750,5031.250,2315.112
146,79,9156.250,5031.250,2287.614
147,79,9218.750,5031.250,2258.586
148,79,9281.250,5031.250,2271.889
149,79,9343.750,5031.250,2317.298
150,79,9406.250,5031.250,2343.534
151,79,9468.750,5031.250,2359.944
152,79,9531.250,5031.250,2337.464
153,79,9593.750,5031.250,2308.360
154,79,9656.250,5031.250,2290.320
155,79,9718.750,5031.250,2284.396
156,79,9781.250,5031.250,2256.959
157,79,9843.750,5031.250,2223.978
158,79,9906.250,5031.250,2219.518
159,79,9968.750,5031.250,2237.945
0,80,31.250,4968.750,2296.571
1,80,93.750,4968.750,2321.973
2,80,156.250,4968.750,2345.870
3,80,218.750,4968.750,2338.912
4,80,281.250,4968.750,2316.585
5,80,343.750,4968.750,2317.526
6,80,406.250,4968.750,2337.030
7,80,468.750,4968.750,2354.441
8,80,531.250,4968.750,2372.158
9,80,593.750,4968.750,2393.985
10,80,656.250,4968.750,2403.393
11,80,718.750,4968.750,2384.708
12,80,781.250,4968.750,2372.200
13,80,843.750,4968.750,2410.084
14,80,906.250,4968.750,2337.361
15,80,968.750,4968.750,2296.057
16,80,1031.250,4968.750,2254.672
17,80,1093.750,4968.750,2189.139
18,80,1156.250,4968.750,2101.743
19,80,1218.750,4968.750,2021.650
20,80,1281.250,4968.750,1975.704
21,80,1343.750,4968.750,1973.176
22,80,1406.250,4968.750,1976.120
23,80,1468.750,4968.750,1951.019
24,80,1531.250,4968.750,1911.422
25,80,1593.750,4968.750,1880.903
26,80,1656.250,4968.750,1842.752
27,80,1718.750,4968.750,1788.752
28,80,1781.250,4968.750,1740.698
29,80,1843.750,4968.750,1697.375
30,80,1906.250,4968.750,1625.470
31,80,1968.750,4968.750,1528.865
32,80,2031.250,4968.750,1460.950
33,80,2093.750,4968.750,1449.439
34,80,2156.250,4968.750,1449.497
35,80,2218.750,4968.750,1410.720
36,80,2281.250,4968.750,1348.826
37,80,2343.750,4968.750,1301.867
38,80,2406.250,4968.750,1294.254
39,80,2468.750,4968.750,1309.012
40,80,2531.250,4968.750,1316.328
41,80,2593.750,4968.750,1322.202
42,80,2656.250,4968.750,1325.180
43,80,2718.750,4968.750,1313.964
44,80,2781.250,4968.750,1298.902
45,80,2843.750,4968.750,1301.507
46,80,2906.250,4968.750,1317.567
47,80,2968.750,4968.750,1330.192
48,80,3031.250,4968.750,1321.627
49,80,3093.750,4968.750,1313.690
50,80,3156.250,4968.750,1346.454
51,80,3218.750,4968.750,1397.655
52,80,3281.250,4968.750,1443.754
53,80,3343.750,4968.750,1473.195
54,80,3406.250,4968.750,1504.526
55,80,3468.750,4968.750,1557.171
56,80,3531.250,4968.750,1614.073
57,80,3593.750,4968.750,1674.859
58,80,3656.250,4968.750,1748.966
59,80,3718.750,4968.750,1818.923
60,80,3781.250,4968.750,1852.581
61,80,3843.750,4968.750,1879.932
62,80,3906.250,4968.750,1893.035
63,80,3968.750,4968.750,1880.605
64,80,4031.250,4968.750,1861.786
65,80,4093.750,4968.750,1867.802
66,80,4156.250,4968.750,1912.224
67,80,4218.750,4968.750,1964.356
68,80,4281.250,4968.750,1998.698
69,80,4343.750,4968.750,2022.131
70,80,4406.250,4968.750,2043.737
71,80,4468.750,4968.750,2065.641
72,80,4531.250,4968.750,2094.370
73,80,4593.750,4968.750,2062.277
74,80,4656.250,4968.750,1990.856
75,80,4718.750,4968.750,1983.907
76,80,4781.250,4968.750,2050.191
77,80,4843.750,4968.750,2101.594
78,80,4906.250,4968.750,2089.276
79,80,4968.750,4968.750,2039.316
80,80,5031.250,4968.750,2028.901
81,80,5093.750,4968.750,2064.099
82,80,5156.250,4968.750,2029.182
83,80,5218.750,4968.750,2043.110
84,80,5281.250,4968.750,1980.940
85,80,5343.750,4968.750,1953.146
86,80,5406.250,4968.750,1973.591
87,80,5468.750,4968.750,2001.979
88,80,5531.250,4968.750,2016.218
89,80,5593.750,4968.750,2025.511
90,80,5656.250,4968.750,2030.954
91,80,5718.750,4968.750,2016.569
92,80,5781.250,4968.750,2006.442
93,80,5843.750,4968.750,2002.926
94,80,5906.250,4968.750,1992.491
95,80,5968.750,4968.750,1996.100
96,80,6031.250,4968.750,2038.006
97,80,6093.750,4968.750,2067.950
98,80,6156.250,4968.750,2045.999
99,80,6218.750,4968.750,2012.049
100,80,6281.250,4968.750,2019.556
101,80,6343.750,4968.750,2051.360
102,80,6406.250,4968.750,2059.884
103,80,6468.750,4968.750,2047.212
104,80,6531.250,4968.750,2054.449
105,80,6593.750,4968.750,2080.195
106,80,6656.250,4968.750,2069.635
107,80,6718.750,4968.750,2065.848
108,80,6781.250,4968.750,2116.298
109,80,6843.750,4968.750,2111.186
110,80,6906.250,4968.750,2109.167
111,80,6968.750,4968.750,2106.837
112,80,7031.250,4968.750,2091.474
113,80,7093.750,4968.750,2099.240
114,80,7156.250,4968.750,2129.411
115,80,7218.750,4968.750,2125.502
116,80,7281.250,4968.750,2075.907
117,80,7343.750,4968.750,2047.972
118,80,7406.250,4968.750,2078.600
119,80,7468.750,4968.750,2123.662
120,80,7531.250,4968.750,2128.825
121,80,7593.750,4968.750,2075.897
122,80,7656.250,4968.750,2016.970
123,80,7718.750,4968.750,1977.949
124,80,7781.250,4968.750,1946.751
125,80,7843.750,4968.750,1928.612
126,80,7906.250,4968.750,1936.125
127,80,7968.750,4968.750,1937.703
128,80,8031.250,4968.750,1911.054
129,80,8093.750,4968.750,1890.796
130,80,8156.250,4968.750,1910.215
131,80,8218.750,4968.750,1940.116
132,80,8281.250,4968.750,1972.593
133,80,8343.750,4968.750,2018.931
134,80,8406.250,4968.750,2077.637
135,80,8468.750,4968.750,2127.185
136,80,8531.250,4968.750,2154.524
137,80,8593.750,4968.750,2190.913
138,80,8656.250,4968.750,2270.642
139,80,8718.750,4968.750,2317.192
140,80,8781.250,4968.750,2307.163
141,80,8843.750,4968.750,2336.487
142,80,8906.250,4968.750,2336.193
143,80,8968.750,4968.750,2337.452
144,80,9031.250,4968.750,2326.331
145,80,9093.750,4968.750,2313.018
146,80,9156.250,4968.750,2288.009
147,80,9218.750,4968.750,2263.210
148,80,9281.250,4968.750,2278.183
149,80,9343.750,4968.750,2323.521
150,80,9406.250,4968.750,2348.436
151,80,9468.750,4968.750,2366.460
152,80,9531.250,4968.750,2343.094
153,80,9593.750,4968.750,2312.235
154,80,9656.250,4968.750,2292.387
155,80,9718.750,4968.750,2284.755
156,80,9781.250,4968.750,2255.699
157,80,9843.750,4968.750,2222.216
158,80,9906.250,4968.750,2216.034
159,80,9968.750,4968.750,2232.389
0,81,31.250,4906.250,2306.849
1,81,93.750,4906.250,2315.302
2,81,156.250,4906.250,2328.380
3,81,218.750,4906.250,2337.538
4,81,281.250,4906.250,2337.996
5,81,343.750,4906.250,2339.258
6,81,406.250,4906.250,2352.306
7,81,468.750,4906.250,2366.091
8,81,531.250,4906.250,2383.466
9,81,593.750,4906.250,2405.732
10,81,656.250,4906.250,2409.538
11,81,718.750,4906.250,2392.215
12,81,781.250,4906.250,2372.091
13,81,843.750,4906.250,2397.093
14,81,906.250,4906.250,2332.877
15,81,968.750,4906.250,2300.527
16,81,1031.250,4906.250,2271.491
17,81,1093.750,4906.250,2218.272
18,81,1156.250,4906.250,2142.483
19,81,1218.750,4906.250,2073.987
20,81,1281.250,4906.250,2030.461
21,81,1343.750,4906.250,2019.758
22,81,1406.250,4906.250,2013.889
23,81,1468.750,4906.250,1991.493
24,81,1531.250,4906.250,1960.037
25,81,1593.750,4906.250,1929.962
26,81,1656.250,4906.250,1889.512
27,81,1718.750,4906.250,1834.951
28,81,1781.250,4906.250,1775.206
29,81,1843.750,4906.250,1714.246
30,81,1906.250,4906.250,1644.363
31,81,1968.750,4906.250,1563.459
32,81,2031.250,4906.250,1498.446
33,81,2093.750,4906.250,1474.054
34,81,2156.250,4906.250,1463.749
35,81,2218.750,4906.250,1421.031
36,81,2281.250,4906.250,1365.124
37,81,2343.750,4906.250,1327.100
38,81,2406.250,4906.250,1324.503
39,81,2468.750,4906.250,1338.068
40,81,2531.250,4906.250,1341.868
41,81,2593.750,4906.250,1344.298
42,81,2656.250,4906.250,1345.683
43,81,2718.750,4906.250,1329.271
44,81,2781.250,4906.250,1308.661
45,81,2843.750,4906.250,1317.355
46,81,2906.250,4906.250,1348.560
47,81,2968.750,4906.250,1363.767
48,81,3031.250,4906.250,1338.135
49,81,3093.750,4906.250,1312.281
50,81,3156.250,4906.250,1345.372
51,81,3218.750,4906.250,1413.709
52,81,3281.250,4906.250,1475.456
53,81,3343.750,4906.250,1518.781
54,81,3406.250,4906.250,1564.733
55,81,3468.750,4906.250,1618.995
56,81,3531.250,4906.250,1661.890
57,81,3593.750,4906.250,1710.343
58,81,3656.250,4906.250,1770.889
59,81,3718.750,4906.250,1823.495
60,81,3781.250,4906.250,1852.393
61,81,3843.750,4906.250,1872.003
62,81,3906.250,4906.250,1880.101
63,81,3968.750,4906.250,1882.995
64,81,4031.250,4906.250,1887.347
65,81,4093.750,4906.250,1895.864
66,81,4156.250,4906.250,1927.809
67,81,4218.750,4906.250,1969.537
68,81,4281.250,4906.250,2003.298
69,81,4343.750,4906.250,2026.825
70,81,4406.250,4906.250,2042.655
71,81,4468.750,4906.250,2059.108
72,81,4531.250,4906.250,2081.860
73,81,4593.750,4906.250,2068.202
74,81,4656.250,4906.250,2010.421
75,81,4718.750,4906.250,2001.579
76,81,4781.250,4906.250,2050.174
77,81,4843.750,4906.250,2096.106
78,81,4906.250,4906.250,2088.241
79,81,4968.750,4906.250,2069.067
80,81,5031.250,4906.250,2053.270
81,81,5093.750,4906.250,2035.637
82,81,5156.250,4906.250,2015.660
83,81,5218.750,4906.250,2024.746
84,81,5281.250,4906.250,1981.680
85,81,5343.750,4906.250,1955.406
86,81,5406.250,4906.250,1968.290
87,81,5468.750,4906.250,1992.665
88,81,5531.250,4906.250,2003.856
89,81,5593.750,4906.250,2007.641
90,81,5656.250,4906.250,2015.205
91,81,5718.750,4906.250,2007.897
92,81,5781.250,4906.250,2000.036
93,81,5843.750,4906.250,1991.014
94,81,5906.250,4906.250,1975.152
95,81,5968.750,4906.250,1975.460
96,81,6031.250,4906.250,2009.848
97,81,6093.750,4906.250,2034.003
98,81,6156.250,4906.250,2010.596
99,81,6218.750,4906.250,1975.919
100,81,6281.250,4906.250,1984.163
101,81,6343.750,4906.250,2029.103
102,81,6406.250,4906.250,2051.655
103,81,6468.750,4906.250,2044.133
104,81,6531.250,4906.250,2047.697
105,81,6593.750,4906.250,2064.656
106,81,6656.250,4906.250,2045.750
107,81,6718.750,4906.250,2040.798
108,81,6781.250,4906.250,2087.138
109,81,6843.750,4906.250,2139.104
110,81,6906.250,4906.250,2139.078
111,81,6968.750,4906.250,2145.191
112,81,7031.250,4906.250,2139.390
113,81,7093.750,4906.250,2134.666
114,81,7156.250,4906.250,2139.811
115,81,7218.750,4906.250,2136.789
116,81,7281.250,4906.250,2117.912
117,81,7343.750,4906.250,2111.839
118,81,7406.250,4906.250,2134.236
119,81,7468.750,4906.250,2165.055
120,81,7531.250,4906.250,2175.159
121,81,7593.750,4906.250,2145.572
122,81,7656.250,4906.250,2101.339
123,81,7718.750,4906.250,2051.714
124,81,7781.250,4906.250,2003.022
125,81,7843.750,4906.250,1982.731
126,81,7906.250,4906.250,1993.239
127,81,7968.750,4906.250,1995.629
128,81,8031.250,4906.250,1967.455
129,81,8093.750,4906.250,1944.713
130,81,8156.250,4906.250,1958.361
131,81,8218.750,4906.250,1978.005
132,81,8281.250,4906.250,2002.482
133,81,8343.750,4906.250,2052.240
134,81,8406.250,4906.250,2119.136
135,81,8468.750,4906.250,2172.100
136,81,8531.250,4906.250,2206.598
137,81,8593.750,4906.250,2244.762
138,81,8656.250,4906.250,2305.157
139,81,8718.750,4906.250,2301.769
140,81,8781.250,4906.250,2297.194
141,81,8843.750,4906.250,2325.097
142,81,8906.250,4906.250,2342.037
143,81,8968.750,4906.250,2346.118
144,81,9031.250,4906.250,2336.659
145,81,9093.750,4906.250,2324.245
146,81,9156.250,4906.250,2305.387
147,81,9218.750,4906.250,2286.611
148,81,9281.250,4906.250,2290.998
149,81,9343.750,4906.250,2317.318
150,81,9406.250,4906.250,2339.584
151,81,9468.750,4906.250,2376.712
152,81,9531.250,4906.250,2348.658
153,81,9593.750,4906.250,2318.897
154,81,9656.250,4906.250,2302.671
155,81,9718.750,4906.250,2294.019
156,81,9781.250,4906.250,2267.220
157,81,9843.750,4906.250,2238.090
158,81,9906.250,4906.250,2220.385
159,81,9968.750,4906.250,2216.772
0,82,31.250,4843.750,2326.687
1,82,93.750,4843.750,2313.570
2,82,156.250,4843.750,2311.260
3,82,218.750,4843.750,2336.408
4,82,281.250,4843.750,2363.532
5,82,343.750,4843.750,2368.921
6,82,406.250,4843.750,2377.430
7,82,468.750,4843.750,2380.464
8,82,531.250,4843.750,2392.812
9,82,593.750,4843.750,2403.635
10,82,656.250,4843.750,2407.080
11,82,718.750,4843.750,2392.893
12,82,781.250,4843.750,2370.534
13,82,843.750,4843.750,2384.314
14,82,906.250,4843.750,2335.993
15,82,968.750,4843.750,2310.628
16,82,1031.250,4843.750,2290.725
17,82,1093.750,4843.750,2249.171
18,82,1156.250,4843.750,2188.708
19,82,1218.750,4843.750,2134.544
20,82,1281.250,4843.750,2093.017
21,82,1343.750,4843.750,2071.085
22,82,1406.250,4843.750,2053.800
23,82,1468.750,4843.750,2033.840
24,82,1531.250,4843.750,2010.767
25,82,1593.750,4843.750,1979.793
26,82,1656.250,4843.750,1938.122
27,82,1718.750,4843.750,1885.850
28,82,1781.250,4843.750,1814.996
29,82,1843.750,4843.750,1733.408
30,82,1906.250,4843.750,1662.722
31,82,1968.750,4843.750,1594.749
32,82,2031.250,4843.750,1529.421
33,82,2093.750,4843.750,1492.034
34,82,2156.250,4843.750,1475.198
35,82,2218.750,4843.750,1433.710
36,82,2281.250,4843.750,1387.885
37,82,2343.750,4843.750,1362.700
38,82,2406.250,4843.750,1368.209
39,82,2468.750,4843.750,1382.778
40,82,2531.250,4843.750,1384.226
41,82,2593.750,4843.750,1384.800
42,82,2656.250,4843.750,1386.213
43,82,2718.750,4843.750,1363.902
44,82,2781.250,4843.750,1334.141
45,82,2843.750,4843.750,1346.134
46,82,2906.250,4843.750,1391.562
47,82,2968.750,4843.750,1411.145
48,82,3031.250,4843.750,1370.738
49,82,3093.750,4843.750,1328.535
50,82,3156.250,4843.750,1362.000
51,82,3218.750,4843.750,1446.660
52,82,3281.250,4843.750,1522.667
53,82,3343.750,4843.750,1580.781
54,82,3406.250,4843.750,1643.668
55,82,3468.750,4843.750,1697.477
56,82,3531.250,4843.750,1721.020
57,82,3593.750,4843.750,1753.035
58,82,3656.250,4843.750,1796.160
59,82,3718.750,4843.750,1827.634
60,82,3781.250,4843.750,1851.275
61,82,3843.750,4843.750,1864.655
62,82,3906.250,4843.750,1872.106
63,82,3968.750,4843.750,1897.697
64,82,4031.250,4843.750,1931.222
65,82,4093.750,4843.750,1940.431
66,82,4156.250,4843.750,1953.342
67,82,4218.750,4843.750,1979.076
68,82,4281.250,4843.750,2011.789
69,82,4343.750,4843.750,2038.888
70,82,4406.250,4843.750,2052.534
71,82,4468.750,4843.750,2063.443
72,82,4531.250,4843.750,2078.583
73,82,4593.750,4843.750,2078.778
74,82,4656.250,4843.750,2039.823
75,82,4718.750,4843.750,2028.455
76,82,4781.250,4843.750,2052.202
77,82,4843.750,4843.750,2085.425
78,82,4906.250,4843.750,2066.095
79,82,4968.750,4843.750,2040.566
80,82,5031.250,4843.750,2021.090
81,82,5093.750,4843.750,2010.087
82,82,5156.250,4843.750,2009.462
83,82,5218.750,4843.750,2004.862
84,82,5281.250,4843.750,1981.951
85,82,5343.750,4843.750,1958.292
86,82,5406.250,4843.750,1963.222
87,82,5468.750,4843.750,1983.535
88,82,5531.250,4843.750,1991.761
89,82,5593.750,4843.750,1989.837
90,82,5656.250,4843.750,1998.708
91,82,5718.750,4843.750,1996.824
92,82,5781.250,4843.750,1989.382
93,82,5843.750,4843.750,1974.266
94,82,5906.250,4843.750,1954.629
95,82,5968.750,4843.750,1954.585
96,82,6031.250,4843.750,1981.684
97,82,6093.750,4843.750,1998.680
98,82,6156.250,4843.750,1972.630
99,82,6218.750,4843.750,1936.436
100,82,6281.250,4843.750,1945.321
101,82,6343.750,4843.750,2003.568
102,82,6406.250,4843.750,2040.466
103,82,6468.750,4843.750,2039.308
104,82,6531.250,4843.750,2042.347
105,82,6593.750,4843.750,2053.359
106,82,6656.250,4843.750,2029.450
107,82,6718.750,4843.750,2025.394
108,82,6781.250,4843.750,2068.372
109,82,6843.750,4843.750,2115.193
110,82,6906.250,4843.750,2131.284
111,82,6968.750,4843.750,2120.537
112,82,7031.250,4843.750,2107.452
113,82,7093.750,4843.750,2115.508
114,82,7156.250,4843.750,2134.945
115,82,7218.750,4843.750,2137.154
116,82,7281.250,4843.750,2141.702
117,82,7343.750,4843.750,2142.906
118,82,7406.250,4843.750,2157.328
119,82,7468.750,4843.750,2179.810
120,82,7531.250,4843.750,2197.843
121,82,7593.750,4843.750,2209.869
122,82,7656.250,4843.750,2185.632
123,82,7718.750,4843.750,2128.225
124,82,7781.250,4843.750,2063.191
125,82,7843.750,4843.750,2042.461
126,82,7906.250,4843.750,2059.911
127,82,7968.750,4843.750,2067.156
128,82,8031.250,4843.750,2039.672
129,82,8093.750,4843.750,2015.754
130,82,8156.250,4843.750,2025.277
131,82,8218.750,4843.750,2034.581
132,82,8281.250,4843.750,2048.690
133,82,8343.750,4843.750,2096.190
134,82,8406.250,4843.750,2164.628
135,82,8468.750,4843.750,2216.377
136,82,8531.250,4843.750,2258.120
137,82,8593.750,4843.750,2298.336
138,82,8656.250,4843.750,2302.450
139,82,8718.750,4843.750,2290.312
140,82,8781.250,4843.750,2292.166
141,82,8843.750,4843.750,2317.512
142,82,8906.250,4843.750,2329.642
143,82,8968.750,4843.750,2327.204
144,82,9031.250,4843.750,2329.296
145,82,9093.750,4843.750,2334.812
146,82,9156.250,4843.750,2338.646
147,82,9218.750,4843.750,2325.339
148,82,9281.250,4843.750,2314.636
149,82,9343.750,4843.750,2316.857
150,82,9406.250,4843.750,2335.955
151,82,9468.750,4843.750,2382.941
152,82,9531.250,4843.750,2346.859
153,82,9593.750,4843.750,2317.192
154,82,9656.250,4843.750,2304.652
155,82,9718.750,4843.750,2294.412
156,82,9781.250,4843.750,2270.604
157,82,9843.750,4843.750,2247.609
158,82,9906.250,4843.750,2218.501
159,82,9968.750,4843.750,2193.595
0,83,31.250,4781.250,2300.947
1,83,93.750,4781.250,2322.253
2,83,156.250,4781.250,2309.633
3,83,218.750,4781.250,2336.901
4,83,281.250,4781.250,2360.432
5,83,343.750,4781.250,2356.990
6,83,406.250,4781.250,2353.256
7,83,468.750,4781.250,2359.613
8,83,531.250,4781.250,2377.837
9,83,593.750,4781.250,2392.509
10,83,656.250,4781.250,2395.003
11,83,718.750,4781.250,2379.819
12,83,781.250,4781.250,2354.780
13,83,843.750,4781.250,2362.115
14,83,906.250,4781.250,2339.273
15,83,968.750,4781.250,2319.590
16,83,1031.250,4781.250,2308.452
17,83,1093.750,4781.250,2278.954
18,83,1156.250,4781.250,2233.268
19,83,1218.750,4781.250,2191.888
20,83,1281.250,4781.250,2153.693
21,83,1343.750,4781.250,2124.802
22,83,1406.250,4781.250,2097.637
23,83,1468.750,4781.250,2072.588
24,83,1531.250,4781.250,2047.142
25,83,1593.750,4781.250,2011.769
26,83,1656.250,4781.250,1968.035
27,83,1718.750,4781.250,1917.318
28,83,1781.250,4781.250,1845.135
29,83,1843.750,4781.250,1759.757
30,83,1906.250,4781.250,1690.273
31,83,1968.750,4781.250,1621.743
32,83,2031.250,4781.250,1545.987
33,83,2093.750,4781.250,1493.068
34,83,2156.250,4781.250,1467.409
35,83,2218.750,4781.250,1428.499
36,83,2281.250,4781.250,1394.893
37,83,2343.750,4781.250,1384.361
38,83,2406.250,4781.250,1401.632
39,83,2468.750,4781.250,1421.945
40,83,2531.250,4781.250,1424.475
41,83,2593.750,4781.250,1427.629
42,83,2656.250,4781.250,1432.477
43,83,2718.750,4781.250,1409.584
44,83,2781.250,4781.250,1375.947
45,83,2843.750,4781.250,1387.059
46,83,2906.250,4781.250,1433.320
47,83,2968.750,4781.250,1452.380
48,83,3031.250,4781.250,1407.248
49,83,3093.750,4781.250,1360.507
50,83,3156.250,4781.250,1394.293
51,83,3218.750,4781.250,1483.864
52,83,3281.250,4781.250,1564.688
53,83,3343.750,4781.250,1630.144
54,83,3406.250,4781.250,1701.141
55,83,3468.750,4781.250,1752.317
56,83,3531.250,4781.250,1763.468
57,83,3593.750,4781.250,1783.991
58,83,3656.250,4781.250,1817.330
59,83,3718.750,4781.250,1840.166
60,83,3781.250,4781.250,1863.437
61,83,3843.750,4781.250,1878.665
62,83,3906.250,4781.250,1892.811
63,83,3968.750,4781.250,1933.476
64,83,4031.250,4781.250,1981.044
65,83,4093.750,4781.250,1988.940
66,83,4156.250,4781.250,1990.077
67,83,4218.750,4781.250,2004.026
68,83,4281.250,4781.250,2030.839
69,83,4343.750,4781.250,2054.919
70,83,4406.250,4781.250,2065.292
71,83,4468.750,4781.250,2069.706
72,83,4531.250,4781.250,2077.601
73,83,4593.750,4781.250,2086.981
74,83,4656.250,4781.250,2060.430
75,83,4718.750,4781.250,2047.537
76,83,4781.250,4781.250,2058.519
77,83,4843.750,4781.250,2075.677
78,83,4906.250,4781.250,2040.921
79,83,4968.750,4781.250,2004.084
80,83,5031.250,4781.250,1982.561
81,83,5093.750,4781.250,1981.965
82,83,5156.250,4781.250,1991.283
83,83,5218.750,4781.250,1984.916
84,83,5281.250,4781.250,1971.602
85,83,5343.750,4781.250,1952.245
86,83,5406.250,4781.250,1954.183
87,83,5468.750,4781.250,1969.909
88,83,5531.250,4781.250,1974.059
89,83,5593.750,4781.250,1970.316
90,83,5656.250,4781.250,1982.429
91,83,5718.750,4781.250,1984.130
92,83,5781.250,4781.250,1976.139
93,83,5843.750,4781.250,1956.199
94,83,5906.250,4781.250,1934.894
95,83,5968.750,4781.250,1936.873
96,83,6031.250,4781.250,1961.133
97,83,6093.750,4781.250,1973.390
98,83,6156.250,4781.250,1943.438
99,83,6218.750,4781.250,1903.976
100,83,6281.250,4781.250,1911.646
101,83,6343.750,4781.250,1974.719
102,83,6406.250,4781.250,2018.627
103,83,6468.750,4781.250,2023.632
104,83,6531.250,4781.250,2030.212
105,83,6593.750,4781.250,2038.657
106,83,6656.250,4781.250,2015.544
107,83,6718.750,4781.250,2015.213
108,83,6781.250,4781.250,2057.342
109,83,6843.750,4781.250,2098.016
110,83,6906.250,4781.250,2106.486
111,83,6968.750,4781.250,2083.525
112,83,7031.250,4781.250,2058.889
113,83,7093.750,4781.250,2066.206
114,83,7156.250,4781.250,2092.458
115,83,7218.750,4781.250,2102.632
116,83,7281.250,4781.250,2091.219
117,83,7343.750,4781.250,2087.949
118,83,7406.250,4781.250,2111.785
119,83,7468.750,4781.250,2145.771
120,83,7531.250,4781.250,2165.130
121,83,7593.750,4781.250,2171.974
122,83,7656.250,4781.250,2190.682
123,83,7718.750,4781.250,2188.259
124,83,7781.250,4781.250,2122.245
125,83,7843.750,4781.250,2104.927
126,83,7906.250,4781.250,2131.068
127,83,7968.750,4781.250,2146.998
128,83,8031.250,4781.250,2124.388
129,83,8093.750,4781.250,2100.723
130,83,8156.250,4781.250,2106.566
131,83,8218.750,4781.250,2107.094
132,83,8281.250,4781.250,2110.988
133,83,8343.750,4781.250,2148.957
134,83,8406.250,4781.250,2208.843
135,83,8468.750,4781.250,2253.305
136,83,8531.250,4781.250,2279.990
137,83,8593.750,4781.250,2275.617
138,83,8656.250,4781.250,2277.257
139,83,8718.750,4781.250,2279.020
140,83,8781.250,4781.250,2285.270
141,83,8843.750,4781.250,2308.757
142,83,8906.250,4781.250,2315.152
143,83,8968.750,4781.250,2304.198
144,83,9031.250,4781.250,2298.854
145,83,9093.750,4781.250,2301.523
146,83,9156.250,4781.250,2318.869
147,83,9218.750,4781.250,2357.064
148,83,9281.250,4781.250,2348.238
149,83,9343.750,4781.250,2339.611
150,83,9406.250,4781.250,2356.468
151,83,9468.750,4781.250,2377.193
152,83,9531.250,4781.250,2319.511
153,83,9593.750,4781.250,2284.577
154,83,9656.250,4781.250,2270.457
155,83,9718.750,4781.250,2258.945
156,83,9781.250,4781.250,2238.498
157,83,9843.750,4781.250,2221.634
158,83,9906.250,4781.250,2193.670
159,83,9968.750,4781.250,2166.180
0,84,31.250,4718.750,2220.804
1,84,93.750,4718.750,2271.305
2,84,156.250,4718.750,2316.418
3,84,218.750,4718.750,2327.275
4,84,281.250,4718.750,2317.883
5,84,343.750,4718.750,2323.506
6,84,406.250,4718.750,2329.411
7,84,468.750,4718.750,2343.235
8,84,531.250,4718.750,2362.304
9,84,593.750,4718.750,2372.954
10,84,656.250,4718.750,2372.452
11,84,718.750,4718.750,2353.544
12,84,781.250,4718.750,2324.354
13,84,843.750,4718.750,2325.698
14,84,906.250,4718.750,2350.412
15,84,968.750,4718.750,2336.016
16,84,1031.250,4718.750,2329.886
17,84,1093.750,4718.750,2309.822
18,84,1156.250,4718.750,2280.797
19,84,1218.750,4718.750,2255.428
20,84,1281.250,4718.750,2219.648
21,84,1343.750,4718.750,2174.470
22,84,1406.250,4718.750,2130.636
23,84,1468.750,4718.750,2100.894
24,84,1531.250,4718.750,2074.195
25,84,1593.750,4718.750,2032.014
26,84,1656.250,4718.750,1978.096
27,84,1718.750,4718.750,1922.851
28,84,1781.250,4718.750,1864.884
29,84,1843.750,4718.750,1802.198
30,84,1906.250,4718.750,1738.490
31,84,1968.750,4718.750,1661.085
32,84,2031.250,4718.750,1570.073
33,84,2093.750,4718.750,1494.342
34,84,2156.250,4718.750,1447.423
35,84,2218.750,4718.750,1409.730
36,84,2281.250,4718.750,1390.269
37,84,2343.750,4718.750,1395.649
38,84,2406.250,4718.750,1423.181
39,84,2468.750,4718.750,1446.855
40,84,2531.250,4718.750,1451.177
41,84,2593.750,4718.750,1457.604
42,84,2656.250,4718.750,1466.496
43,84,2718.750,4718.750,1457.236
44,84,2781.250,4718.750,1440.547
45,84,2843.750,4718.750,1449.616
46,84,2906.250,4718.750,1474.932
47,84,2968.750,4718.750,1480.859
48,84,3031.250,4718.750,1443.367
49,84,3093.750,4718.750,1409.576
50,84,3156.250,4718.750,1443.598
51,84,3218.750,4718.750,1520.937
52,84,3281.250,4718.750,1594.496
53,84,3343.750,4718.750,1658.231
54,84,3406.250,4718.750,1724.744
55,84,3468.750,4718.750,1774.546
56,84,3531.250,4718.750,1795.575
57,84,3593.750,4718.750,1819.520
58,84,3656.250,4718.750,1850.916
59,84,3718.750,4718.750,1876.895
60,84,3781.250,4718.750,1902.340
61,84,3843.750,4718.750,1918.914
62,84,3906.250,4718.750,1939.627
63,84,3968.750,4718.750,1984.891
64,84,4031.250,4718.750,2030.078
65,84,4093.750,4718.750,2033.654
66,84,4156.250,4718.750,2022.901
67,84,4218.750,4718.750,2025.261
68,84,4281.250,4718.750,2044.237
69,84,4343.750,4718.750,2061.672
70,84,4406.250,4718.750,2068.440
71,84,4468.750,4718.750,2068.900
72,84,4531.250,4718.750,2072.174
73,84,4593.750,4718.750,2078.399
74,84,4656.250,4718.750,2080.491
75,84,4718.750,4718.750,2066.204
76,84,4781.250,4718.750,2068.564
77,84,4843.750,4718.750,2058.007
78,84,4906.250,4718.750,2021.356
79,84,4968.750,4718.750,1985.328
80,84,5031.250,4718.750,1960.325
81,84,5093.750,4718.750,1950.667
82,84,5156.250,4718.750,1957.550
83,84,5218.750,4718.750,1969.158
84,84,5281.250,4718.750,1939.844
85,84,5343.750,4718.750,1923.672
86,84,5406.250,4718.750,1934.711
87,84,5468.750,4718.750,1951.857
88,84,5531.250,4718.750,1955.447
89,84,5593.750,4718.750,1957.831
90,84,5656.250,4718.750,1973.684
91,84,5718.750,4718.750,1970.754
92,84,5781.250,4718.750,1957.683
93,84,5843.750,4718.750,1941.105
94,84,5906.250,4718.750,1929.675
95,84,5968.750,4718.750,1936.189
96,84,6031.250,4718.750,1957.313
97,84,6093.750,4718.750,1964.849
98,84,6156.250,4718.750,1929.548
99,84,6218.750,4718.750,1884.094
100,84,6281.250,4718.750,1886.672
101,84,6343.750,4718.750,1936.684
102,84,6406.250,4718.750,1974.577
103,84,6468.750,4718.750,1988.824
104,84,6531.250,4718.750,2006.243
105,84,6593.750,4718.750,2017.602
106,84,6656.250,4718.750,2015.820
107,84,6718.750,4718.750,2031.614
108,84,6781.250,4718.750,2063.599
109,84,6843.750,4718.750,2084.965
110,84,6906.250,4718.750,2086.045
111,84,6968.750,4718.750,2065.509
112,84,7031.250,4718.750,2040.619
113,84,7093.750,4718.750,2034.366
114,84,7156.250,4718.750,2044.658
115,84,7218.750,4718.750,2054.826
116,84,7281.250,4718.750,2049.941
117,84,7343.750,4718.750,2052.165
118,84,7406.250,4718.750,2079.231
119,84,7468.750,4718.750,2115.242
120,84,7531.250,4718.750,2134.699
121,84,7593.750,4718.750,2135.750
122,84,7656.250,4718.750,2145.825
123,84,7718.750,4718.750,2192.767
124,84,7781.250,4718.750,2190.375
125,84,7843.750,4718.750,2176.308
126,84,7906.250,4718.750,2192.206
127,84,7968.750,4718.750,2205.659
128,84,8031.250,4718.750,2204.320
129,84,8093.750,4718.750,2204.036
130,84,8156.250,4718.750,2209.863
131,84,8218.750,4718.750,2198.434
132,84,8281.250,4718.750,2189.955
133,84,8343.750,4718.750,2207.032
134,84,8406.250,4718.750,2240.905
135,84,8468.750,4718.750,2267.478
136,84,8531.250,4718.750,2265.845
137,84,8593.750,4718.750,2270.142
138,84,8656.250,4718.750,2270.457
139,84,8718.750,4718.750,2264.449
140,84,8781.250,4718.750,2271.758
141,84,8843.750,4718.750,2296.529
142,84,8906.250,4718.750,2298.967
143,84,8968.750,4718.750,2270.276
144,84,9031.250,4718.750,2242.629
145,84,9093.750,4718.750,2239.992
146,84,9156.250,4718.750,2268.764
147,84,9218.750,4718.750,2316.817
148,84,9281.250,4718.750,2370.411
149,84,9343.750,4718.750,2376.173
150,84,9406.250,4718.750,2390.900
151,84,9468.750,4718.750,2342.000
152,84,9531.250,4718.750,2276.577
153,84,9593.750,4718.750,2233.237
154,84,9656.250,4718.750,2213.296
155,84,9718.750,4718.750,2200.106
156,84,9781.250,4718.750,2179.175
157,84,9843.750,4718.750,2165.192
158,84,9906.250,4718.750,2153.923
159,84,9968.750,4718.750,2148.007
0,85,31.250,4656.250,2140.772
1,85,93.750,4656.250,2202.957
2,85,156.250,4656.250,2261.874
3,85,218.750,4656.250,2277.755
4,85,281.250,4656.250,2278.148
5,85,343.750,4656.250,2291.202
6,85,406.250,4656.250,2304.999
7,85,468.750,4656.250,2325.499
8,85,531.250,4656.250,2343.788
9,85,593.750,4656.250,2348.412
10,85,656.250,4656.250,2345.480
11,85,718.750,4656.250,2323.239
12,85,781.250,4656.250,2289.659
13,85,843.750,4656.250,2283.809
14,85,906.250,4656.250,2306.186
15,85,968.750,4656.250,2315.079
16,85,1031.250,4656.250,2321.593
17,85,1093.750,4656.250,2335.639
18,85,1156.250,4656.250,2329.141
19,85,1218.750,4656.250,2320.651
20,85,1281.250,4656.250,2285.066
21,85,1343.750,4656.250,2215.871
22,85,1406.250,4656.250,2150.637
23,85,1468.750,4656.250,2119.081
24,85,1531.250,4656.250,2095.260
25,85,1593.750,4656.250,2045.078
26,85,1656.250,4656.250,1975.355
27,85,1718.750,4656.250,1911.168
28,85,1781.250,4656.250,1872.258
29,85,1843.750,4656.250,1840.949
30,85,1906.250,4656.250,1784.315
31,85,1968.750,4656.250,1699.049
32,85,2031.250,4656.250,1596.770
33,85,2093.750,4656.250,1499.064
34,85,2156.250,4656.250,1427.914
35,85,2218.750,4656.250,1391.815
36,85,2281.250,4656.250,1386.570
37,85,2343.750,4656.250,1407.283
38,85,2406.250,4656.250,1442.182
39,85,2468.750,4656.250,1465.782
40,85,2531.250,4656.250,1470.847
41,85,2593.750,4656.250,1478.576
42,85,2656.250,4656.250,1489.941
43,85,2718.750,4656.250,1501.184
44,85,2781.250,4656.250,1512.964
45,85,2843.750,4656.250,1521.593
46,85,2906.250,4656.250,1518.398
47,85,2968.750,4656.250,1505.327
48,85,3031.250,4656.250,1478.779
49,85,3093.750,4656.250,1463.657
50,85,3156.250,4656.250,1497.694
51,85,3218.750,4656.250,1556.832
52,85,3281.250,4656.250,1619.552
53,85,3343.750,4656.250,1678.475
54,85,3406.250,4656.250,1735.600
55,85,3468.750,4656.250,1786.254
56,85,3531.250,4656.250,1829.599
57,85,3593.750,4656.250,1865.422
58,85,3656.250,4656.250,1897.017
59,85,3718.750,4656.250,1928.203
60,85,3781.250,4656.250,1954.705
61,85,3843.750,4656.250,1968.274
62,85,3906.250,4656.250,1991.169
63,85,3968.750,4656.250,2035.853
64,85,4031.250,4656.250,2073.303
65,85,4093.750,4656.250,2071.405
66,85,4156.250,4656.250,2046.481
67,85,4218.750,4656.250,2036.709
68,85,4281.250,4656.250,2049.813
69,85,4343.750,4656.250,2062.505
70,85,4406.250,4656.250,2067.266
71,85,4468.750,4656.250,2067.032
72,85,4531.250,4656.250,2068.025
73,85,4593.750,4656.250,2069.545
74,85,4656.250,4656.250,2073.068
75,85,4718.750,4656.250,2080.922
76,85,4781.250,4656.250,2075.573
77,85,4843.750,4656.250,2052.214
78,85,4906.250,4656.250,2016.072
79,85,4968.750,4656.250,1983.073
80,85,5031.250,4656.250,1954.757
81,85,5093.750,4656.250,1930.381
82,85,5156.250,4656.250,1930.216
83,85,5218.750,4656.250,1958.247
84,85,5281.250,4656.250,1900.330
85,85,5343.750,4656.250,1885.133
86,85,5406.250,4656.250,1911.680
87,85,5468.750,4656.250,1936.141
88,85,5531.250,4656.250,1943.529
89,85,5593.750,4656.250,1955.663
90,85,5656.250,4656.250,1973.345
91,85,5718.750,4656.250,1960.075
92,85,5781.250,4656.250,1939.405
93,85,5843.750,4656.250,1932.271
94,85,5906.250,4656.250,1938.336
95,85,5968.750,4656.250,1950.717
96,85,6031.250,4656.250,1967.665
97,85,6093.750,4656.250,1970.442
98,85,6156.250,4656.250,1930.137
99,85,6218.750,4656.250,1878.151
100,85,6281.250,4656.250,1873.997
101,85,6343.750,4656.250,1902.822
102,85,6406.250,4656.250,1928.636
103,85,6468.750,4656.250,1952.561
104,85,6531.250,4656.250,1981.918
105,85,6593.750,4656.250,1997.169
106,85,6656.250,4656.250,2025.528
107,85,6718.750,4656.250,2062.222
108,85,6781.250,4656.250,2076.914
109,85,6843.750,4656.250,2070.228
110,85,6906.250,4656.250,2065.539
111,85,6968.750,4656.250,2056.408
112,85,7031.250,4656.250,2037.416
113,85,7093.750,4656.250,2014.713
114,85,7156.250,4656.250,2003.592
115,85,7218.750,4656.250,2013.220
116,85,7281.250,4656.250,2016.940
117,85,7343.750,4656.250,2025.518
118,85,7406.250,4656.250,2054.837
119,85,7468.750,4656.250,2092.052
120,85,7531.250,4656.250,2110.867
121,85,7593.750,4656.250,2105.553
122,85,7656.250,4656.250,2107.091
123,85,7718.750,4656.250,2138.655
124,85,7781.250,4656.250,2173.383
125,85,7843.750,4656.250,2181.952
126,85,7906.250,4656.250,2189.989
127,85,7968.750,4656.250,2193.648
128,85,8031.250,4656.250,2174.259
129,85,8093.750,4656.250,2142.715
130,85,8156.250,4656.250,2134.812
131,85,8218.750,4656.250,2163.610
132,85,8281.250,4656.250,2199.230
133,85,8343.750,4656.250,2227.643
134,85,8406.250,4656.250,2250.477
135,85,8468.750,4656.250,2257.922
136,85,8531.250,4656.250,2266.161
137,85,8593.750,4656.250,2279.624
138,85,8656.250,4656.250,2273.572
139,85,8718.750,4656.250,2251.854
140,85,8781.250,4656.250,2258.447
141,85,8843.750,4656.250,2285.805
142,85,8906.250,4656.250,2285.490
143,85,8968.750,4656.250,2234.452
144,85,9031.250,4656.250,2176.672
145,85,9093.750,4656.250,2167.463
146,85,9156.250,4656.250,2211.604
147,85,9218.750,4656.250,2270.832
148,85,9281.250,4656.250,2328.617
149,85,9343.750,4656.250,2371.865
150,85,9406.250,4656.250,2362.020
151,85,9468.750,4656.250,2304.105
152,85,9531.250,4656.250,2234.191
153,85,9593.750,4656.250,2184.471
154,85,9656.250,4656.250,2159.118
155,85,9718.750,4656.250,2144.115
156,85,9781.250,4656.250,2119.609
157,85,9843.750,4656.250,2105.562
158,85,9906.250,4656.250,2114.566
159,85,9968.750,4656.250,2136.668
0,86,31.250,4593.750,2082.260
1,86,93.750,4593.750,2152.387
2,86,156.250,4593.750,2218.685
3,86,218.750,4593.750,2239.714
4,86,281.250,4593.750,2245.324
5,86,343.750,4593.750,2261.775
6,86,406.250,4593.750,2279.586
7,86,468.750,4593.750,2304.661
8,86,531.250,4593.750,2323.051
9,86,593.750,4593.750,2324.424
10,86,656.250,4593.750,2320.612
11,86,718.750,4593.750,2296.273
12,86,781.250,4593.750,2258.562
13,86,843.750,4593.750,2246.082
14,86,906.250,4593.750,2260.505
15,86,968.750,4593.750,2263.771
16,86,1031.250,4593.750,2267.346
17,86,1093.750,4593.750,2276.742
18,86,1156.250,4593.750,2278.467
19,86,1218.750,4593.750,2286.616
20,86,1281.250,4593.750,2334.826
21,86,1343.750,4593.750,2249.739
22,86,1406.250,4593.750,2168.445
23,86,1468.750,4593.750,2131.865
24,86,1531.250,4593.750,2105.358
25,86,1593.750,4593.750,2045.979
26,86,1656.250,4593.750,1964.053
27,86,1718.750,4593.750,1892.943
28,86,1781.250,4593.750,1864.388
29,86,1843.750,4593.750,1849.585
30,86,1906.250,4593.750,1794.254
31,86,1968.750,4593.750,1703.667
32,86,2031.250,4593.750,1598.564
33,86,2093.750,4593.750,1495.195
34,86,2156.250,4593.750,1417.440
35,86,2218.750,4593.750,1388.018
36,86,2281.250,4593.750,1393.457
37,86,2343.750,4593.750,1424.439
38,86,2406.250,4593.750,1464.177
39,86,2468.750,4593.750,1488.057
40,86,2531.250,4593.750,1493.182
41,86,2593.750,4593.750,1500.759
42,86,2656.250,4593.750,1513.097
43,86,2718.750,4593.750,1538.004
44,86,2781.250,4593.750,1569.739
45,86,2843.750,4593.750,1580.352
46,86,2906.250,4593.750,1560.883
47,86,2968.750,4593.750,1534.085
48,86,3031.250,4593.750,1510.002
49,86,3093.750,4593.750,1502.730
50,86,3156.250,4593.750,1536.292
51,86,3218.750,4593.750,1586.357
52,86,3281.250,4593.750,1645.250
53,86,3343.750,4593.750,1702.569
54,86,3406.250,4593.750,1754.604
55,86,3468.750,4593.750,1808.408
56,86,3531.250,4593.750,1868.566
57,86,3593.750,4593.750,1912.917
58,86,3656.250,4593.750,1943.523
59,86,3718.750,4593.750,1975.791
60,86,3781.250,4593.750,2000.814
61,86,3843.750,4593.750,2010.647
62,86,3906.250,4593.750,2032.417
63,86,3968.750,4593.750,2074.422
64,86,4031.250,4593.750,2105.687
65,86,4093.750,4593.750,2098.490
66,86,4156.250,4593.750,2062.411
67,86,4218.750,4593.750,2043.833
68,86,4281.250,4593.750,2054.432
69,86,4343.750,4593.750,2067.007
70,86,4406.250,4593.750,2073.335
71,86,4468.750,4593.750,2074.549
72,86,4531.250,4593.750,2074.370
73,86,4593.750,4593.750,2072.466
74,86,4656.250,4593.750,2073.439
75,86,4718.750,4593.750,2082.190
76,86,4781.250,4593.750,2069.222
77,86,4843.750,4593.750,2060.525
78,86,4906.250,4593.750,2025.889
79,86,4968.750,4593.750,1996.668
80,86,5031.250,4593.750,1969.914
81,86,5093.750,4593.750,1939.107
82,86,5156.250,4593.750,1934.482
83,86,5218.750,4593.750,1953.122
84,86,5281.250,4593.750,1874.708
85,86,5343.750,4593.750,1858.539
86,86,5406.250,4593.750,1896.607
87,86,5468.750,4593.750,1929.492
88,86,5531.250,4593.750,1942.637
89,86,5593.750,4593.750,1961.338
90,86,5656.250,4593.750,1977.451
91,86,5718.750,4593.750,1955.107
92,86,5781.250,4593.750,1929.248
93,86,5843.750,4593.750,1930.536
94,86,5906.250,4593.750,1950.113
95,86,5968.750,4593.750,1968.150
96,86,6031.250,4593.750,1984.434
97,86,6093.750,4593.750,1985.416
98,86,6156.250,4593.750,1942.164
99,86,6218.750,4593.750,1885.622
100,86,6281.250,4593.750,1876.842
101,86,6343.750,4593.750,1893.542
102,86,6406.250,4593.750,1912.760
103,86,6468.750,4593.750,1941.318
104,86,6531.250,4593.750,1973.637
105,86,6593.750,4593.750,1986.090
106,86,6656.250,4593.750,2027.775
107,86,6718.750,4593.750,2073.396
108,86,6781.250,4593.750,2076.203
109,86,6843.750,4593.750,2053.140
110,86,6906.250,4593.750,2046.923
111,86,6968.750,4593.750,2045.766
112,86,7031.250,4593.750,2029.709
113,86,7093.750,4593.750,1996.005
114,86,7156.250,4593.750,1972.528
115,86,7218.750,4593.750,1983.606
116,86,7281.250,4593.750,1994.352
117,86,7343.750,4593.750,2007.634
118,86,7406.250,4593.750,2037.680
119,86,7468.750,4593.750,2074.530
120,86,7531.250,4593.750,2091.712
121,86,7593.750,4593.750,2081.490
122,86,7656.250,4593.750,2076.457
123,86,7718.750,4593.750,2096.507
124,86,7781.250,4593.750,2117.523
125,86,7843.750,4593.750,2123.118
126,86,7906.250,4593.750,2145.980
127,86,7968.750,4593.750,2157.988
128,86,8031.250,4593.750,2120.243
129,86,8093.750,4593.750,2064.649
130,86,8156.250,4593.750,2055.659
131,86,8218.750,4593.750,2094.418
132,86,8281.250,4593.750,2139.982
133,86,8343.750,4593.750,2185.810
134,86,8406.250,4593.750,2231.458
135,86,8468.750,4593.750,2250.286
136,86,8531.250,4593.750,2267.028
137,86,8593.750,4593.750,2286.882
138,86,8656.250,4593.750,2276.798
139,86,8718.750,4593.750,2245.473
140,86,8781.250,4593.750,2251.359
141,86,8843.750,4593.750,2279.426
142,86,8906.250,4593.750,2276.234
143,86,8968.750,4593.750,2210.581
144,86,9031.250,4593.750,2134.616
145,86,9093.750,4593.750,2121.494
146,86,9156.250,4593.750,2173.176
147,86,9218.750,4593.750,2235.317
148,86,9281.250,4593.750,2291.614
149,86,9343.750,4593.750,2336.004
150,86,9406.250,4593.750,2326.321
151,86,9468.750,4593.750,2268.931
152,86,9531.250,4593.750,2199.503
153,86,9593.750,4593.750,2148.291
154,86,9656.250,4593.750,2120.055
155,86,9718.750,4593.750,2103.024
156,86,9781.250,4593.750,2074.747
157,86,9843.750,4593.750,2059.581
158,86,9906.250,4593.750,2080.460
159,86,9968.750,4593.750,2119.296
0,87,31.250,4531.250,2056.429
1,87,93.750,4531.250,2120.812
2,87,156.250,4531.250,2183.941
3,87,218.750,4531.250,2211.565
4,87,281.250,4531.250,2226.265
5,87,343.750,4531.250,2243.687
6,87,406.250,4531.250,2257.559
7,87,468.750,4531.250,2280.764
8,87,531.250,4531.250,2302.871
9,87,593.750,4531.250,2310.065
10,87,656.250,4531.250,2306.489
11,87,718.750,4531.250,2279.011
12,87,781.250,4531.250,2238.082
13,87,843.750,4531.250,2218.661
14,87,906.250,4531.250,2221.863
15,87,968.750,4531.250,2218.559
16,87,1031.250,4531.250,2217.868
17,87,1093.750,4531.250,2223.183
18,87,1156.250,4531.250,2226.632
19,87,1218.750,4531.250,2242.210
20,87,1281.250,4531.250,2293.093
21,87,1343.750,4531.250,2274.753
22,87,1406.250,4531.250,2189.602
23,87,1468.750,4531.250,2137.265
24,87,1531.250,4531.250,2092.061
25,87,1593.750,4531.250,2022.618
26,87,1656.250,4531.250,1942.942
27,87,1718.750,4531.250,1873.737
28,87,1781.250,4531.250,1835.424
29,87,1843.750,4531.250,1804.314
30,87,1906.250,4531.250,1740.782
31,87,1968.750,4531.250,1650.909
32,87,2031.250,4531.250,1555.966
33,87,2093.750,4531.250,1470.464
34,87,2156.250,4531.250,1411.811
35,87,2218.750,4531.250,1397.728
36,87,2281.250,4531.250,1416.709
37,87,2343.750,4531.250,1454.323
38,87,2406.250,4531.250,1491.609
39,87,2468.750,4531.250,1512.677
40,87,2531.250,4531.250,1517.911
41,87,2593.750,4531.250,1527.557
42,87,2656.250,4531.250,1542.019
43,87,2718.750,4531.250,1568.653
44,87,2781.250,4531.250,1602.679
45,87,2843.750,4531.250,1615.604
46,87,2906.250,4531.250,1598.136
47,87,2968.750,4531.250,1568.809
48,87,3031.250,4531.250,1538.807
49,87,3093.750,4531.250,1526.647
50,87,3156.250,4531.250,1558.559
51,87,3218.750,4531.250,1606.699
52,87,3281.250,4531.250,1666.227
53,87,3343.750,4531.250,1729.680
54,87,3406.250,4531.250,1790.129
55,87,3468.750,4531.250,1848.654
56,87,3531.250,4531.250,1905.889
57,87,3593.750,4531.250,1945.947
58,87,3656.250,4531.250,1972.435
59,87,3718.750,4531.250,1998.851
60,87,3781.250,4531.250,2021.175
61,87,3843.750,4531.250,2034.856
62,87,3906.250,4531.250,2059.256
63,87,3968.750,4531.250,2103.144
64,87,4031.250,4531.250,2137.591
65,87,4093.750,4531.250,2125.064
66,87,4156.250,4531.250,2078.013
67,87,4218.750,4531.250,2050.565
68,87,4281.250,4531.250,2061.690
69,87,4343.750,4531.250,2081.210
70,87,4406.250,4531.250,2093.224
71,87,4468.750,4531.250,2093.927
72,87,4531.250,4531.250,2090.986
73,87,4593.750,4531.250,2090.455
74,87,4656.250,4531.250,2075.750
75,87,4718.750,4531.250,2056.961
76,87,4781.250,4531.250,2048.242
77,87,4843.750,4531.250,2053.710
78,87,4906.250,4531.250,2038.564
79,87,4968.750,4531.250,2014.118
80,87,5031.250,4531.250,1997.887
81,87,5093.750,4531.250,1983.512
82,87,5156.250,4531.250,1985.230
83,87,5218.750,4531.250,1946.289
84,87,5281.250,4531.250,1878.287
85,87,5343.750,4531.250,1862.791
86,87,5406.250,4531.250,1897.412
87,87,5468.750,4531.250,1929.451
88,87,5531.250,4531.250,1945.228
89,87,5593.750,4531.250,1964.609
90,87,5656.250,4531.250,1977.251
91,87,5718.750,4531.250,1952.346
92,87,5781.250,4531.250,1928.441
93,87,5843.750,4531.250,1935.281
94,87,5906.250,4531.250,1959.502
95,87,5968.750,4531.250,1980.960
96,87,6031.250,4531.250,1994.648
97,87,6093.750,4531.250,1992.795
98,87,6156.250,4531.250,1955.650
99,87,6218.750,4531.250,1908.013
100,87,6281.250,4531.250,1899.364
101,87,6343.750,4531.250,1915.055
102,87,6406.250,4531.250,1933.902
103,87,6468.750,4531.250,1957.824
104,87,6531.250,4531.250,1979.138
105,87,6593.750,4531.250,1979.729
106,87,6656.250,4531.250,2005.875
107,87,6718.750,4531.250,2040.669
108,87,6781.250,4531.250,2044.824
109,87,6843.750,4531.250,2028.308
110,87,6906.250,4531.250,2025.396
111,87,6968.750,4531.250,2027.219
112,87,7031.250,4531.250,2011.273
113,87,7093.750,4531.250,1973.313
114,87,7156.250,4531.250,1947.273
115,87,7218.750,4531.250,1963.354
116,87,7281.250,4531.250,1986.637
117,87,7343.750,4531.250,2007.123
118,87,7406.250,4531.250,2030.361
119,87,7468.750,4531.250,2056.154
120,87,7531.250,4531.250,2068.466
121,87,7593.750,4531.250,2055.817
122,87,7656.250,4531.250,2046.911
123,87,7718.750,4531.250,2063.217
124,87,7781.250,4531.250,2082.009
125,87,7843.750,4531.250,2083.210
126,87,7906.250,4531.250,2097.460
127,87,7968.750,4531.250,2102.894
128,87,8031.250,4531.250,2068.330
129,87,8093.750,4531.250,2022.497
130,87,8156.250,4531.250,2019.740
131,87,8218.750,4531.250,2061.675
132,87,8281.250,4531.250,2110.830
133,87,8343.750,4531.250,2161.309
134,87,8406.250,4531.250,2211.599
135,87,8468.750,4531.250,2238.521
136,87,8531.250,4531.250,2258.434
137,87,8593.750,4531.250,2276.838
138,87,8656.250,4531.250,2268.406
139,87,8718.750,4531.250,2242.613
140,87,8781.250,4531.250,2249.446
141,87,8843.750,4531.250,2273.689
142,87,8906.250,4531.250,2267.271
143,87,8968.750,4531.250,2203.414
144,87,9031.250,4531.250,2133.415
145,87,9093.750,4531.250,2122.463
146,87,9156.250,4531.250,2172.231
147,87,9218.750,4531.250,2226.382
148,87,9281.250,4531.250,2267.566
149,87,9343.750,4531.250,2297.215
150,87,9406.250,4531.250,2285.379
151,87,9468.750,4531.250,2231.240
152,87,9531.250,4531.250,2165.271
153,87,9593.750,4531.250,2111.698
154,87,9656.250,4531.250,2076.535
155,87,9718.750,4531.250,2058.439
156,87,9781.250,4531.250,2040.622
157,87,9843.750,4531.250,2033.361
158,87,9906.250,4531.250,2049.668
159,87,9968.750,4531.250,2080.777
0,88,31.250,4468.750,2051.320
1,88,93.750,4468.750,2096.809
2,88,156.250,4468.750,2146.799
3,88,218.750,4468.750,2188.279
4,88,281.250,4468.750,2225.154
5,88,343.750,4468.750,2243.384
6,88,406.250,4468.750,2243.074
7,88,468.750,4468.750,2255.417
8,88,531.250,4468.750,2285.831
9,88,593.750,4468.750,2270.827
10,88,656.250,4468.750,2271.057
11,88,718.750,4468.750,2275.187
12,88,781.250,4468.750,2231.611
13,88,843.750,4468.750,2202.359
14,88,906.250,4468.750,2185.647
15,88,968.750,4468.750,2174.615
16,88,1031.250,4468.750,2171.392
17,88,1093.750,4468.750,2173.262
18,88,1156.250,4468.750,2186.299
19,88,1218.750,4468.750,2222.104
20,88,1281.250,4468.750,2275.851
21,88,1343.750,4468.750,2287.552
22,88,1406.250,4468.750,2205.276
23,88,1468.750,4468.750,2128.478
24,88,1531.250,4468.750,2052.487
25,88,1593.750,4468.750,1972.958
26,88,1656.250,4468.750,1907.346
27,88,1718.750,4468.750,1845.993
28,88,1781.250,4468.750,1783.654
29,88,1843.750,4468.750,1717.010
30,88,1906.250,4468.750,1643.576
31,88,1968.750,4468.750,1564.260
32,88,2031.250,4468.750,1491.722
33,88,2093.750,4468.750,1433.627
34,88,2156.250,4468.750,1399.612
35,88,2218.750,4468.750,1404.009
36,88,2281.250,4468.750,1448.253
37,88,2343.750,4468.750,1497.427
38,88,2406.250,4468.750,1524.602
39,88,2468.750,4468.750,1535.078
40,88,2531.250,4468.750,1539.208
41,88,2593.750,4468.750,1552.473
42,88,2656.250,4468.750,1570.003
43,88,2718.750,4468.750,1597.339
44,88,2781.250,4468.750,1632.077
45,88,2843.750,4468.750,1647.158
46,88,2906.250,4468.750,1633.995
47,88,2968.750,4468.750,1604.927
48,88,3031.250,4468.750,1571.628
49,88,3093.750,4468.750,1556.683
50,88,3156.250,4468.750,1585.670
51,88,3218.750,4468.750,1623.687
52,88,3281.250,4468.750,1677.467
53,88,3343.750,4468.750,1752.137
54,88,3406.250,4468.750,1830.776
55,88,3468.750,4468.750,1894.071
56,88,3531.250,4468.750,1936.003
57,88,3593.750,4468.750,1963.393
58,88,3656.250,4468.750,1983.029
59,88,3718.750,4468.750,1999.513
60,88,3781.250,4468.750,2019.924
61,88,3843.750,4468.750,2048.188
62,88,3906.250,4468.750,2083.783
63,88,3968.750,4468.750,2136.526
64,88,4031.250,4468.750,2182.858
65,88,4093.750,4468.750,2166.343
66,88,4156.250,4468.750,2104.421
67,88,4218.750,4468.750,2063.172
68,88,4281.250,4468.750,2074.142
69,88,4343.750,4468.750,2103.214
70,88,4406.250,4468.750,2105.363
71,88,4468.750,4468.750,2098.333
72,88,4531.250,4468.750,2093.417
73,88,4593.750,4468.750,2073.288
74,88,4656.250,4468.750,2044.401
75,88,4718.750,4468.750,2024.700
76,88,4781.250,4468.750,2029.912
77,88,4843.750,4468.750,2035.708
78,88,4906.250,4468.750,2033.804
79,88,4968.750,4468.750,2033.781
80,88,5031.250,4468.750,2027.022
81,88,5093.750,4468.750,1999.629
82,88,5156.250,4468.750,1964.213
83,88,5218.750,4468.750,1927.862
84,88,5281.250,4468.750,1893.581
85,88,5343.750,4468.750,1881.190
86,88,5406.250,4468.750,1900.899
87,88,5468.750,4468.750,1922.753
88,88,5531.250,4468.750,1939.110
89,88,5593.750,4468.750,1958.723
90,88,5656.250,4468.750,1967.851
91,88,5718.750,4468.750,1942.834
92,88,5781.250,4468.750,1926.241
93,88,5843.750,4468.750,1942.382
94,88,5906.250,4468.750,1971.202
95,88,5968.750,4468.750,1993.575
96,88,6031.250,4468.750,1993.204
97,88,6093.750,4468.750,1981.106
98,88,6156.250,4468.750,1962.474
99,88,6218.750,4468.750,1942.969
100,88,6281.250,4468.750,1937.538
101,88,6343.750,4468.750,1948.809
102,88,6406.250,4468.750,1964.505
103,88,6468.750,4468.750,1979.155
104,88,6531.250,4468.750,1983.479
105,88,6593.750,4468.750,1969.970
106,88,6656.250,4468.750,1970.984
107,88,6718.750,4468.750,1988.665
108,88,6781.250,4468.750,2001.532
109,88,6843.750,4468.750,2002.547
110,88,6906.250,4468.750,2006.113
111,88,6968.750,4468.750,2017.394
112,88,7031.250,4468.750,2007.070
113,88,7093.750,4468.750,1962.625
114,88,7156.250,4468.750,1928.551
115,88,7218.750,4468.750,1950.546
116,88,7281.250,4468.750,1998.621
117,88,7343.750,4468.750,2032.572
118,88,7406.250,4468.750,2037.529
119,88,7468.750,4468.750,2037.058
120,88,7531.250,4468.750,2041.366
121,88,7593.750,4468.750,2027.659
122,88,7656.250,4468.750,2016.325
123,88,7718.750,4468.750,2033.993
124,88,7781.250,4468.750,2058.246
125,88,7843.750,4468.750,2056.134
126,88,7906.250,4468.750,2056.089
127,88,7968.750,4468.750,2053.095
128,88,8031.250,4468.750,2035.330
129,88,8093.750,4468.750,2017.235
130,88,8156.250,4468.750,2022.811
131,88,8218.750,4468.750,2059.669
132,88,8281.250,4468.750,2104.903
133,88,8343.750,4468.750,2150.200
134,88,8406.250,4468.750,2193.126
135,88,8468.750,4468.750,2224.892
136,88,8531.250,4468.750,2242.799
137,88,8593.750,4468.750,2254.392
138,88,8656.250,4468.750,2250.737
139,88,8718.750,4468.750,2238.240
140,88,8781.250,4468.750,2246.143
141,88,8843.750,4468.750,2262.554
142,88,8906.250,4468.750,2253.608
143,88,8968.750,4468.750,2201.679
144,88,9031.250,4468.750,2148.440
145,88,9093.750,4468.750,2141.798
146,88,9156.250,4468.750,2189.945
147,88,9218.750,4468.750,2235.262
148,88,9281.250,4468.750,2251.578
149,88,9343.750,4468.750,2252.993
150,88,9406.250,4468.750,2236.908
151,88,9468.750,4468.750,2187.838
152,88,9531.250,4468.750,2126.319
153,88,9593.750,4468.750,2063.633
154,88,9656.250,4468.750,2011.444
155,88,9718.750,4468.750,1994.728
156,88,9781.250,4468.750,2009.421
157,88,9843.750,4468.750,2024.995
158,88,9906.250,4468.750,2026.871
159,88,9968.750,4468.750,2033.776
0,89,31.250,4406.250,2052.056
1,89,93.750,4406.250,2079.125
2,89,156.250,4406.250,2114.857
3,89,218.750,4406.250,2165.897
4,89,281.250,4406.250,2220.733
5,89,343.750,4406.250,2239.053
6,89,406.250,4406.250,2224.079
7,89,468.750,4406.250,2223.604
8,89,531.250,4406.250,2259.566
9,89,593.750,4406.250,2224.591
10,89,656.250,4406.250,2224.418
11,89,718.750,4406.250,2265.745
12,89,781.250,4406.250,2223.783
13,89,843.750,4406.250,2189.699
14,89,906.250,4406.250,2157.912
15,89,968.750,4406.250,2140.433
16,89,1031.250,4406.250,2134.502
17,89,1093.750,4406.250,2132.555
18,89,1156.250,4406.250,2152.876
19,89,1218.750,4406.250,2204.868
20,89,1281.250,4406.250,2260.237
21,89,1343.750,4406.250,2292.449
22,89,1406.250,4406.250,2211.618
23,89,1468.750,4406.250,2112.785
24,89,1531.250,4406.250,2009.342
25,89,1593.750,4406.250,1919.583
26,89,1656.250,4406.250,1861.021
27,89,1718.750,4406.250,1800.027
28,89,1781.250,4406.250,1712.296
29,89,1843.750,4406.250,1615.553
30,89,1906.250,4406.250,1539.758
31,89,1968.750,4406.250,1480.266
32,89,2031.250,4406.250,1436.714
33,89,2093.750,4406.250,1407.215
34,89,2156.250,4406.250,1395.100
35,89,2218.750,4406.250,1413.122
36,89,2281.250,4406.250,1477.842
37,89,2343.750,4406.250,1535.456
38,89,2406.250,4406.250,1552.063
39,89,2468.750,4406.250,1551.529
40,89,2531.250,4406.250,1554.094
41,89,2593.750,4406.250,1570.185
42,89,2656.250,4406.250,1590.171
43,89,2718.750,4406.250,1617.921
44,89,2781.250,4406.250,1652.565
45,89,2843.750,4406.250,1668.868
46,89,2906.250,4406.250,1660.214
47,89,2968.750,4406.250,1635.343
48,89,3031.250,4406.250,1605.179
49,89,3093.750,4406.250,1592.368
50,89,3156.250,4406.250,1618.949
51,89,3218.750,4406.250,1645.431
52,89,3281.250,4406.250,1690.713
53,89,3343.750,4406.250,1772.681
54,89,3406.250,4406.250,1865.494
55,89,3468.750,4406.250,1931.099
56,89,3531.250,4406.250,1957.920
57,89,3593.750,4406.250,1973.616
58,89,3656.250,4406.250,1987.396
59,89,3718.750,4406.250,1995.505
60,89,3781.250,4406.250,2014.500
61,89,3843.750,4406.250,2056.580
62,89,3906.250,4406.250,2104.002
63,89,3968.750,4406.250,2166.789
64,89,4031.250,4406.250,2204.975
65,89,4093.750,4406.250,2176.796
66,89,4156.250,4406.250,2136.167
67,89,4218.750,4406.250,2082.910
68,89,4281.250,4406.250,2090.145
69,89,4343.750,4406.250,2112.507
70,89,4406.250,4406.250,2086.896
71,89,4468.750,4406.250,2089.858
72,89,4531.250,4406.250,2091.485
73,89,4593.750,4406.250,2065.858
74,89,4656.250,4406.250,2026.297
75,89,4718.750,4406.250,2004.946
76,89,4781.250,4406.250,2017.393
77,89,4843.750,4406.250,2016.195
78,89,4906.250,4406.250,1997.031
79,89,4968.750,4406.250,1990.725
80,89,5031.250,4406.250,1983.551
81,89,5093.750,4406.250,1943.138
82,89,5156.250,4406.250,1904.540
83,89,5218.750,4406.250,1896.505
84,89,5281.250,4406.250,1896.924
85,89,5343.750,4406.250,1889.470
86,89,5406.250,4406.250,1894.410
87,89,5468.750,4406.250,1903.514
88,89,5531.250,4406.250,1916.327
89,89,5593.750,4406.250,1933.826
90,89,5656.250,4406.250,1941.168
91,89,5718.750,4406.250,1921.436
92,89,5781.250,4406.250,1918.006
93,89,5843.750,4406.250,1947.869
94,89,5906.250,4406.250,1984.364
95,89,5968.750,4406.250,2008.235
96,89,6031.250,4406.250,1995.792
97,89,6093.750,4406.250,1975.856
98,89,6156.250,4406.250,1975.189
99,89,6218.750,4406.250,1981.582
100,89,6281.250,4406.250,1978.465
101,89,6343.750,4406.250,1982.327
102,89,6406.250,4406.250,1990.777
103,89,6468.750,4406.250,1994.426
104,89,6531.250,4406.250,1984.136
105,89,6593.750,4406.250,1960.516
106,89,6656.250,4406.250,1941.686
107,89,6718.750,4406.250,1944.598
108,89,6781.250,4406.250,1963.143
109,89,6843.750,4406.250,1976.845
110,89,6906.250,4406.250,1984.439
111,89,6968.750,4406.250,2005.745
112,89,7031.250,4406.250,2004.604
113,89,7093.750,4406.250,1958.905
114,89,7156.250,4406.250,1919.932
115,89,7218.750,4406.250,1945.562
116,89,7281.250,4406.250,2011.577
117,89,7343.750,4406.250,2053.455
118,89,7406.250,4406.250,2040.149
119,89,7468.750,4406.250,2015.784
120,89,7531.250,4406.250,2013.248
121,89,7593.750,4406.250,1998.805
122,89,7656.250,4406.250,1986.254
123,89,7718.750,4406.250,2006.831
124,89,7781.250,4406.250,2037.480
125,89,7843.750,4406.250,2033.698
126,89,7906.250,4406.250,2024.217
127,89,7968.750,4406.250,2017.718
128,89,8031.250,4406.250,2017.671
129,89,8093.750,4406.250,2024.591
130,89,8156.250,4406.250,2035.805
131,89,8218.750,4406.250,2065.004
132,89,8281.250,4406.250,2103.842
133,89,8343.750,4406.250,2141.097
134,89,8406.250,4406.250,2174.627
135,89,8468.750,4406.250,2209.516
136,89,8531.250,4406.250,2225.262
137,89,8593.750,4406.250,2231.547
138,89,8656.250,4406.250,2232.490
139,89,8718.750,4406.250,2230.616
140,89,8781.250,4406.250,2238.711
141,89,8843.750,4406.250,2250.010
142,89,8906.250,4406.250,2242.353
143,89,8968.750,4406.250,2204.124
144,89,9031.250,4406.250,2164.910
145,89,9093.750,4406.250,2158.486
146,89,9156.250,4406.250,2202.480
147,89,9218.750,4406.250,2240.123
148,89,9281.250,4406.250,2236.366
149,89,9343.750,4406.250,2214.768
150,89,9406.250,4406.250,2195.092
151,89,9468.750,4406.250,2149.137
152,89,9531.250,4406.250,2089.828
153,89,9593.750,4406.250,2018.218
154,89,9656.250,4406.250,1951.662
155,89,9718.750,4406.250,1937.701
156,89,9781.250,4406.250,1982.718
157,89,9843.750,4406.250,2019.429
158,89,9906.250,4406.250,2008.845
159,89,9968.750,4406.250,1994.012
0,90,31.250,4343.750,2051.410
1,90,93.750,4343.750,2068.529
2,90,156.250,4343.750,2093.987
3,90,218.750,4343.750,2139.936
4,90,281.250,4343.750,2193.643
5,90,343.750,4343.750,2212.691
6,90,406.250,4343.750,2196.254
7,90,468.750,4343.750,2190.097
8,90,531.250,4343.750,2221.303
9,90,593.750,4343.750,2206.579
10,90,656.250,4343.750,2209.769
11,90,718.750,4343.750,2237.604
12,90,781.250,4343.750,2203.821
13,90,843.750,4343.750,2175.739
14,90,906.250,4343.750,2144.172
15,90,968.750,4343.750,2122.943
16,90,1031.250,4343.750,2111.857
17,90,1093.750,4343.750,2104.464
18,90,1156.250,4343.750,2119.848
19,90,1218.750,4343.750,2167.097
20,90,1281.250,4343.750,2220.509
21,90,1343.750,4343.750,2287.111
22,90,1406.250,4343.750,2204.918
23,90,1468.750,4343.750,2097.489
24,90,1531.250,4343.750,1985.045
25,90,1593.750,4343.750,1885.341
26,90,1656.250,4343.750,1811.459
27,90,1718.750,4343.750,1733.159
28,90,1781.250,4343.750,1629.191
29,90,1843.750,4343.750,1524.609
30,90,1906.250,4343.750,1456.942
31,90,1968.750,4343.750,1422.618
32,90,2031.250,4343.750,1409.393
33,90,2093.750,4343.750,1406.807
34,90,2156.250,4343.750,1413.120
35,90,2218.750,4343.750,1436.910
36,90,2281.250,4343.750,1499.746
37,90,2343.750,4343.750,1551.522
38,90,2406.250,4343.750,1563.793
39,90,2468.750,4343.750,1561.954
40,90,2531.250,4343.750,1564.986
41,90,2593.750,4343.750,1581.466
42,90,2656.250,4343.750,1602.338
43,90,2718.750,4343.750,1630.140
44,90,2781.250,4343.750,1662.568
45,90,2843.750,4343.750,1677.354
46,90,2906.250,4343.750,1672.310
47,90,2968.750,4343.750,1655.098
48,90,3031.250,4343.750,1632.940
49,90,3093.750,4343.750,1625.244
50,90,3156.250,4343.750,1651.505
51,90,3218.750,4343.750,1675.460
52,90,3281.250,4343.750,1717.999
53,90,3343.750,4343.750,1799.039
54,90,3406.250,4343.750,1892.583
55,90,3468.750,4343.750,1958.661
56,90,3531.250,4343.750,1981.648
57,90,3593.750,4343.750,1993.357
58,90,3656.250,4343.750,2002.904
59,90,3718.750,4343.750,2005.709
60,90,3781.250,4343.750,2019.916
61,90,3843.750,4343.750,2064.022
62,90,3906.250,4343.750,2118.677
63,90,3968.750,4343.750,2189.001
64,90,4031.250,4343.750,2160.644
65,90,4093.750,4343.750,2136.602
66,90,4156.250,4343.750,2158.758
67,90,4218.750,4343.750,2105.416
68,90,4281.250,4343.750,2103.530
69,90,4343.750,4343.750,2114.450
70,90,4406.250,4343.750,2091.848
71,90,4468.750,4343.750,2100.037
72,90,4531.250,4343.750,2105.907
73,90,4593.750,4343.750,2079.878
74,90,4656.250,4343.750,2037.368
75,90,4718.750,4343.750,2011.831
76,90,4781.250,4343.750,2009.525
77,90,4843.750,4343.750,1986.690
78,90,4906.250,4343.750,1948.249
79,90,4968.750,4343.750,1929.392
80,90,5031.250,4343.750,1916.924
81,90,5093.750,4343.750,1876.800
82,90,5156.250,4343.750,1847.185
83,90,5218.750,4343.750,1854.292
84,90,5281.250,4343.750,1868.234
85,90,5343.750,4343.750,1864.360
86,90,5406.250,4343.750,1864.552
87,90,5468.750,4343.750,1867.678
88,90,5531.250,4343.750,1875.851
89,90,5593.750,4343.750,1889.236
90,90,5656.250,4343.750,1896.500
91,90,5718.750,4343.750,1887.859
92,90,5781.250,4343.750,1902.004
93,90,5843.750,4343.750,1948.996
94,90,5906.250,4343.750,1997.430
95,90,5968.750,4343.750,2026.040
96,90,6031.250,4343.750,2014.918
97,90,6093.750,4343.750,1997.113
98,90,6156.250,4343.750,2003.308
99,90,6218.750,4343.750,2016.703
100,90,6281.250,4343.750,2012.526
101,90,6343.750,4343.750,2009.892
102,90,6406.250,4343.750,2010.121
103,90,6468.750,4343.750,2003.963
104,90,6531.250,4343.750,1984.941
105,90,6593.750,4343.750,1958.185
106,90,6656.250,4343.750,1937.436
107,90,6718.750,4343.750,1936.214
108,90,6781.250,4343.750,1950.355
109,90,6843.750,4343.750,1960.923
110,90,6906.250,4343.750,1966.570
111,90,6968.750,4343.750,1990.167
112,90,7031.250,4343.750,1996.722
113,90,7093.750,4343.750,1960.689
114,90,7156.250,4343.750,1928.132
115,90,7218.750,4343.750,1951.974
116,90,7281.250,4343.750,2010.591
117,90,7343.750,4343.750,2043.463
118,90,7406.250,4343.750,2023.770
119,90,7468.750,4343.750,1995.856
120,90,7531.250,4343.750,1992.140
121,90,7593.750,4343.750,1977.989
122,90,7656.250,4343.750,1964.538
123,90,7718.750,4343.750,1981.966
124,90,7781.250,4343.750,2009.519
125,90,7843.750,4343.750,2004.790
126,90,7906.250,4343.750,1996.693
127,90,7968.750,4343.750,1995.081
128,90,8031.250,4343.750,2004.376
129,90,8093.750,4343.750,2019.807
130,90,8156.250,4343.750,2032.278
131,90,8218.750,4343.750,2056.609
132,90,8281.250,4343.750,2090.518
133,90,8343.750,4343.750,2123.332
134,90,8406.250,4343.750,2154.608
135,90,8468.750,4343.750,2191.645
136,90,8531.250,4343.750,2207.397
137,90,8593.750,4343.750,2214.853
138,90,8656.250,4343.750,2219.872
139,90,8718.750,4343.750,2220.234
140,90,8781.250,4343.750,2224.985
141,90,8843.750,4343.750,2235.004
142,90,8906.250,4343.750,2231.642
143,90,8968.750,4343.750,2201.730
144,90,9031.250,4343.750,2167.049
145,90,9093.750,4343.750,2158.406
146,90,9156.250,4343.750,2196.381
147,90,9218.750,4343.750,2227.293
148,90,9281.250,4343.750,2216.150
149,90,9343.750,4343.750,2188.356
150,90,9406.250,4343.750,2168.185
151,90,9468.750,4343.750,2124.967
152,90,9531.250,4343.750,2067.375
153,90,9593.750,4343.750,1995.089
154,90,9656.250,4343.750,1926.676
155,90,9718.750,4343.750,1911.409
156,90,9781.250,4343.750,1958.888
157,90,9843.750,4343.750,1999.322
158,90,9906.250,4343.750,1990.315
159,90,9968.750,4343.750,1975.310
0,91,31.250,4281.250,2053.907
1,91,93.750,4281.250,2051.017
2,91,156.250,4281.250,2059.464
3,91,218.750,4281.250,2092.046
4,91,281.250,4281.250,2132.947
5,91,343.750,4281.250,2156.658
6,91,406.250,4281.250,2165.124
7,91,468.750,4281.250,2170.111
8,91,531.250,4281.250,2191.240
9,91,593.750,4281.250,2194.689
10,91,656.250,4281.250,2203.310
11,91,718.750,4281.250,2206.833
12,91,781.250,4281.250,2181.031
13,91,843.750,4281.250,2160.707
14,91,906.250,4281.250,2132.537
15,91,968.750,4281.250,2108.760
16,91,1031.250,4281.250,2092.796
17,91,1093.750,4281.250,2080.380
18,91,1156.250,4281.250,2079.964
19,91,1218.750,4281.250,2103.995
20,91,1281.250,4281.250,2153.083
21,91,1343.750,4281.250,2236.072
22,91,1406.250,4281.250,2197.983
23,91,1468.750,4281.250,2095.158
24,91,1531.250,4281.250,1992.139
25,91,1593.750,4281.250,1885.028
26,91,1656.250,4281.250,1783.153
27,91,1718.750,4281.250,1678.835
28,91,1781.250,4281.250,1559.585
29,91,1843.750,4281.250,1449.993
30,91,1906.250,4281.250,1393.586
31,91,1968.750,4281.250,1389.018
32,91,2031.250,4281.250,1406.410
33,91,2093.750,4281.250,1425.035
34,91,2156.250,4281.250,1443.463
35,91,2218.750,4281.250,1465.989
36,91,2281.250,4281.250,1502.861
37,91,2343.750,4281.250,1533.582
38,91,2406.250,4281.250,1557.897
39,91,2468.750,4281.250,1579.886
40,91,2531.250,4281.250,1587.027
41,91,2593.750,4281.250,1595.229
42,91,2656.250,4281.250,1611.316
43,91,2718.750,4281.250,1637.469
44,91,2781.250,4281.250,1664.303
45,91,2843.750,4281.250,1676.340
46,91,2906.250,4281.250,1678.073
47,91,2968.750,4281.250,1671.687
48,91,3031.250,4281.250,1656.304
49,91,3093.750,4281.250,1650.922
50,91,3156.250,4281.250,1677.469
51,91,3218.750,4281.250,1705.382
52,91,3281.250,4281.250,1749.859
53,91,3343.750,4281.250,1828.876
54,91,3406.250,4281.250,1920.320
55,91,3468.750,4281.250,1985.066
56,91,3531.250,4281.250,2000.916
57,91,3593.750,4281.250,2006.649
58,91,3656.250,4281.250,2020.460
59,91,3718.750,4281.250,2031.468
60,91,3781.250,4281.250,2039.817
61,91,3843.750,4281.250,2071.106
62,91,3906.250,4281.250,2124.889
63,91,3968.750,4281.250,2194.082
64,91,4031.250,4281.250,2149.916
65,91,4093.750,4281.250,2129.251
66,91,4156.250,4281.250,2136.140
67,91,4218.750,4281.250,2139.061
68,91,4281.250,4281.250,2125.361
69,91,4343.750,4281.250,2118.288
70,91,4406.250,4281.250,2100.542
71,91,4468.750,4281.250,2119.968
72,91,4531.250,4281.250,2093.667
73,91,4593.750,4281.250,2098.384
74,91,4656.250,4281.250,2055.511
75,91,4718.750,4281.250,2022.107
76,91,4781.250,4281.250,1987.867
77,91,4843.750,4281.250,1933.790
78,91,4906.250,4281.250,1887.462
79,91,4968.750,4281.250,1869.476
80,91,5031.250,4281.250,1852.420
81,91,5093.750,4281.250,1817.758
82,91,5156.250,4281.250,1801.062
83,91,5218.750,4281.250,1816.728
84,91,5281.250,4281.250,1835.069
85,91,5343.750,4281.250,1832.829
86,91,5406.250,4281.250,1828.304
87,91,5468.750,4281.250,1826.841
88,91,5531.250,4281.250,1833.361
89,91,5593.750,4281.250,1845.456
90,91,5656.250,4281.250,1854.786
91,91,5718.750,4281.250,1862.673
92,91,5781.250,4281.250,1896.783
93,91,5843.750,4281.250,1956.317
94,91,5906.250,4281.250,2011.142
95,91,5968.750,4281.250,2044.049
96,91,6031.250,4281.250,2038.960
97,91,6093.750,4281.250,2026.700
98,91,6156.250,4281.250,2041.148
99,91,6218.750,4281.250,2063.382
100,91,6281.250,4281.250,2058.713
101,91,6343.750,4281.250,2050.510
102,91,6406.250,4281.250,2042.961
103,91,6468.750,4281.250,2021.060
104,91,6531.250,4281.250,1984.904
105,91,6593.750,4281.250,1957.961
106,91,6656.250,4281.250,1954.664
107,91,6718.750,4281.250,1961.818
108,91,6781.250,4281.250,1964.858
109,91,6843.750,4281.250,1961.458
110,91,6906.250,4281.250,1959.538
111,91,6968.750,4281.250,1969.392
112,91,7031.250,4281.250,1974.108
113,91,7093.750,4281.250,1955.069
114,91,7156.250,4281.250,1938.827
115,91,7218.750,4281.250,1957.829
116,91,7281.250,4281.250,1989.938
117,91,7343.750,4281.250,2001.889
118,91,7406.250,4281.250,1991.440
119,91,7468.750,4281.250,1984.167
120,91,7531.250,4281.250,1986.578
121,91,7593.750,4281.250,1980.740
122,91,7656.250,4281.250,1971.188
123,91,7718.750,4281.250,1976.068
124,91,7781.250,4281.250,1986.084
125,91,7843.750,4281.250,1977.244
126,91,7906.250,4281.250,1966.282
127,91,7968.750,4281.250,1967.010
128,91,8031.250,4281.250,1988.310
129,91,8093.750,4281.250,2015.400
130,91,8156.250,4281.250,2028.132
131,91,8218.750,4281.250,2043.121
132,91,8281.250,4281.250,2069.084
133,91,8343.750,4281.250,2103.610
134,91,8406.250,4281.250,2142.426
135,91,8468.750,4281.250,2179.850
136,91,8531.250,4281.250,2186.927
137,91,8593.750,4281.250,2192.766
138,91,8656.250,4281.250,2209.959
139,91,8718.750,4281.250,2221.192
140,91,8781.250,4281.250,2222.512
141,91,8843.750,4281.250,2228.572
142,91,8906.250,4281.250,2227.257
143,91,8968.750,4281.250,2196.547
144,91,9031.250,4281.250,2153.759
145,91,9093.750,4281.250,2141.918
146,91,9156.250,4281.250,2174.997
147,91,9218.750,4281.250,2200.701
148,91,9281.250,4281.250,2184.832
149,91,9343.750,4281.250,2153.197
150,91,9406.250,4281.250,2135.041
151,91,9468.750,4281.250,2105.622
152,91,9531.250,4281.250,2057.006
153,91,9593.750,4281.250,1990.751
154,91,9656.250,4281.250,1929.981
155,91,9718.750,4281.250,1910.366
156,91,9781.250,4281.250,1941.235
157,91,9843.750,4281.250,1973.403
158,91,9906.250,4281.250,1976.673
159,91,9968.750,4281.250,1978.386
0,92,31.250,4218.750,2051.219
1,92,93.750,4218.750,2027.999
2,92,156.250,4218.750,2020.661
3,92,218.750,4218.750,2041.139
4,92,281.250,4218.750,2068.672
5,92,343.750,4218.750,2097.607
6,92,406.250,4218.750,2136.312
7,92,468.750,4218.750,2157.248
8,92,531.250,4218.750,2168.961
9,92,593.750,4218.750,2182.949
10,92,656.250,4218.750,2195.855
11,92,718.750,4218.750,2178.955
12,92,781.250,4218.750,2158.555
13,92,843.750,4218.750,2144.096
14,92,906.250,4218.750,2118.907
15,92,968.750,4218.750,2093.965
16,92,1031.250,4218.750,2075.082
17,92,1093.750,4218.750,2059.485
18,92,1156.250,4218.750,2043.182
19,92,1218.750,4218.750,2043.208
20,92,1281.250,4218.750,2088.782
21,92,1343.750,4218.750,2189.167
22,92,1406.250,4218.750,2191.188
23,92,1468.750,4218.750,2096.768
24,92,1531.250,4218.750,2008.072
25,92,1593.750,4218.750,1897.117
26,92,1656.250,4218.750,1771.369
27,92,1718.750,4218.750,1646.351
28,92,1781.250,4218.750,1516.178
29,92,1843.750,4218.750,1402.193
30,92,1906.250,4218.750,1354.507
31,92,1968.750,4218.750,1373.904
32,92,2031.250,4218.750,1414.682
33,92,2093.750,4218.750,1447.203
34,92,2156.250,4218.750,1472.550
35,92,2218.750,4218.750,1491.835
36,92,2281.250,4218.750,1499.732
37,92,2343.750,4218.750,1508.746
38,92,2406.250,4218.750,1549.805
39,92,2468.750,4218.750,1601.272
40,92,2531.250,4218.750,1612.849
41,92,2593.750,4218.750,1610.331
42,92,2656.250,4218.750,1619.819
43,92,2718.750,4218.750,1643.960
44,92,2781.250,4218.750,1665.529
45,92,2843.750,4218.750,1675.592
46,92,2906.250,4218.750,1684.187
47,92,2968.750,4218.750,1686.727
48,92,3031.250,4218.750,1674.610
49,92,3093.750,4218.750,1668.611
50,92,3156.250,4218.750,1695.024
51,92,3218.750,4218.750,1727.343
52,92,3281.250,4218.750,1773.949
53,92,3343.750,4218.750,1850.880
54,92,3406.250,4218.750,1940.177
55,92,3468.750,4218.750,2002.793
56,92,3531.250,4218.750,2010.210
57,92,3593.750,4218.750,2009.617
58,92,3656.250,4218.750,2031.605
59,92,3718.750,4218.750,2056.622
60,92,3781.250,4218.750,2061.537
61,92,3843.750,4218.750,2077.303
62,92,3906.250,4218.750,2126.661
63,92,3968.750,4218.750,2190.732
64,92,4031.250,4218.750,2151.954
65,92,4093.750,4218.750,2133.683
66,92,4156.250,4218.750,2118.386
67,92,4218.750,4218.750,2120.201
68,92,4281.250,4218.750,2127.465
69,92,4343.750,4218.750,2116.978
70,92,4406.250,4218.750,2104.250
71,92,4468.750,4218.750,2122.625
72,92,4531.250,4218.750,2081.528
73,92,4593.750,4218.750,2088.481
74,92,4656.250,4218.750,2068.886
75,92,4718.750,4218.750,2028.288
76,92,4781.250,4218.750,1963.719
77,92,4843.750,4218.750,1882.723
78,92,4906.250,4218.750,1836.222
79,92,4968.750,4218.750,1826.668
80,92,5031.250,4218.750,1808.204
81,92,5093.750,4218.750,1780.017
82,92,5156.250,4218.750,1774.105
83,92,5218.750,4218.750,1794.359
84,92,5281.250,4218.750,1813.714
85,92,5343.750,4218.750,1812.007
86,92,5406.250,4218.750,1802.949
87,92,5468.750,4218.750,1797.777
88,92,5531.250,4218.750,1804.427
89,92,5593.750,4218.750,1817.331
90,92,5656.250,4218.750,1829.462
91,92,5718.750,4218.750,1852.241
92,92,5781.250,4218.750,1902.416
93,92,5843.750,4218.750,1968.984
94,92,5906.250,4218.750,2025.519
95,92,5968.750,4218.750,2061.077
96,92,6031.250,4218.750,2061.482
97,92,6093.750,4218.750,2053.824
98,92,6156.250,4218.750,2075.744
99,92,6218.750,4218.750,2078.553
100,92,6281.250,4218.750,2091.316
101,92,6343.750,4218.750,2089.385
102,92,6406.250,4218.750,2075.595
103,92,6468.750,4218.750,2037.917
104,92,6531.250,4218.750,1983.047
105,92,6593.750,4218.750,1955.551
106,92,6656.250,4218.750,1972.142
107,92,6718.750,4218.750,1990.007
108,92,6781.250,4218.750,1981.840
109,92,6843.750,4218.750,1963.661
110,92,6906.250,4218.750,1953.396
111,92,6968.750,4218.750,1945.120
112,92,7031.250,4218.750,1942.997
113,92,7093.750,4218.750,1938.533
114,92,7156.250,4218.750,1938.126
115,92,7218.750,4218.750,1953.263
116,92,7281.250,4218.750,1959.781
117,92,7343.750,4218.750,1952.966
118,92,7406.250,4218.750,1956.641
119,92,7468.750,4218.750,1975.208
120,92,7531.250,4218.750,1985.554
121,92,7593.750,4218.750,1990.151
122,92,7656.250,4218.750,1986.386
123,92,7718.750,4218.750,1978.393
124,92,7781.250,4218.750,1969.514
125,92,7843.750,4218.750,1956.151
126,92,7906.250,4218.750,1939.855
127,92,7968.750,4218.750,1940.213
128,92,8031.250,4218.750,1972.784
129,92,8093.750,4218.750,2012.074
130,92,8156.250,4218.750,2025.123
131,92,8218.750,4218.750,2030.632
132,92,8281.250,4218.750,2048.877
133,92,8343.750,4218.750,2087.676
134,92,8406.250,4218.750,2136.829
135,92,8468.750,4218.750,2174.132
136,92,8531.250,4218.750,2169.799
137,92,8593.750,4218.750,2171.301
138,92,8656.250,4218.750,2200.680
139,92,8718.750,4218.750,2225.051
140,92,8781.250,4218.750,2225.096
141,92,8843.750,4218.750,2227.874
142,92,8906.250,4218.750,2227.707
143,92,8968.750,4218.750,2192.491
144,92,9031.250,4218.750,2137.898
145,92,9093.750,4218.750,2122.919
146,92,9156.250,4218.750,2152.847
147,92,9218.750,4218.750,2175.174
148,92,9281.250,4218.750,2155.567
149,92,9343.750,4218.750,2120.333
150,92,9406.250,4218.750,2104.536
151,92,9468.750,4218.750,2090.730
152,92,9531.250,4218.750,2052.131
153,92,9593.750,4218.750,1992.598
154,92,9656.250,4218.750,1941.088
155,92,9718.750,4218.750,1917.506
156,92,9781.250,4218.750,1929.534
157,92,9843.750,4218.750,1951.152
158,92,9906.250,4218.750,1967.261
159,92,9968.750,4218.750,1987.479
0,93,31.250,4156.250,2032.677
1,93,93.750,4156.250,2003.540
2,93,156.250,4156.250,1992.601
3,93,218.750,4156.250,2010.611
4,93,281.250,4156.250,2033.799
5,93,343.750,4156.250,2063.795
6,93,406.250,4156.250,2112.811
7,93,468.750,4156.250,2139.931
8,93,531.250,4156.250,2148.879
9,93,593.750,4156.250,2167.480
10,93,656.250,4156.250,2178.107
11,93,718.750,4156.250,2157.216
12,93,781.250,4156.250,2138.264
13,93,843.750,4156.250,2125.921
14,93,906.250,4156.250,2102.621
15,93,968.750,4156.250,2078.164
16,93,1031.250,4156.250,2058.997
17,93,1093.750,4156.250,2042.792
18,93,1156.250,4156.250,2021.223
19,93,1218.750,4156.250,2013.976
20,93,1281.250,4156.250,2059.897
21,93,1343.750,4156.250,2166.832
22,93,1406.250,4156.250,2182.777
23,93,1468.750,4156.250,2091.965
24,93,1531.250,4156.250,2009.386
25,93,1593.750,4156.250,1898.671
26,93,1656.250,4156.250,1767.095
27,93,1718.750,4156.250,1637.895
28,93,1781.250,4156.250,1506.679
29,93,1843.750,4156.250,1392.335
30,93,1906.250,4156.250,1347.207
31,93,1968.750,4156.250,1373.769
32,93,2031.250,4156.250,1422.133
33,93,2093.750,4156.250,1459.333
34,93,2156.250,4156.250,1487.220
35,93,2218.750,4156.250,1505.795
36,93,2281.250,4156.250,1503.646
37,93,2343.750,4156.250,1505.381
38,93,2406.250,4156.250,1553.148
39,93,2468.750,4156.250,1615.682
40,93,2531.250,4156.250,1628.319
41,93,2593.750,4156.250,1620.916
42,93,2656.250,4156.250,1627.160
43,93,2718.750,4156.250,1650.652
44,93,2781.250,4156.250,1671.954
45,93,2843.750,4156.250,1683.320
46,93,2906.250,4156.250,1694.999
47,93,2968.750,4156.250,1699.493
48,93,3031.250,4156.250,1686.770
49,93,3093.750,4156.250,1679.101
50,93,3156.250,4156.250,1704.380
51,93,3218.750,4156.250,1735.972
52,93,3281.250,4156.250,1780.634
53,93,3343.750,4156.250,1854.764
54,93,3406.250,4156.250,1941.655
55,93,3468.750,4156.250,2001.611
56,93,3531.250,4156.250,2004.847
57,93,3593.750,4156.250,2001.897
58,93,3656.250,4156.250,2028.958
59,93,3718.750,4156.250,2062.364
60,93,3781.250,4156.250,2069.062
61,93,3843.750,4156.250,2080.446
62,93,3906.250,4156.250,2128.382
63,93,3968.750,4156.250,2173.833
64,93,4031.250,4156.250,2141.937
65,93,4093.750,4156.250,2125.783
66,93,4156.250,4156.250,2102.906
67,93,4218.750,4156.250,2101.692
68,93,4281.250,4156.250,2114.649
69,93,4343.750,4156.250,2109.402
70,93,4406.250,4156.250,2099.072
71,93,4468.750,4156.250,2127.134
72,93,4531.250,4156.250,2083.572
73,93,4593.750,4156.250,2092.468
74,93,4656.250,4156.250,2071.093
75,93,4718.750,4156.250,2028.489
76,93,4781.250,4156.250,1953.417
77,93,4843.750,4156.250,1863.419
78,93,4906.250,4156.250,1817.906
79,93,4968.750,4156.250,1813.458
80,93,5031.250,4156.250,1797.412
81,93,5093.750,4156.250,1773.947
82,93,5156.250,4156.250,1772.247
83,93,5218.750,4156.250,1794.038
84,93,5281.250,4156.250,1813.957
85,93,5343.750,4156.250,1812.902
86,93,5406.250,4156.250,1802.403
87,93,5468.750,4156.250,1795.301
88,93,5531.250,4156.250,1801.330
89,93,5593.750,4156.250,1814.849
90,93,5656.250,4156.250,1828.806
91,93,5718.750,4156.250,1857.441
92,93,5781.250,4156.250,1913.325
93,93,5843.750,4156.250,1981.959
94,93,5906.250,4156.250,2038.896
95,93,5968.750,4156.250,2075.575
96,93,6031.250,4156.250,2078.127
97,93,6093.750,4156.250,2070.946
98,93,6156.250,4156.250,2093.072
99,93,6218.750,4156.250,2082.324
100,93,6281.250,4156.250,2096.245
101,93,6343.750,4156.250,2103.492
102,93,6406.250,4156.250,2086.365
103,93,6468.750,4156.250,2041.737
104,93,6531.250,4156.250,1978.531
105,93,6593.750,4156.250,1949.101
106,93,6656.250,4156.250,1971.082
107,93,6718.750,4156.250,1991.091
108,93,6781.250,4156.250,1977.440
109,93,6843.750,4156.250,1952.694
110,93,6906.250,4156.250,1938.059
111,93,6968.750,4156.250,1921.033
112,93,7031.250,4156.250,1913.412
113,93,7093.750,4156.250,1911.994
114,93,7156.250,4156.250,1916.847
115,93,7218.750,4156.250,1932.355
116,93,7281.250,4156.250,1932.475
117,93,7343.750,4156.250,1921.848
118,93,7406.250,4156.250,1932.921
119,93,7468.750,4156.250,1962.705
120,93,7531.250,4156.250,1977.068
121,93,7593.750,4156.250,1986.328
122,93,7656.250,4156.250,1985.504
123,93,7718.750,4156.250,1973.567
124,93,7781.250,4156.250,1958.368
125,93,7843.750,4156.250,1943.781
126,93,7906.250,4156.250,1925.919
127,93,7968.750,4156.250,1926.392
128,93,8031.250,4156.250,1963.080
129,93,8093.750,4156.250,2006.591
130,93,8156.250,4156.250,2019.548
131,93,8218.750,4156.250,2021.691
132,93,8281.250,4156.250,2037.445
133,93,8343.750,4156.250,2078.678
134,93,8406.250,4156.250,2132.605
135,93,8468.750,4156.250,2170.588
136,93,8531.250,4156.250,2161.896
137,93,8593.750,4156.250,2160.285
138,93,8656.250,4156.250,2192.484
139,93,8718.750,4156.250,2221.651
140,93,8781.250,4156.250,2223.464
141,93,8843.750,4156.250,2227.581
142,93,8906.250,4156.250,2229.330
143,93,8968.750,4156.250,2192.025
144,93,9031.250,4156.250,2131.758
145,93,9093.750,4156.250,2114.327
146,93,9156.250,4156.250,2142.702
147,93,9218.750,4156.250,2164.029
148,93,9281.250,4156.250,2143.331
149,93,9343.750,4156.250,2106.999
150,93,9406.250,4156.250,2092.000
151,93,9468.750,4156.250,2083.600
152,93,9531.250,4156.250,2048.353
153,93,9593.750,4156.250,1991.194
154,93,9656.250,4156.250,1943.598
155,93,9718.750,4156.250,1919.380
156,93,9781.250,4156.250,1924.657
157,93,9843.750,4156.250,1941.562
158,93,9906.250,4156.250,1960.764
159,93,9968.750,4156.250,1985.900
0,94,31.250,4093.750,1995.542
1,94,93.750,4093.750,1972.581
2,94,156.250,4093.750,1968.705
3,94,218.750,4093.750,1997.946
4,94,281.250,4093.750,2031.864
5,94,343.750,4093.750,2058.572
6,94,406.250,4093.750,2094.218
7,94,468.750,4093.750,2114.253
8,94,531.250,4093.750,2125.277
9,94,593.750,4093.750,2146.858
10,94,656.250,4093.750,2158.437
11,94,718.750,4093.750,2131.123
12,94,781.250,4093.750,2107.585
13,94,843.750,4093.750,2099.508
14,94,906.250,4093.750,2084.070
15,94,968.750,4093.750,2062.876
16,94,1031.250,4093.750,2049.608
17,94,1093.750,4093.750,2037.788
18,94,1156.250,4093.750,2015.486
19,94,1218.750,4093.750,2007.984
20,94,1281.250,4093.750,2055.508
21,94,1343.750,4093.750,2155.850
22,94,1406.250,4093.750,2184.892
23,94,1468.750,4093.750,2092.137
24,94,1531.250,4093.750,2005.485
25,94,1593.750,4093.750,1896.109
26,94,1656.250,4093.750,1767.718
27,94,1718.750,4093.750,1643.833
28,94,1781.250,4093.750,1527.359
29,94,1843.750,4093.750,1429.812
30,94,1906.250,4093.750,1385.065
31,94,1968.750,4093.750,1397.795
32,94,2031.250,4093.750,1434.736
33,94,2093.750,4093.750,1469.896
34,94,2156.250,4093.750,1498.758
35,94,2218.750,4093.750,1516.465
36,94,2281.250,4093.750,1513.251
37,94,2343.750,4093.750,1513.699
38,94,2406.250,4093.750,1548.952
39,94,2468.750,4093.750,1593.194
40,94,2531.250,4093.750,1603.268
41,94,2593.750,4093.750,1604.422
42,94,2656.250,4093.750,1614.933
43,94,2718.750,4093.750,1633.428
44,94,2781.250,4093.750,1652.736
45,94,2843.750,4093.750,1668.877
46,94,2906.250,4093.750,1679.839
47,94,2968.750,4093.750,1681.924
48,94,3031.250,4093.750,1681.026
49,94,3093.750,4093.750,1691.210
50,94,3156.250,4093.750,1717.147
51,94,3218.750,4093.750,1737.633
52,94,3281.250,4093.750,1773.089
53,94,3343.750,4093.750,1841.637
54,94,3406.250,4093.750,1921.151
55,94,3468.750,4093.750,1977.573
56,94,3531.250,4093.750,1995.744
57,94,3593.750,4093.750,2005.358
58,94,3656.250,4093.750,2021.193
59,94,3718.750,4093.750,2036.479
60,94,3781.250,4093.750,2048.038
61,94,3843.750,4093.750,2079.380
62,94,3906.250,4093.750,2137.334
63,94,3968.750,4093.750,2153.359
64,94,4031.250,4093.750,2128.325
65,94,4093.750,4093.750,2115.911
66,94,4156.250,4093.750,2099.827
67,94,4218.750,4093.750,2099.910
68,94,4281.250,4093.750,2110.872
69,94,4343.750,4093.750,2106.043
70,94,4406.250,4093.750,2093.591
71,94,4468.750,4093.750,2119.275
72,94,4531.250,4093.750,2106.969
73,94,4593.750,4093.750,2113.938
74,94,4656.250,4093.750,2068.197
75,94,4718.750,4093.750,2027.829
76,94,4781.250,4093.750,1957.968
77,94,4843.750,4093.750,1874.121
78,94,4906.250,4093.750,1827.031
79,94,4968.750,4093.750,1817.646
80,94,5031.250,4093.750,1803.914
81,94,5093.750,4093.750,1782.117
82,94,5156.250,4093.750,1777.282
83,94,5218.750,4093.750,1797.987
84,94,5281.250,4093.750,1820.708
85,94,5343.750,4093.750,1822.884
86,94,5406.250,4093.750,1818.028
87,94,5468.750,4093.750,1812.756
88,94,5531.250,4093.750,1809.054
89,94,5593.750,4093.750,1810.691
90,94,5656.250,4093.750,1825.205
91,94,5718.750,4093.750,1860.951
92,94,5781.250,4093.750,1918.462
93,94,5843.750,4093.750,1982.411
94,94,5906.250,4093.750,2036.848
95,94,5968.750,4093.750,2075.354
96,94,6031.250,4093.750,2087.670
97,94,6093.750,4093.750,2084.004
98,94,6156.250,4093.750,2095.391
99,94,6218.750,4093.750,2106.513
100,94,6281.250,4093.750,2101.348
101,94,6343.750,4093.750,2072.279
102,94,6406.250,4093.750,2046.507
103,94,6468.750,4093.750,2014.415
104,94,6531.250,4093.750,1970.935
105,94,6593.750,4093.750,1942.859
106,94,6656.250,4093.750,1949.039
107,94,6718.750,4093.750,1954.832
108,94,6781.250,4093.750,1943.715
109,94,6843.750,4093.750,1927.602
110,94,6906.250,4093.750,1911.916
111,94,6968.750,4093.750,1887.971
112,94,7031.250,4093.750,1873.663
113,94,7093.750,4093.750,1875.966
114,94,7156.250,4093.750,1890.801
115,94,7218.750,4093.750,1909.931
116,94,7281.250,4093.750,1906.730
117,94,7343.750,4093.750,1898.142
118,94,7406.250,4093.750,1919.111
119,94,7468.750,4093.750,1958.080
120,94,7531.250,4093.750,1974.304
121,94,7593.750,4093.750,1975.988
122,94,7656.250,4093.750,1968.374
123,94,7718.750,4093.750,1956.827
124,94,7781.250,4093.750,1944.093
125,94,7843.750,4093.750,1931.594
126,94,7906.250,4093.750,1923.654
127,94,7968.750,4093.750,1930.533
128,94,8031.250,4093.750,1956.915
129,94,8093.750,4093.750,1983.458
130,94,8156.250,4093.750,1993.254
131,94,8218.750,4093.750,2005.329
132,94,8281.250,4093.750,2029.822
133,94,8343.750,4093.750,2062.193
134,94,8406.250,4093.750,2100.250
135,94,8468.750,4093.750,2139.733
136,94,8531.250,4093.750,2151.106
137,94,8593.750,4093.750,2162.138
138,94,8656.250,4093.750,2189.605
139,94,8718.750,4093.750,2212.570
140,94,8781.250,4093.750,2215.256
141,94,8843.750,4093.750,2215.285
142,94,8906.250,4093.750,2212.819
143,94,8968.750,4093.750,2178.557
144,94,9031.250,4093.750,2122.688
145,94,9093.750,4093.750,2103.181
146,94,9156.250,4093.750,2133.025
147,94,9218.750,4093.750,2156.670
148,94,9281.250,4093.750,2138.308
149,94,9343.750,4093.750,2105.544
150,94,9406.250,4093.750,2090.942
151,94,9468.750,4093.750,2082.603
152,94,9531.250,4093.750,2051.093
153,94,9593.750,4093.750,1998.039
154,94,9656.250,4093.750,1952.202
155,94,9718.750,4093.750,1928.852
156,94,9781.250,4093.750,1928.444
157,94,9843.750,4093.750,1939.988
158,94,9906.250,4093.750,1952.013
159,94,9968.750,4093.750,1966.612
0,95,31.250,4031.250,1944.175
1,95,93.750,4031.250,1930.572
2,95,156.250,4031.250,1937.395
3,95,218.750,4031.250,1984.308
4,95,281.250,4031.250,2036.272
5,95,343.750,4031.250,2059.528
6,95,406.250,4031.250,2075.330
7,95,468.750,4031.250,2083.748
8,95,531.250,4031.250,2096.170
9,95,593.750,4031.250,2120.237
10,95,656.250,4031.250,2131.857
11,95,718.750,4031.250,2094.426
12,95,781.250,4031.250,2064.457
13,95,843.750,4031.250,2064.031
14,95,906.250,4031.250,2061.277
15,95,968.750,4031.250,2045.587
16,95,1031.250,4031.250,2042.741
17,95,1093.750,4031.250,2039.069
18,95,1156.250,4031.250,2015.952
19,95,1218.750,4031.250,2006.746
20,95,1281.250,4031.250,2054.933
21,95,1343.750,4031.250,2144.040
22,95,1406.250,4031.250,2190.703
23,95,1468.750,4031.250,2094.566
24,95,1531.250,4031.250,2001.051
25,95,1593.750,4031.250,1893.668
26,95,1656.250,4031.250,1771.341
27,95,1718.750,4031.250,1657.442
28,95,1781.250,4031.250,1565.659
29,95,1843.750,4031.250,1495.317
30,95,1906.250,4031.250,1450.448
31,95,1968.750,4031.250,1438.907
32,95,2031.250,4031.250,1454.363
33,95,2093.750,4031.250,1483.535
34,95,2156.250,4031.250,1512.222
35,95,2218.750,4031.250,1527.591
36,95,2281.250,4031.250,1521.070
37,95,2343.750,4031.250,1517.903
38,95,2406.250,4031.250,1531.963
39,95,2468.750,4031.250,1546.339
40,95,2531.250,4031.250,1553.000
41,95,2593.750,4031.250,1568.627
42,95,2656.250,4031.250,1586.207
43,95,2718.750,4031.250,1595.622
44,95,2781.250,4031.250,1609.006
45,95,2843.750,4031.250,1630.438
46,95,2906.250,4031.250,1640.127
47,95,2968.750,4031.250,1640.253
48,95,3031.250,4031.250,1660.494
49,95,3093.750,4031.250,1700.996
50,95,3156.250,4031.250,1729.239
51,95,3218.750,4031.250,1735.116
52,95,3281.250,4031.250,1759.652
53,95,3343.750,4031.250,1821.959
54,95,3406.250,4031.250,1891.555
55,95,3468.750,4031.250,1944.503
56,95,3531.250,4031.250,1988.612
57,95,3593.750,4031.250,2019.066
58,95,3656.250,4031.250,2015.344
59,95,3718.750,4031.250,1998.879
60,95,3781.250,4031.250,2015.538
61,95,3843.750,4031.250,2076.043
62,95,3906.250,4031.250,2146.584
63,95,3968.750,4031.250,2143.830
64,95,4031.250,4031.250,2129.925
65,95,4093.750,4031.250,2121.759
66,95,4156.250,4031.250,2112.727
67,95,4218.750,4031.250,2109.950
68,95,4281.250,4031.250,2112.937
69,95,4343.750,4031.250,2106.026
70,95,4406.250,4031.250,2089.955
71,95,4468.750,4031.250,2099.411
72,95,4531.250,4031.250,2116.554
73,95,4593.750,4031.250,2104.339
74,95,4656.250,4031.250,2066.924
75,95,4718.750,4031.250,2030.218
76,95,4781.250,4031.250,1970.697
77,95,4843.750,4031.250,1899.655
78,95,4906.250,4031.250,1852.836
79,95,4968.750,4031.250,1836.406
80,95,5031.250,4031.250,1824.249
81,95,5093.750,4031.250,1801.252
82,95,5156.250,4031.250,1787.769
83,95,5218.750,4031.250,1802.862
84,95,5281.250,4031.250,1826.873
85,95,5343.750,4031.250,1833.083
86,95,5406.250,4031.250,1838.226
87,95,5468.750,4031.250,1838.674
88,95,5531.250,4031.250,1822.261
89,95,5593.750,4031.250,1805.903
90,95,5656.250,4031.250,1820.615
91,95,5718.750,4031.250,1865.322
92,95,5781.250,4031.250,1922.099
93,95,5843.750,4031.250,1975.000
94,95,5906.250,4031.250,2022.031
95,95,5968.750,4031.250,2061.412
96,95,6031.250,4031.250,2088.736
97,95,6093.750,4031.250,2092.473
98,95,6156.250,4031.250,2090.157
99,95,6218.750,4031.250,2090.158
100,95,6281.250,4031.250,2069.265
101,95,6343.750,4031.250,2019.229
102,95,6406.250,4031.250,1981.066
103,95,6468.750,4031.250,1970.867
104,95,6531.250,4031.250,1960.333
105,95,6593.750,4031.250,1934.458
106,95,6656.250,4031.250,1914.614
107,95,6718.750,4031.250,1897.442
108,95,6781.250,4031.250,1890.630
109,95,6843.750,4031.250,1889.132
110,95,6906.250,4031.250,1873.326
111,95,6968.750,4031.250,1840.322
112,95,7031.250,4031.250,1818.270
113,95,7093.750,4031.250,1829.094
114,95,7156.250,4031.250,1860.837
115,95,7218.750,4031.250,1884.908
116,95,7281.250,4031.250,1875.867
117,95,7343.750,4031.250,1870.933
118,95,7406.250,4031.250,1909.021
119,95,7468.750,4031.250,1963.345
120,95,7531.250,4031.250,1981.930
121,95,7593.750,4031.250,1970.024
122,95,7656.250,4031.250,1949.835
123,95,7718.750,4031.250,1937.299
124,95,7781.250,4031.250,1927.167
125,95,7843.750,4031.250,1916.824
126,95,7906.250,4031.250,1922.521
127,95,7968.750,4031.250,1937.090
128,95,8031.250,4031.250,1945.135
129,95,8093.750,4031.250,1944.274
130,95,8156.250,4031.250,1950.162
131,95,8218.750,4031.250,1979.723
132,95,8281.250,4031.250,2019.135
133,95,8343.750,4031.250,2037.519
134,95,8406.250,4031.250,2049.830
135,95,8468.750,4031.250,2091.028
136,95,8531.250,4031.250,2134.916
137,95,8593.750,4031.250,2167.634
138,95,8656.250,4031.250,2189.143
139,95,8718.750,4031.250,2202.771
140,95,8781.250,4031.250,2205.139
141,95,8843.750,4031.250,2195.357
142,95,8906.250,4031.250,2183.055
143,95,8968.750,4031.250,2152.343
144,95,9031.250,4031.250,2104.125
145,95,9093.750,4031.250,2083.031
146,95,9156.250,4031.250,2115.618
147,95,9218.750,4031.250,2141.470
148,95,9281.250,4031.250,2124.575
149,95,9343.750,4031.250,2095.735
150,95,9406.250,4031.250,2081.895
151,95,9468.750,4031.250,2076.487
152,95,9531.250,4031.250,2055.043
153,95,9593.750,4031.250,2012.284
154,95,9656.250,4031.250,1971.268
155,95,9718.750,4031.250,1949.273
156,95,9781.250,4031.250,1939.800
157,95,9843.750,4031.250,1943.565
158,95,9906.250,4031.250,1946.166
159,95,9968.750,4031.250,1946.349
0,96,31.250,3968.750,1881.128
1,96,93.750,3968.750,1875.219
2,96,156.250,3968.750,1891.658
3,96,218.750,3968.750,1952.887
4,96,281.250,3968.750,2019.151
5,96,343.750,3968.750,2042.050
6,96,406.250,3968.750,2046.265
7,96,468.750,3968.750,2046.755
8,96,531.250,3968.750,2058.529
9,96,593.750,3968.750,2082.651
10,96,656.250,3968.750,2093.626
11,96,718.750,3968.750,2050.773
12,96,781.250,3968.750,2018.798
13,96,843.750,3968.750,2025.734
14,96,906.250,3968.750,2033.444
15,96,968.750,3968.750,2023.389
16,96,1031.250,3968.750,2029.923
17,96,1093.750,3968.750,2034.338
18,96,1156.250,3968.750,2012.897
19,96,1218.750,3968.750,2003.177
20,96,1281.250,3968.750,2050.873
21,96,1343.750,3968.750,2131.930
22,96,1406.250,3968.750,2181.461
23,96,1468.750,3968.750,2084.983
24,96,1531.250,3968.750,1989.260
25,96,1593.750,3968.750,1885.965
26,96,1656.250,3968.750,1773.534
27,96,1718.750,3968.750,1673.719
28,96,1781.250,3968.750,1604.803
29,96,1843.750,3968.750,1556.250
30,96,1906.250,3968.750,1511.350
31,96,1968.750,3968.750,1480.010
32,96,2031.250,3968.750,1474.833
33,96,2093.750,3968.750,1493.110
34,96,2156.250,3968.750,1516.600
35,96,2218.750,3968.750,1528.522
36,96,2281.250,3968.750,1517.747
37,96,2343.750,3968.750,1509.931
38,96,2406.250,3968.750,1508.673
39,96,2468.750,3968.750,1503.262
40,96,2531.250,3968.750,1508.280
41,96,2593.750,3968.750,1532.631
42,96,2656.250,3968.750,1553.226
43,96,2718.750,3968.750,1554.848
44,96,2781.250,3968.750,1562.934
45,96,2843.750,3968.750,1588.008
46,96,2906.250,3968.750,1599.181
47,96,2968.750,3968.750,1601.524
48,96,3031.250,3968.750,1638.300
49,96,3093.750,3968.750,1699.837
50,96,3156.250,3968.750,1729.847
51,96,3218.750,3968.750,1728.109
52,96,3281.250,3968.750,1747.858
53,96,3343.750,3968.750,1807.363
54,96,3406.250,3968.750,1870.365
55,96,3468.750,3968.750,1919.663
56,96,3531.250,3968.750,1979.828
57,96,3593.750,3968.750,2023.973
58,96,3656.250,3968.750,2008.631
59,96,3718.750,3968.750,1972.926
60,96,3781.250,3968.750,1993.013
61,96,3843.750,3968.750,2068.637
62,96,3906.250,3968.750,2141.335
63,96,3968.750,3968.750,2157.128
64,96,4031.250,3968.750,2155.964
65,96,4093.750,3968.750,2150.658
66,96,4156.250,3968.750,2140.403
67,96,4218.750,3968.750,2127.065
68,96,4281.250,3968.750,2116.317
69,96,4343.750,3968.750,2102.886
70,96,4406.250,3968.750,2084.939
71,96,4468.750,3968.750,2086.663
72,96,4531.250,3968.750,2102.616
73,96,4593.750,3968.750,2099.908
74,96,4656.250,3968.750,2071.205
75,96,4718.750,3968.750,2037.728
76,96,4781.250,3968.750,1989.736
77,96,4843.750,3968.750,1934.382
78,96,4906.250,3968.750,1895.523
79,96,4968.750,3968.750,1879.538
80,96,5031.250,3968.750,1867.549
81,96,5093.750,3968.750,1838.021
82,96,5156.250,3968.750,1811.345
83,96,5218.750,3968.750,1815.120
84,96,5281.250,3968.750,1834.698
85,96,5343.750,3968.750,1843.021
86,96,5406.250,3968.750,1857.063
87,96,5468.750,3968.750,1865.621
88,96,5531.250,3968.750,1845.912
89,96,5593.750,3968.750,1821.408
90,96,5656.250,3968.750,1836.789
91,96,5718.750,3968.750,1882.996
92,96,5781.250,3968.750,1932.082
93,96,5843.750,3968.750,1969.824
94,96,5906.250,3968.750,2005.234
95,96,5968.750,3968.750,2041.590
96,96,6031.250,3968.750,2077.150
97,96,6093.750,3968.750,2086.281
98,96,6156.250,3968.750,2077.097
99,96,6218.750,3968.750,2066.870
100,96,6281.250,3968.750,2040.562
101,96,6343.750,3968.750,1977.446
102,96,6406.250,3968.750,1931.922
103,96,6468.750,3968.750,1936.003
104,96,6531.250,3968.750,1945.933
105,96,6593.750,3968.750,1919.280
106,96,6656.250,3968.750,1878.301
107,96,6718.750,3968.750,1841.203
108,96,6781.250,3968.750,1832.070
109,96,6843.750,3968.750,1836.462
110,96,6906.250,3968.750,1820.052
111,96,6968.750,3968.750,1782.140
112,96,7031.250,3968.750,1757.011
113,96,7093.750,3968.750,1775.130
114,96,7156.250,3968.750,1818.718
115,96,7218.750,3968.750,1847.160
116,96,7281.250,3968.750,1839.272
117,96,7343.750,3968.750,1844.021
118,96,7406.250,3968.750,1900.897
119,96,7468.750,3968.750,1970.853
120,96,7531.250,3968.750,1992.892
121,96,7593.750,3968.750,1971.377
122,96,7656.250,3968.750,1940.437
123,96,7718.750,3968.750,1923.901
124,96,7781.250,3968.750,1912.544
125,96,7843.750,3968.750,1901.694
126,96,7906.250,3968.750,1912.837
127,96,7968.750,3968.750,1928.583
128,96,8031.250,3968.750,1922.234
129,96,8093.750,3968.750,1903.052
130,96,8156.250,3968.750,1907.412
131,96,8218.750,3968.750,1950.467
132,96,8281.250,3968.750,2002.038
133,96,8343.750,3968.750,2013.821
134,96,8406.250,3968.750,2010.943
135,96,8468.750,3968.750,2052.929
136,96,8531.250,3968.750,2118.487
137,96,8593.750,3968.750,2167.526
138,96,8656.250,3968.750,2188.301
139,96,8718.750,3968.750,2198.248
140,96,8781.250,3968.750,2200.350
141,96,8843.750,3968.750,2181.218
142,96,8906.250,3968.750,2158.170
143,96,8968.750,3968.750,2125.638
144,96,9031.250,3968.750,2079.804
145,96,9093.750,3968.750,2057.321
146,96,9156.250,3968.750,2089.769
147,96,9218.750,3968.750,2113.588
148,96,9281.250,3968.750,2093.904
149,96,9343.750,3968.750,2064.886
150,96,9406.250,3968.750,2051.916
151,96,9468.750,3968.750,2055.036
152,96,9531.250,3968.750,2050.216
153,96,9593.750,3968.750,2024.325
154,96,9656.250,3968.750,1993.454
155,96,9718.750,3968.750,1974.116
156,96,9781.250,3968.750,1959.569
157,96,9843.750,3968.750,1958.534
158,96,9906.250,3968.750,1954.918
159,96,9968.750,3968.750,1945.184
0,97,31.250,3906.250,1813.038
1,97,93.750,3906.250,1811.812
2,97,156.250,3906.250,1835.515
3,97,218.750,3906.250,1900.530
4,97,281.250,3906.250,1966.313
5,97,343.750,3906.250,1990.421
6,97,406.250,3906.250,1998.909
7,97,468.750,3906.250,2000.603
8,97,531.250,3906.250,2010.212
9,97,593.750,3906.250,2032.699
10,97,656.250,3906.250,2044.690
11,97,718.750,3906.250,2013.382
12,97,781.250,3906.250,1993.602
13,97,843.750,3906.250,2003.968
14,97,906.250,3906.250,2011.287
15,97,968.750,3906.250,2003.271
16,97,1031.250,3906.250,2010.214
17,97,1093.750,3906.250,2017.162
18,97,1156.250,3906.250,2001.935
19,97,1218.750,3906.250,1996.421
20,97,1281.250,3906.250,2044.223
21,97,1343.750,3906.250,2127.330
22,97,1406.250,3906.250,2148.341
23,97,1468.750,3906.250,2053.333
24,97,1531.250,3906.250,1960.587
25,97,1593.750,3906.250,1863.741
26,97,1656.250,3906.250,1766.728
27,97,1718.750,3906.250,1686.153
28,97,1781.250,3906.250,1634.707
29,97,1843.750,3906.250,1597.771
30,97,1906.250,3906.250,1554.814
31,97,1968.750,3906.250,1515.087
32,97,2031.250,3906.250,1495.273
33,97,2093.750,3906.250,1498.183
34,97,2156.250,3906.250,1510.194
35,97,2218.750,3906.250,1516.443
36,97,2281.250,3906.250,1500.478
37,97,2343.750,3906.250,1487.939
38,97,2406.250,3906.250,1484.462
39,97,2468.750,3906.250,1478.921
40,97,2531.250,3906.250,1484.815
41,97,2593.750,3906.250,1509.849
42,97,2656.250,3906.250,1528.380
43,97,2718.750,3906.250,1526.508
44,97,2781.250,3906.250,1533.930
45,97,2843.750,3906.250,1561.562
46,97,2906.250,3906.250,1576.001
47,97,2968.750,3906.250,1584.943
48,97,3031.250,3906.250,1629.156
49,97,3093.750,3906.250,1694.414
50,97,3156.250,3906.250,1724.939
51,97,3218.750,3906.250,1726.694
52,97,3281.250,3906.250,1749.302
53,97,3343.750,3906.250,1809.820
54,97,3406.250,3906.250,1872.745
55,97,3468.750,3906.250,1918.295
56,97,3531.250,3906.250,1974.551
57,97,3593.750,3906.250,2017.693
58,97,3656.250,3906.250,2009.375
59,97,3718.750,3906.250,1984.014
60,97,3781.250,3906.250,2004.826
61,97,3843.750,3906.250,2061.098
62,97,3906.250,3906.250,2110.491
63,97,3968.750,3906.250,2128.921
64,97,4031.250,3906.250,2131.013
65,97,4093.750,3906.250,2132.073
66,97,4156.250,3906.250,2147.665
67,97,4218.750,3906.250,2145.585
68,97,4281.250,3906.250,2120.718
69,97,4343.750,3906.250,2100.791
70,97,4406.250,3906.250,2081.854
71,97,4468.750,3906.250,2079.622
72,97,4531.250,3906.250,2096.710
73,97,4593.750,3906.250,2105.631
74,97,4656.250,3906.250,2089.073
75,97,4718.750,3906.250,2059.932
76,97,4781.250,3906.250,2024.429
77,97,4843.750,3906.250,1985.545
78,97,4906.250,3906.250,1958.654
79,97,4968.750,3906.250,1948.359
80,97,5031.250,3906.250,1936.315
81,97,5093.750,3906.250,1899.527
82,97,5156.250,3906.250,1859.236
83,97,5218.750,3906.250,1844.448
84,97,5281.250,3906.250,1849.190
85,97,5343.750,3906.250,1855.580
86,97,5406.250,3906.250,1875.816
87,97,5468.750,3906.250,1892.626
88,97,5531.250,3906.250,1879.673
89,97,5593.750,3906.250,1859.740
90,97,5656.250,3906.250,1878.192
91,97,5718.750,3906.250,1921.133
92,97,5781.250,3906.250,1958.925
93,97,5843.750,3906.250,1978.790
94,97,5906.250,3906.250,1997.796
95,97,5968.750,3906.250,2025.410
96,97,6031.250,3906.250,2055.414
97,97,6093.750,3906.250,2063.542
98,97,6156.250,3906.250,2056.384
99,97,6218.750,3906.250,2047.319
100,97,6281.250,3906.250,2020.876
101,97,6343.750,3906.250,1960.671
102,97,6406.250,3906.250,1917.127
103,97,6468.750,3906.250,1918.744
104,97,6531.250,3906.250,1924.533
105,97,6593.750,3906.250,1895.312
106,97,6656.250,3906.250,1852.626
107,97,6718.750,3906.250,1808.695
108,97,6781.250,3906.250,1784.268
109,97,6843.750,3906.250,1774.479
110,97,6906.250,3906.250,1755.606
111,97,6968.750,3906.250,1723.531
112,97,7031.250,3906.250,1705.418
113,97,7093.750,3906.250,1725.342
114,97,7156.250,3906.250,1767.252
115,97,7218.750,3906.250,1797.746
116,97,7281.250,3906.250,1805.425
117,97,7343.750,3906.250,1828.919
118,97,7406.250,3906.250,1895.061
119,97,7468.750,3906.250,1965.861
120,97,7531.250,3906.250,1989.850
121,97,7593.750,3906.250,1968.621
122,97,7656.250,3906.250,1936.344
123,97,7718.750,3906.250,1918.768
124,97,7781.250,3906.250,1906.872
125,97,7843.750,3906.250,1892.093
126,97,7906.250,3906.250,1890.892
127,97,7968.750,3906.250,1894.724
128,97,8031.250,3906.250,1886.539
129,97,8093.750,3906.250,1871.911
130,97,8156.250,3906.250,1876.674
131,97,8218.750,3906.250,1914.025
132,97,8281.250,3906.250,1964.768
133,97,8343.750,3906.250,1991.248
134,97,8406.250,3906.250,2005.974
135,97,8468.750,3906.250,2049.998
136,97,8531.250,3906.250,2111.056
137,97,8593.750,3906.250,2159.778
138,97,8656.250,3906.250,2186.295
139,97,8718.750,3906.250,2202.092
140,97,8781.250,3906.250,2205.378
141,97,8843.750,3906.250,2181.254
142,97,8906.250,3906.250,2150.024
143,97,8968.750,3906.250,2109.924
144,97,9031.250,3906.250,2058.922
145,97,9093.750,3906.250,2032.623
146,97,9156.250,3906.250,2052.747
147,97,9218.750,3906.250,2063.814
148,97,9281.250,3906.250,2037.085
149,97,9343.750,3906.250,2004.495
150,97,9406.250,3906.250,1992.845
151,97,9468.750,3906.250,2010.897
152,97,9531.250,3906.250,2028.777
153,97,9593.750,3906.250,2027.593
154,97,9656.250,3906.250,2015.050
155,97,9718.750,3906.250,2000.407
156,97,9781.250,3906.250,1989.671
157,97,9843.750,3906.250,1990.342
158,97,9906.250,3906.250,1987.468
159,97,9968.750,3906.250,1978.292
0,98,31.250,3843.750,1751.014
1,98,93.750,3843.750,1753.246
2,98,156.250,3843.750,1782.661
3,98,218.750,3843.750,1843.410
4,98,281.250,3843.750,1897.090
5,98,343.750,3843.750,1920.979
6,98,406.250,3843.750,1941.293
7,98,468.750,3843.750,1949.177
8,98,531.250,3843.750,1956.751
9,98,593.750,3843.750,1978.130
10,98,656.250,3843.750,1994.052
11,98,718.750,3843.750,1990.411
12,98,781.250,3843.750,1995.343
13,98,843.750,3843.750,2004.445
14,98,906.250,3843.750,2000.893
15,98,968.750,3843.750,1991.278
16,98,1031.250,3843.750,1990.350
17,98,1093.750,3843.750,1994.379
18,98,1156.250,3843.750,1987.836
19,98,1218.750,3843.750,1989.854
20,98,1281.250,3843.750,2039.123
21,98,1343.750,3843.750,2130.984
22,98,1406.250,3843.750,2104.964
23,98,1468.750,3843.750,2009.670
24,98,1531.250,3843.750,1919.188
25,98,1593.750,3843.750,1829.113
26,98,1656.250,3843.750,1749.211
27,98,1718.750,3843.750,1689.078
28,98,1781.250,3843.750,1655.162
29,98,1843.750,3843.750,1630.325
30,98,1906.250,3843.750,1591.256
31,98,1968.750,3843.750,1545.495
32,98,2031.250,3843.750,1512.813
33,98,2093.750,3843.750,1502.415
34,98,2156.250,3843.750,1504.658
35,98,2218.750,3843.750,1504.213
36,98,2281.250,3843.750,1481.493
37,98,2343.750,3843.750,1463.899
38,98,2406.250,3843.750,1461.599
39,98,2468.750,3843.750,1460.206
40,98,2531.250,3843.750,1468.217
41,98,2593.750,3843.750,1498.364
42,98,2656.250,3843.750,1518.261
43,98,2718.750,3843.750,1514.543
44,98,2781.250,3843.750,1522.666
45,98,2843.750,3843.750,1551.858
46,98,2906.250,3843.750,1565.278
47,98,2968.750,3843.750,1579.284
48,98,3031.250,3843.750,1630.173
49,98,3093.750,3843.750,1696.563
50,98,3156.250,3843.750,1728.007
51,98,3218.750,3843.750,1737.552
52,98,3281.250,3843.750,1764.932
53,98,3343.750,3843.750,1826.675
54,98,3406.250,3843.750,1891.959
55,98,3468.750,3843.750,1934.527
56,98,3531.250,3843.750,1981.395
57,98,3593.750,3843.750,2018.674
58,98,3656.250,3843.750,2024.581
59,98,3718.750,3843.750,2021.555
60,98,3781.250,3843.750,2040.381
61,98,3843.750,3843.750,2055.697
62,98,3906.250,3843.750,2066.214
63,98,3968.750,3843.750,2065.391
64,98,4031.250,3843.750,2056.606
65,98,4093.750,3843.750,2067.062
66,98,4156.250,3843.750,2117.298
67,98,4218.750,3843.750,2161.534
68,98,4281.250,3843.750,2130.180
69,98,4343.750,3843.750,2112.801
70,98,4406.250,3843.750,2091.265
71,98,4468.750,3843.750,2070.749
72,98,4531.250,3843.750,2080.240
73,98,4593.750,3843.750,2109.619
74,98,4656.250,3843.750,2118.611
75,98,4718.750,3843.750,2097.560
76,98,4781.250,3843.750,2078.108
77,98,4843.750,3843.750,2056.488
78,98,4906.250,3843.750,2034.065
79,98,4968.750,3843.750,2020.200
80,98,5031.250,3843.750,2007.705
81,98,5093.750,3843.750,1969.593
82,98,5156.250,3843.750,1920.668
83,98,5218.750,3843.750,1884.962
84,98,5281.250,3843.750,1869.331
85,98,5343.750,3843.750,1872.078
86,98,5406.250,3843.750,1899.955
87,98,5468.750,3843.750,1925.415
88,98,5531.250,3843.750,1917.173
89,98,5593.750,3843.750,1899.457
90,98,5656.250,3843.750,1922.479
91,98,5718.750,3843.750,1968.705
92,98,5781.250,3843.750,2000.334
93,98,5843.750,3843.750,2001.513
94,98,5906.250,3843.750,2000.821
95,98,5968.750,3843.750,2016.584
96,98,6031.250,3843.750,2034.449
97,98,6093.750,3843.750,2037.712
98,98,6156.250,3843.750,2032.567
99,98,6218.750,3843.750,2024.813
100,98,6281.250,3843.750,1999.564
101,98,6343.750,3843.750,1948.494
102,98,6406.250,3843.750,1910.223
103,98,6468.750,3843.750,1903.591
104,98,6531.250,3843.750,1897.836
105,98,6593.750,3843.750,1867.973
106,98,6656.250,3843.750,1837.901
107,98,6718.750,3843.750,1797.265
108,98,6781.250,3843.750,1752.004
109,98,6843.750,3843.750,1717.872
110,98,6906.250,3843.750,1695.985
111,98,6968.750,3843.750,1678.037
112,98,7031.250,3843.750,1673.785
113,98,7093.750,3843.750,1692.215
114,98,7156.250,3843.750,1724.908
115,98,7218.750,3843.750,1756.068
116,98,7281.250,3843.750,1787.905
117,98,7343.750,3843.750,1834.059
118,98,7406.250,3843.750,1894.460
119,98,7468.750,3843.750,1944.921
120,98,7531.250,3843.750,1966.786
121,98,7593.750,3843.750,1950.430
122,98,7656.250,3843.750,1923.102
123,98,7718.750,3843.750,1911.181
124,98,7781.250,3843.750,1904.990
125,98,7843.750,3843.750,1885.735
126,98,7906.250,3843.750,1862.372
127,98,7968.750,3843.750,1847.445
128,98,8031.250,3843.750,1845.538
129,98,8093.750,3843.750,1848.911
130,98,8156.250,3843.750,1853.408
131,98,8218.750,3843.750,1867.277
132,98,8281.250,3843.750,1905.121
133,98,8343.750,3843.750,1961.628
134,98,8406.250,3843.750,2018.363
135,98,8468.750,3843.750,2067.102
136,98,8531.250,3843.750,2110.654
137,98,8593.750,3843.750,2149.645
138,98,8656.250,3843.750,2182.657
139,98,8718.750,3843.750,2206.911
140,98,8781.250,3843.750,2211.664
141,98,8843.750,3843.750,2183.370
142,98,8906.250,3843.750,2145.348
143,98,8968.750,3843.750,2100.194
144,98,9031.250,3843.750,2046.746
145,98,9093.750,3843.750,2014.971
146,98,9156.250,3843.750,2010.354
147,98,9218.750,3843.750,1999.836
148,98,9281.250,3843.750,1967.693
149,98,9343.750,3843.750,1934.890
150,98,9406.250,3843.750,1925.033
151,98,9468.750,3843.750,1957.619
152,98,9531.250,3843.750,1997.115
153,98,9593.750,3843.750,2022.885
154,98,9656.250,3843.750,2032.723
155,98,9718.750,3843.750,2023.341
156,98,9781.250,3843.750,2020.523
157,98,9843.750,3843.750,2026.034
158,98,9906.250,3843.750,2028.331
159,98,9968.750,3843.750,2026.711
0,99,31.250,3781.250,1703.764
1,99,93.750,3781.250,1707.481
2,99,156.250,3781.250,1739.441
3,99,218.750,3781.250,1793.792
4,99,281.250,3781.250,1834.619
5,99,343.750,3781.250,1856.823
6,99,406.250,3781.250,1886.429
7,99,468.750,3781.250,1899.250
8,99,531.250,3781.250,1905.061
9,99,593.750,3781.250,1925.838
10,99,656.250,3781.250,1945.783
11,99,718.750,3781.250,1966.697
12,99,781.250,3781.250,1993.395
13,99,843.750,3781.250,2001.659
14,99,906.250,3781.250,1989.163
15,99,968.750,3781.250,1979.044
16,99,1031.250,3781.250,1971.874
17,99,1093.750,3781.250,1973.692
18,99,1156.250,3781.250,1974.924
19,99,1218.750,3781.250,1983.844
20,99,1281.250,3781.250,2034.882
21,99,1343.750,3781.250,2134.626
22,99,1406.250,3781.250,2069.131
23,99,1468.750,3781.250,1974.335
24,99,1531.250,3781.250,1886.505
25,99,1593.750,3781.250,1802.503
26,99,1656.250,3781.250,1735.937
27,99,1718.750,3781.250,1691.080
28,99,1781.250,3781.250,1670.027
29,99,1843.750,3781.250,1654.360
30,99,1906.250,3781.250,1619.014
31,99,1968.750,3781.250,1569.938
32,99,2031.250,3781.250,1528.840
33,99,2093.750,3781.250,1509.621
34,99,2156.250,3781.250,1505.088
35,99,2218.750,3781.250,1498.838
36,99,2281.250,3781.250,1470.060
37,99,2343.750,3781.250,1448.039
38,99,2406.250,3781.250,1446.784
39,99,2468.750,3781.250,1448.952
40,99,2531.250,3781.250,1458.712
41,99,2593.750,3781.250,1494.067
42,99,2656.250,3781.250,1516.531
43,99,2718.750,3781.250,1512.704
44,99,2781.250,3781.250,1522.378
45,99,2843.750,3781.250,1552.974
46,99,2906.250,3781.250,1564.925
47,99,2968.750,3781.250,1582.299
48,99,3031.250,3781.250,1637.831
49,99,3093.750,3781.250,1704.406
50,99,3156.250,3781.250,1736.430
51,99,3218.750,3781.250,1751.859
52,99,3281.250,3781.250,1781.968
53,99,3343.750,3781.250,1843.261
54,99,3406.250,3781.250,1909.399
55,99,3468.750,3781.250,1948.730
56,99,3531.250,3781.250,1986.254
57,99,3593.750,3781.250,2016.866
58,99,3656.250,3781.250,2033.469
59,99,3718.750,3781.250,2048.437
60,99,3781.250,3781.250,2064.948
61,99,3843.750,3781.250,2046.310
62,99,3906.250,3781.250,2026.398
63,99,3968.750,3781.250,2012.511
64,99,4031.250,3781.250,1996.766
65,99,4093.750,3781.250,2015.129
66,99,4156.250,3781.250,2092.287
67,99,4218.750,3781.250,2172.182
68,99,4281.250,3781.250,2138.926
69,99,4343.750,3781.250,2126.296
70,99,4406.250,3781.250,2102.743
71,99,4468.750,3781.250,2065.786
72,99,4531.250,3781.250,2068.047
73,99,4593.750,3781.250,2114.882
74,99,4656.250,3781.250,2146.333
75,99,4718.750,3781.250,2132.966
76,99,4781.250,3781.250,2121.296
77,99,4843.750,3781.250,2089.038
78,99,4906.250,3781.250,2084.276
79,99,4968.750,3781.250,2077.141
80,99,5031.250,3781.250,2064.364
81,99,5093.750,3781.250,2027.551
82,99,5156.250,3781.250,1974.832
83,99,5218.750,3781.250,1924.832
84,99,5281.250,3781.250,1894.266
85,99,5343.750,3781.250,1894.423
86,99,5406.250,3781.250,1928.255
87,99,5468.750,3781.250,1959.963
88,99,5531.250,3781.250,1954.414
89,99,5593.750,3781.250,1937.544
90,99,5656.250,3781.250,1964.166
91,99,5718.750,3781.250,2014.084
92,99,5781.250,3781.250,2041.914
93,99,5843.750,3781.250,2028.443
94,99,5906.250,3781.250,2011.271
95,99,5968.750,3781.250,2015.686
96,99,6031.250,3781.250,2020.967
97,99,6093.750,3781.250,2017.572
98,99,6156.250,3781.250,2011.928
99,99,6218.750,3781.250,2003.868
100,99,6281.250,3781.250,1979.403
101,99,6343.750,3781.250,1936.174
102,99,6406.250,3781.250,1902.380
103,99,6468.750,3781.250,1888.534
104,99,6531.250,3781.250,1872.969
105,99,6593.750,3781.250,1843.489
106,99,6656.250,3781.250,1826.587
107,99,6718.750,3781.250,1791.584
108,99,6781.250,3781.250,1730.881
109,99,6843.750,3781.250,1677.432
110,99,6906.250,3781.250,1653.387
111,99,6968.750,3781.250,1647.598
112,99,7031.250,3781.250,1654.938
113,99,7093.750,3781.250,1671.566
114,99,7156.250,3781.250,1696.014
115,99,7218.750,3781.250,1727.473
116,99,7281.250,3781.250,1778.399
117,99,7343.750,3781.250,1841.095
118,99,7406.250,3781.250,1892.934
119,99,7468.750,3781.250,1923.034
120,99,7531.250,3781.250,1942.159
121,99,7593.750,3781.250,1930.488
122,99,7656.250,3781.250,1908.454
123,99,7718.750,3781.250,1902.483
124,99,7781.250,3781.250,1902.161
125,99,7843.750,3781.250,1879.801
126,99,7906.250,3781.250,1838.636
127,99,7968.750,3781.250,1809.144
128,99,8031.250,3781.250,1814.113
129,99,8093.750,3781.250,1833.883
130,99,8156.250,3781.250,1838.111
131,99,8218.750,3781.250,1830.573
132,99,8281.250,3781.250,1855.728
133,99,8343.750,3781.250,1936.808
134,99,8406.250,3781.250,2028.946
135,99,8468.750,3781.250,2081.305
136,99,8531.250,3781.250,2108.750
137,99,8593.750,3781.250,2138.004
138,99,8656.250,3781.250,2175.380
139,99,8718.750,3781.250,2206.061
140,99,8781.250,3781.250,2212.086
141,99,8843.750,3781.250,2181.608
142,99,8906.250,3781.250,2139.959
143,99,8968.750,3781.250,2092.837
144,99,9031.250,3781.250,2039.239
145,99,9093.750,3781.250,2003.733
146,99,9156.250,3781.250,1978.961
147,99,9218.750,3781.250,1951.422
148,99,9281.250,3781.250,1916.262
149,99,9343.750,3781.250,1884.238
150,99,9406.250,3781.250,1875.244
151,99,9468.750,3781.250,1916.701
152,99,9531.250,3781.250,1969.493
153,99,9593.750,3781.250,2013.183
154,99,9656.250,3781.250,2038.508
155,99,9718.750,3781.250,2032.151
156,99,9781.250,3781.250,2035.302
157,99,9843.750,3781.250,2044.513
158,99,9906.250,3781.250,2051.268
159,99,9968.750,3781.250,2056.653
0,100,31.250,3718.750,1674.807
1,100,93.750,3718.750,1678.425
2,100,156.250,3718.750,1708.350
3,100,218.750,3718.750,1759.633
4,100,281.250,3718.750,1798.204
5,100,343.750,3718.750,1817.816
6,100,406.250,3718.750,1843.624
7,100,468.750,3718.750,1853.607
8,100,531.250,3718.750,1857.563
9,100,593.750,3718.750,1876.919
10,100,656.250,3718.750,1898.847
11,100,718.750,3718.750,1926.666
12,100,781.250,3718.750,1959.737
13,100,843.750,3718.750,1971.019
14,100,906.250,3718.750,1961.404
15,100,968.750,3718.750,1956.231
16,100,1031.250,3718.750,1953.280
17,100,1093.750,3718.750,1959.268
18,100,1156.250,3718.750,1966.310
19,100,1218.750,3718.750,1980.135
20,100,1281.250,3718.750,2031.352
21,100,1343.750,3718.750,2128.618
22,100,1406.250,3718.750,2057.427
23,100,1468.750,3718.750,1966.349
24,100,1531.250,3718.750,1881.667
25,100,1593.750,3718.750,1801.820
26,100,1656.250,3718.750,1739.422
27,100,1718.750,3718.750,1698.196
28,100,1781.250,3718.750,1679.212
29,100,1843.750,3718.750,1664.463
30,100,1906.250,3718.750,1630.248
31,100,1968.750,3718.750,1581.064
32,100,2031.250,3718.750,1538.261
33,100,2093.750,3718.750,1518.181
34,100,2156.250,3718.750,1513.495
35,100,2218.750,3718.750,1504.907
36,100,2281.250,3718.750,1473.409
37,100,2343.750,3718.750,1448.919
38,100,2406.250,3718.750,1446.272
39,100,2468.750,3718.750,1448.278
40,100,2531.250,3718.750,1457.081
41,100,2593.750,3718.750,1488.797
42,100,2656.250,3718.750,1509.803
43,100,2718.750,3718.750,1509.783
44,100,2781.250,3718.750,1524.627
45,100,2843.750,3718.750,1558.074
46,100,2906.250,3718.750,1572.587
47,100,2968.750,3718.750,1592.135
48,100,3031.250,3718.750,1647.722
49,100,3093.750,3718.750,1712.821
50,100,3156.250,3718.750,1744.163
51,100,3218.750,3718.750,1758.937
52,100,3281.250,3718.750,1787.306
53,100,3343.750,3718.750,1845.997
54,100,3406.250,3718.750,1908.718
55,100,3468.750,3718.750,1943.063
56,100,3531.250,3718.750,1974.437
57,100,3593.750,3718.750,2000.403
58,100,3656.250,3718.750,2016.163
59,100,3718.750,3718.750,2032.360
60,100,3781.250,3718.750,2048.826
61,100,3843.750,3718.750,2027.950
62,100,3906.250,3718.750,2006.356
63,100,3968.750,3718.750,1992.632
64,100,4031.250,3718.750,1978.055
65,100,4093.750,3718.750,1998.559
66,100,4156.250,3718.750,2078.517
67,100,4218.750,3718.750,2165.447
68,100,4281.250,3718.750,2140.955
69,100,4343.750,3718.750,2125.379
70,100,4406.250,3718.750,2102.024
71,100,4468.750,3718.750,2067.994
72,100,4531.250,3718.750,2073.790
73,100,4593.750,3718.750,2125.586
74,100,4656.250,3718.750,2163.061
75,100,4718.750,3718.750,2140.870
76,100,4781.250,3718.750,2102.223
77,100,4843.750,3718.750,2069.117
78,100,4906.250,3718.750,2062.822
79,100,4968.750,3718.750,2068.616
80,100,5031.250,3718.750,2070.137
81,100,5093.750,3718.750,2056.225
82,100,5156.250,3718.750,2004.697
83,100,5218.750,3718.750,1954.404
84,100,5281.250,3718.750,1922.813
85,100,5343.750,3718.750,1923.386
86,100,5406.250,3718.750,1957.799
87,100,5468.750,3718.750,1990.674
88,100,5531.250,3718.750,1988.227
89,100,5593.750,3718.750,1974.862
90,100,5656.250,3718.750,2002.036
91,100,5718.750,3718.750,2049.166
92,100,5781.250,3718.750,2072.193
93,100,5843.750,3718.750,2053.628
94,100,5906.250,3718.750,2030.431
95,100,5968.750,3718.750,2026.343
96,100,6031.250,3718.750,2020.467
97,100,6093.750,3718.750,2008.702
98,100,6156.250,3718.750,1998.137
99,100,6218.750,3718.750,1986.528
100,100,6281.250,3718.750,1961.213
101,100,6343.750,3718.750,1919.579
102,100,6406.250,3718.750,1886.551
103,100,6468.750,3718.750,1871.714
104,100,6531.250,3718.750,1855.618
105,100,6593.750,3718.750,1827.126
106,100,6656.250,3718.750,1813.446
107,100,6718.750,3718.750,1780.508
108,100,6781.250,3718.750,1717.455
109,100,6843.750,3718.750,1660.148
110,100,6906.250,3718.750,1635.326
111,100,6968.750,3718.750,1631.167
112,100,7031.250,3718.750,1640.505
113,100,7093.750,3718.750,1657.187
114,100,7156.250,3718.750,1680.497
115,100,7218.750,3718.750,1713.215
116,100,7281.250,3718.750,1770.343
117,100,7343.750,3718.750,1837.533
118,100,7406.250,3718.750,1887.678
119,100,7468.750,3718.750,1914.164
120,100,7531.250,3718.750,1932.756
121,100,7593.750,3718.750,1921.837
122,100,7656.250,3718.750,1900.396
123,100,7718.750,3718.750,1895.010
124,100,7781.250,3718.750,1895.474
125,100,7843.750,3718.750,1872.933
126,100,7906.250,3718.750,1829.769
127,100,7968.750,3718.750,1798.745
128,100,8031.250,3718.750,1803.699
129,100,8093.750,3718.750,1824.385
130,100,8156.250,3718.750,1829.819
131,100,8218.750,3718.750,1822.532
132,100,8281.250,3718.750,1846.525
133,100,8343.750,3718.750,1926.438
134,100,8406.250,3718.750,2017.779
135,100,8468.750,3718.750,2068.669
136,100,8531.250,3718.750,2093.835
137,100,8593.750,3718.750,2121.241
138,100,8656.250,3718.750,2159.380
139,100,8718.750,3718.750,2192.451
140,100,8781.250,3718.750,2199.784
141,100,8843.750,3718.750,2169.753
142,100,8906.250,3718.750,2129.070
143,100,8968.750,3718.750,2084.979
144,100,9031.250,3718.750,2035.172
145,100,9093.750,3718.750,2000.662
146,100,9156.250,3718.750,1972.987
147,100,9218.750,3718.750,1943.673
148,100,9281.250,3718.750,1909.057
149,100,9343.750,3718.750,1876.929
150,100,9406.250,3718.750,1866.723
151,100,9468.750,3718.750,1906.927
152,100,9531.250,3718.750,1958.166
153,100,9593.750,3718.750,2000.615
154,100,9656.250,3718.750,2025.008
155,100,9718.750,3718.750,2016.829
156,100,9781.250,3718.750,2017.619
157,100,9843.750,3718.750,2024.935
158,100,9906.250,3718.750,2031.264
159,100,9968.750,3718.750,2037.005
0,101,31.250,3656.250,1644.684
1,101,93.750,3656.250,1650.761
2,101,156.250,3656.250,1674.069
3,101,218.750,3656.250,1724.127
4,101,281.250,3656.250,1774.475
5,101,343.750,3656.250,1793.280
6,101,406.250,3656.250,1799.221
7,101,468.750,3656.250,1797.039
8,101,531.250,3656.250,1797.704
9,101,593.750,3656.250,1810.054
10,101,656.250,3656.250,1834.363
11,101,718.750,3656.250,1867.974
12,101,781.250,3656.250,1902.174
13,101,843.750,3656.250,1914.019
14,101,906.250,3656.250,1910.466
15,101,968.750,3656.250,1914.709
16,101,1031.250,3656.250,1923.498
17,101,1093.750,3656.250,1939.012
18,101,1156.250,3656.250,1958.666
19,101,1218.750,3656.250,1984.952
20,101,1281.250,3656.250,2030.898
21,101,1343.750,3656.250,2105.838
22,101,1406.250,3656.250,2067.390
23,101,1468.750,3656.250,1983.626
24,101,1531.250,3656.250,1898.637
25,101,1593.750,3656.250,1819.876
26,101,1656.250,3656.250,1751.407
27,101,1718.750,3656.250,1700.189
28,101,1781.250,3656.250,1666.638
29,101,1843.750,3656.250,1637.495
30,101,1906.250,3656.250,1600.076
31,101,1968.750,3656.250,1552.827
32,101,2031.250,3656.250,1512.269
33,101,2093.750,3656.250,1503.750
34,101,2156.250,3656.250,1515.680
35,101,2218.750,3656.250,1511.342
36,101,2281.250,3656.250,1482.147
37,101,2343.750,3656.250,1458.671
38,101,2406.250,3656.250,1455.632
39,101,2468.750,3656.250,1458.459
40,101,2531.250,3656.250,1460.487
41,101,2593.750,3656.250,1462.318
42,101,2656.250,3656.250,1466.597
43,101,2718.750,3656.250,1482.316
44,101,2781.250,3656.250,1518.317
45,101,2843.750,3656.250,1558.868
46,101,2906.250,3656.250,1582.270
47,101,2968.750,3656.250,1604.931
48,101,3031.250,3656.250,1651.757
49,101,3093.750,3656.250,1706.175
50,101,3156.250,3656.250,1735.075
51,101,3218.750,3656.250,1748.092
52,101,3281.250,3656.250,1776.108
53,101,3343.750,3656.250,1835.694
54,101,3406.250,3656.250,1894.893
55,101,3468.750,3656.250,1920.858
56,101,3531.250,3656.250,1942.352
57,101,3593.750,3656.250,1962.799
58,101,3656.250,3656.250,1975.013
59,101,3718.750,3656.250,1987.852
60,101,3781.250,3656.250,2007.654
61,101,3843.750,3656.250,2004.747
62,101,3906.250,3656.250,1998.295
63,101,3968.750,3656.250,1991.736
64,101,4031.250,3656.250,1983.524
65,101,4093.750,3656.250,2001.648
66,101,4156.250,3656.250,2065.195
67,101,4218.750,3656.250,2141.347
68,101,4281.250,3656.250,2134.889
69,101,4343.750,3656.250,2095.995
70,101,4406.250,3656.250,2072.897
71,101,4468.750,3656.250,2066.626
72,101,4531.250,3656.250,2091.852
73,101,4593.750,3656.250,2144.986
74,101,4656.250,3656.250,2132.562
75,101,4718.750,3656.250,2111.622
76,101,4781.250,3656.250,2095.612
77,101,4843.750,3656.250,2080.331
78,101,4906.250,3656.250,2072.096
79,101,4968.750,3656.250,2069.473
80,101,5031.250,3656.250,2067.645
81,101,5093.750,3656.250,2066.527
82,101,5156.250,3656.250,2022.833
83,101,5218.750,3656.250,1981.336
84,101,5281.250,3656.250,1954.338
85,101,5343.750,3656.250,1955.499
86,101,5406.250,3656.250,1982.794
87,101,5468.750,3656.250,2011.867
88,101,5531.250,3656.250,2021.196
89,101,5593.750,3656.250,2024.599
90,101,5656.250,3656.250,2050.501
91,101,5718.750,3656.250,2085.867
92,101,5781.250,3656.250,2101.282
93,101,5843.750,3656.250,2090.627
94,101,5906.250,3656.250,2075.618
95,101,5968.750,3656.250,2061.502
96,101,6031.250,3656.250,2030.389
97,101,6093.750,3656.250,2001.420
98,101,6156.250,3656.250,1983.039
99,101,6218.750,3656.250,1964.109
100,101,6281.250,3656.250,1937.786
101,101,6343.750,3656.250,1899.715
102,101,6406.250,3656.250,1867.060
103,101,6468.750,3656.250,1852.607
104,101,6531.250,3656.250,1841.494
105,101,6593.750,3656.250,1816.442
106,101,6656.250,3656.250,1806.627
107,101,6718.750,3656.250,1778.274
108,101,6781.250,3656.250,1714.850
109,101,6843.750,3656.250,1652.808
110,101,6906.250,3656.250,1625.447
111,101,6968.750,3656.250,1617.938
112,101,7031.250,3656.250,1625.682
113,101,7093.750,3656.250,1641.711
114,101,7156.250,3656.250,1663.072
115,101,7218.750,3656.250,1699.495
116,101,7281.250,3656.250,1771.591
117,101,7343.750,3656.250,1846.674
118,101,7406.250,3656.250,1893.433
119,101,7468.750,3656.250,1917.632
120,101,7531.250,3656.250,1935.568
121,101,7593.750,3656.250,1924.250
122,101,7656.250,3656.250,1900.793
123,101,7718.750,3656.250,1892.676
124,101,7781.250,3656.250,1891.691
125,101,7843.750,3656.250,1870.826
126,101,7906.250,3656.250,1832.917
127,101,7968.750,3656.250,1806.441
128,101,8031.250,3656.250,1803.315
129,101,8093.750,3656.250,1811.589
130,101,8156.250,3656.250,1822.740
131,101,8218.750,3656.250,1838.231
132,101,8281.250,3656.250,1869.416
133,101,8343.750,3656.250,1920.542
134,101,8406.250,3656.250,1975.511
135,101,8468.750,3656.250,2018.463
136,101,8531.250,3656.250,2050.572
137,101,8593.750,3656.250,2080.341
138,101,8656.250,3656.250,2120.955
139,101,8718.750,3656.250,2162.097
140,101,8781.250,3656.250,2173.538
141,101,8843.750,3656.250,2144.194
142,101,8906.250,3656.250,2107.656
143,101,8968.750,3656.250,2077.865
144,101,9031.250,3656.250,2045.248
145,101,9093.750,3656.250,2015.436
146,101,9156.250,3656.250,1986.739
147,101,9218.750,3656.250,1961.797
148,101,9281.250,3656.250,1933.725
149,101,9343.750,3656.250,1903.173
150,101,9406.250,3656.250,1890.691
151,101,9468.750,3656.250,1921.535
152,101,9531.250,3656.250,1957.811
153,101,9593.750,3656.250,1982.861
154,101,9656.250,3656.250,1994.204
155,101,9718.750,3656.250,1979.833
156,101,9781.250,3656.250,1967.559
157,101,9843.750,3656.250,1965.826
158,101,9906.250,3656.250,1969.922
159,101,9968.750,3656.250,1974.026
0,102,31.250,3593.750,1623.969
1,102,93.750,3593.750,1629.950
2,102,156.250,3593.750,1641.347
3,102,218.750,3593.750,1685.887
4,102,281.250,3593.750,1747.392
5,102,343.750,3593.750,1765.661
6,102,406.250,3593.750,1750.749
7,102,468.750,3593.750,1737.047
8,102,531.250,3593.750,1736.383
9,102,593.750,3593.750,1742.305
10,102,656.250,3593.750,1769.453
11,102,718.750,3593.750,1809.310
12,102,781.250,3593.750,1844.011
13,102,843.750,3593.750,1855.562
14,102,906.250,3593.750,1858.124
15,102,968.750,3593.750,1872.385
16,102,1031.250,3593.750,1894.195
17,102,1093.750,3593.750,1920.274
18,102,1156.250,3593.750,1953.796
19,102,1218.750,3593.750,1993.597
20,102,1281.250,3593.750,2032.578
21,102,1343.750,3593.750,2080.325
22,102,1406.250,3593.750,2082.705
23,102,1468.750,3593.750,2009.495
24,102,1531.250,3593.750,1925.146
25,102,1593.750,3593.750,1846.274
26,102,1656.250,3593.750,1766.652
27,102,1718.750,3593.750,1698.497
28,102,1781.250,3593.750,1643.218
29,102,1843.750,3593.750,1594.399
30,102,1906.250,3593.750,1552.680
31,102,1968.750,3593.750,1507.973
32,102,2031.250,3593.750,1470.876
33,102,2093.750,3593.750,1477.013
34,102,2156.250,3593.750,1509.435
35,102,2218.750,3593.750,1510.969
36,102,2281.250,3593.750,1485.205
37,102,2343.750,3593.750,1463.815
38,102,2406.250,3593.750,1461.148
39,102,2468.750,3593.750,1465.368
40,102,2531.250,3593.750,1459.573
41,102,2593.750,3593.750,1427.728
42,102,2656.250,3593.750,1413.970
43,102,2718.750,3593.750,1448.932
44,102,2781.250,3593.750,1509.502
45,102,2843.750,3593.750,1557.301
46,102,2906.250,3593.750,1589.740
47,102,2968.750,3593.750,1614.717
48,102,3031.250,3593.750,1650.365
49,102,3093.750,3593.750,1691.914
50,102,3156.250,3593.750,1718.211
51,102,3218.750,3593.750,1729.852
52,102,3281.250,3593.750,1758.323
53,102,3343.750,3593.750,1819.856
54,102,3406.250,3593.750,1875.954
55,102,3468.750,3593.750,1893.524
56,102,3531.250,3593.750,1904.751
57,102,3593.750,3593.750,1919.743
58,102,3656.250,3593.750,1928.545
59,102,3718.750,3593.750,1937.791
60,102,3781.250,3593.750,1961.251
61,102,3843.750,3593.750,1979.114
62,102,3906.250,3593.750,1990.606
63,102,3968.750,3593.750,1992.859
64,102,4031.250,3593.750,1992.166
65,102,4093.750,3593.750,2007.044
66,102,4156.250,3593.750,2050.862
67,102,4218.750,3593.750,2113.772
68,102,4281.250,3593.750,2126.303
69,102,4343.750,3593.750,2061.156
70,102,4406.250,3593.750,2038.297
71,102,4468.750,3593.750,2063.425
72,102,4531.250,3593.750,2110.454
73,102,4593.750,3593.750,2145.995
74,102,4656.250,3593.750,2097.215
75,102,4718.750,3593.750,2082.399
76,102,4781.250,3593.750,2095.291
77,102,4843.750,3593.750,2103.960
78,102,4906.250,3593.750,2096.511
79,102,4968.750,3593.750,2085.834
80,102,5031.250,3593.750,2079.459
81,102,5093.750,3593.750,2070.626
82,102,5156.250,3593.750,2040.414
83,102,5218.750,3593.750,2013.639
84,102,5281.250,3593.750,1994.924
85,102,5343.750,3593.750,1996.618
86,102,5406.250,3593.750,2013.434
87,102,5468.750,3593.750,2035.075
88,102,5531.250,3593.750,2054.933
89,102,5593.750,3593.750,2075.500
90,102,5656.250,3593.750,2099.723
91,102,5718.750,3593.750,2123.661
92,102,5781.250,3593.750,2133.966
93,102,5843.750,3593.750,2136.562
94,102,5906.250,3593.750,2134.119
95,102,5968.750,3593.750,2109.834
96,102,6031.250,3593.750,2049.977
97,102,6093.750,3593.750,2001.072
98,102,6156.250,3593.750,1973.451
99,102,6218.750,3593.750,1945.999
100,102,6281.250,3593.750,1918.580
101,102,6343.750,3593.750,1883.947
102,102,6406.250,3593.750,1850.631
103,102,6468.750,3593.750,1835.587
104,102,6531.250,3593.750,1829.677
105,102,6593.750,3593.750,1808.981
106,102,6656.250,3593.750,1805.424
107,102,6718.750,3593.750,1784.866
108,102,6781.250,3593.750,1723.515
109,102,6843.750,3593.750,1657.850
110,102,6906.250,3593.750,1628.219
111,102,6968.750,3593.750,1617.003
112,102,7031.250,3593.750,1622.720
113,102,7093.750,3593.750,1637.577
114,102,7156.250,3593.750,1656.178
115,102,7218.750,3593.750,1696.233
116,102,7281.250,3593.750,1784.013
117,102,7343.750,3593.750,1865.988
118,102,7406.250,3593.750,1906.499
119,102,7468.750,3593.750,1926.221
120,102,7531.250,3593.750,1942.458
121,102,7593.750,3593.750,1930.379
122,102,7656.250,3593.750,1904.675
123,102,7718.750,3593.750,1893.713
124,102,7781.250,3593.750,1891.539
125,102,7843.750,3593.750,1873.348
126,102,7906.250,3593.750,1843.059
127,102,7968.750,3593.750,1823.780
128,102,8031.250,3593.750,1813.135
129,102,8093.750,3593.750,1808.110
130,102,8156.250,3593.750,1825.217
131,102,8218.750,3593.750,1863.977
132,102,8281.250,3593.750,1899.063
133,102,8343.750,3593.750,1912.653
134,102,8406.250,3593.750,1922.725
135,102,8468.750,3593.750,1955.847
136,102,8531.250,3593.750,1996.062
137,102,8593.750,3593.750,2028.601
138,102,8656.250,3593.750,2072.117
139,102,8718.750,3593.750,2122.687
140,102,8781.250,3593.750,2139.403
141,102,8843.750,3593.750,2112.801
142,102,8906.250,3593.750,2083.588
143,102,8968.750,3593.750,2072.552
144,102,9031.250,3593.750,2061.556
145,102,9093.750,3593.750,2038.073
146,102,9156.250,3593.750,2009.860
147,102,9218.750,3593.750,1992.372
148,102,9281.250,3593.750,1974.410
149,102,9343.750,3593.750,1947.544
150,102,9406.250,3593.750,1932.400
151,102,9468.750,3593.750,1948.852
152,102,9531.250,3593.750,1962.316
153,102,9593.750,3593.750,1961.820
154,102,9656.250,3593.750,1954.551
155,102,9718.750,3593.750,1932.445
156,102,9781.250,3593.750,1904.906
157,102,9843.750,3593.750,1892.561
158,102,9906.250,3593.750,1894.280
159,102,9968.750,3593.750,1897.114
0,103,31.250,3531.250,1628.684
1,103,93.750,3531.250,1625.712
2,103,156.250,3531.250,1619.147
3,103,218.750,3531.250,1647.582
4,103,281.250,3531.250,1703.185
5,103,343.750,3531.250,1718.963
6,103,406.250,3531.250,1698.937
7,103,468.750,3531.250,1685.366
8,103,531.250,3531.250,1689.297
9,103,593.750,3531.250,1696.990
10,103,656.250,3531.250,1726.798
11,103,718.750,3531.250,1770.529
12,103,781.250,3531.250,1807.200
13,103,843.750,3531.250,1821.113
14,103,906.250,3531.250,1829.126
15,103,968.750,3531.250,1850.279
16,103,1031.250,3531.250,1880.737
17,103,1093.750,3531.250,1914.264
18,103,1156.250,3531.250,1954.949
19,103,1218.750,3531.250,2000.152
20,103,1281.250,3531.250,2035.257
21,103,1343.750,3531.250,2068.488
22,103,1406.250,3531.250,2087.138
23,103,1468.750,3531.250,2027.426
24,103,1531.250,3531.250,1950.385
25,103,1593.750,3531.250,1872.386
26,103,1656.250,3531.250,1781.810
27,103,1718.750,3531.250,1696.970
28,103,1781.250,3531.250,1624.090
29,103,1843.750,3531.250,1562.502
30,103,1906.250,3531.250,1519.243
31,103,1968.750,3531.250,1476.720
32,103,2031.250,3531.250,1442.203
33,103,2093.750,3531.250,1454.938
34,103,2156.250,3531.250,1495.420
35,103,2218.750,3531.250,1498.481
36,103,2281.250,3531.250,1473.015
37,103,2343.750,3531.250,1452.037
38,103,2406.250,3531.250,1449.265
39,103,2468.750,3531.250,1453.644
40,103,2531.250,3531.250,1444.672
41,103,2593.750,3531.250,1402.951
42,103,2656.250,3531.250,1387.113
43,103,2718.750,3531.250,1433.916
44,103,2781.250,3531.250,1506.074
45,103,2843.750,3531.250,1556.295
46,103,2906.250,3531.250,1591.296
47,103,2968.750,3531.250,1615.722
48,103,3031.250,3531.250,1645.250
49,103,3093.750,3531.250,1680.537
50,103,3156.250,3531.250,1705.852
51,103,3218.750,3531.250,1717.053
52,103,3281.250,3531.250,1744.995
53,103,3343.750,3531.250,1805.646
54,103,3406.250,3531.250,1858.639
55,103,3468.750,3531.250,1871.735
56,103,3531.250,3531.250,1877.291
57,103,3593.750,3531.250,1888.493
58,103,3656.250,3531.250,1894.871
59,103,3718.750,3531.250,1901.875
60,103,3781.250,3531.250,1925.962
61,103,3843.750,3531.250,1952.509
62,103,3906.250,3531.250,1973.246
63,103,3968.750,3531.250,1981.906
64,103,4031.250,3531.250,1986.507
65,103,4093.750,3531.250,2000.728
66,103,4156.250,3531.250,2036.520
67,103,4218.750,3531.250,2093.762
68,103,4281.250,3531.250,2121.246
69,103,4343.750,3531.250,2047.698
70,103,4406.250,3531.250,2025.568
71,103,4468.750,3531.250,2062.933
72,103,4531.250,3531.250,2119.199
73,103,4593.750,3531.250,2123.830
74,103,4656.250,3531.250,2077.523
75,103,4718.750,3531.250,2066.892
76,103,4781.250,3531.250,2096.062
77,103,4843.750,3531.250,2120.962
78,103,4906.250,3531.250,2110.071
79,103,4968.750,3531.250,2106.928
80,103,5031.250,3531.250,2096.421
81,103,5093.750,3531.250,2078.559
82,103,5156.250,3531.250,2066.132
83,103,5218.750,3531.250,2057.956
84,103,5281.250,3531.250,2051.272
85,103,5343.750,3531.250,2053.827
86,103,5406.250,3531.250,2061.506
87,103,5468.750,3531.250,2073.129
88,103,5531.250,3531.250,2090.055
89,103,5593.750,3531.250,2112.526
90,103,5656.250,3531.250,2135.908
91,103,5718.750,3531.250,2158.887
92,103,5781.250,3531.250,2172.465
93,103,5843.750,3531.250,2184.866
94,103,5906.250,3531.250,2183.988
95,103,5968.750,3531.250,2156.284
96,103,6031.250,3531.250,2079.346
97,103,6093.750,3531.250,2016.090
98,103,6156.250,3531.250,1978.899
99,103,6218.750,3531.250,1944.436
100,103,6281.250,3531.250,1915.570
101,103,6343.750,3531.250,1880.270
102,103,6406.250,3531.250,1843.905
103,103,6468.750,3531.250,1825.830
104,103,6531.250,3531.250,1820.425
105,103,6593.750,3531.250,1802.806
106,103,6656.250,3531.250,1806.854
107,103,6718.750,3531.250,1796.346
108,103,6781.250,3531.250,1742.750
109,103,6843.750,3531.250,1680.714
110,103,6906.250,3531.250,1651.992
111,103,6968.750,3531.250,1640.123
112,103,7031.250,3531.250,1645.148
113,103,7093.750,3531.250,1659.282
114,103,7156.250,3531.250,1676.477
115,103,7218.750,3531.250,1717.120
116,103,7281.250,3531.250,1807.441
117,103,7343.750,3531.250,1886.895
118,103,7406.250,3531.250,1919.499
119,103,7468.750,3531.250,1933.064
120,103,7531.250,3531.250,1946.204
121,103,7593.750,3531.250,1932.898
122,103,7656.250,3531.250,1906.487
123,103,7718.750,3531.250,1895.211
124,103,7781.250,3531.250,1893.781
125,103,7843.750,3531.250,1878.671
126,103,7906.250,3531.250,1855.796
127,103,7968.750,3531.250,1844.793
128,103,8031.250,3531.250,1836.402
129,103,8093.750,3531.250,1829.455
130,103,8156.250,3531.250,1847.506
131,103,8218.750,3531.250,1887.024
132,103,8281.250,3531.250,1911.411
133,103,8343.750,3531.250,1898.444
134,103,8406.250,3531.250,1882.649
135,103,8468.750,3531.250,1909.119
136,103,8531.250,3531.250,1951.638
137,103,8593.750,3531.250,1984.563
138,103,8656.250,3531.250,2028.722
139,103,8718.750,3531.250,2083.036
140,103,8781.250,3531.250,2103.801
141,103,8843.750,3531.250,2084.544
142,103,8906.250,3531.250,2066.223
143,103,8968.750,3531.250,2069.862
144,103,9031.250,3531.250,2073.421
145,103,9093.750,3531.250,2056.016
146,103,9156.250,3531.250,2033.113
147,103,9218.750,3531.250,2025.167
148,103,9281.250,3531.250,2017.795
149,103,9343.750,3531.250,1996.600
150,103,9406.250,3531.250,1978.937
151,103,9468.750,3531.250,1978.900
152,103,9531.250,3531.250,1967.300
153,103,9593.750,3531.250,1940.526
154,103,9656.250,3531.250,1914.572
155,103,9718.750,3531.250,1885.951
156,103,9781.250,3531.250,1850.212
157,103,9843.750,3531.250,1831.762
158,103,9906.250,3531.250,1831.920
159,103,9968.750,3531.250,1835.151
0,104,31.250,3468.750,1664.561
1,104,93.750,3468.750,1648.245
2,104,156.250,3468.750,1622.432
3,104,218.750,3468.750,1616.892
4,104,281.250,3468.750,1636.258
5,104,343.750,3468.750,1649.082
6,104,406.250,3468.750,1652.644
7,104,468.750,3468.750,1657.475
8,104,531.250,3468.750,1668.572
9,104,593.750,3468.750,1682.657
10,104,656.250,3468.750,1711.239
11,104,718.750,3468.750,1750.215
12,104,781.250,3468.750,1788.603
13,104,843.750,3468.750,1816.269
14,104,906.250,3468.750,1838.933
15,104,968.750,3468.750,1863.218
16,104,1031.250,3468.750,1895.659
17,104,1093.750,3468.750,1931.587
18,104,1156.250,3468.750,1971.481
19,104,1218.750,3468.750,2013.767
20,104,1281.250,3468.750,2048.510
21,104,1343.750,3468.750,2074.918
22,104,1406.250,3468.750,2078.281
23,104,1468.750,3468.750,2034.909
24,104,1531.250,3468.750,1974.810
25,104,1593.750,3468.750,1898.112
26,104,1656.250,3468.750,1790.816
27,104,1718.750,3468.750,1688.699
28,104,1781.250,3468.750,1608.737
29,104,1843.750,3468.750,1546.884
30,104,1906.250,3468.750,1509.474
31,104,1968.750,3468.750,1481.650
32,104,2031.250,3468.750,1456.224
33,104,2093.750,3468.750,1459.857
34,104,2156.250,3468.750,1484.681
35,104,2218.750,3468.750,1483.380
36,104,2281.250,3468.750,1461.278
37,104,2343.750,3468.750,1442.974
38,104,2406.250,3468.750,1435.263
39,104,2468.750,3468.750,1431.931
40,104,2531.250,3468.750,1423.335
41,104,2593.750,3468.750,1395.997
42,104,2656.250,3468.750,1393.619
43,104,2718.750,3468.750,1437.674
44,104,2781.250,3468.750,1497.942
45,104,2843.750,3468.750,1545.287
46,104,2906.250,3468.750,1587.417
47,104,2968.750,3468.750,1616.097
48,104,3031.250,3468.750,1634.905
49,104,3093.750,3468.750,1655.186
50,104,3156.250,3468.750,1680.719
51,104,3218.750,3468.750,1705.594
52,104,3281.250,3468.750,1739.980
53,104,3343.750,3468.750,1796.481
54,104,3406.250,3468.750,1847.666
55,104,3468.750,3468.750,1859.835
56,104,3531.250,3468.750,1852.884
57,104,3593.750,3468.750,1853.654
58,104,3656.250,3468.750,1860.630
59,104,3718.750,3468.750,1870.169
60,104,3781.250,3468.750,1892.688
61,104,3843.750,3468.750,1922.925
62,104,3906.250,3468.750,1950.130
63,104,3968.750,3468.750,1968.952
64,104,4031.250,3468.750,1984.010
65,104,4093.750,3468.750,1998.441
66,104,4156.250,3468.750,2024.547
67,104,4218.750,3468.750,2075.090
68,104,4281.250,3468.750,2121.348
69,104,4343.750,3468.750,2049.574
70,104,4406.250,3468.750,2030.103
71,104,4468.750,3468.750,2072.896
72,104,4531.250,3468.750,2132.431
73,104,4593.750,3468.750,2105.409
74,104,4656.250,3468.750,2063.981
75,104,4718.750,3468.750,2057.253
76,104,4781.250,3468.750,2096.807
77,104,4843.750,3468.750,2125.350
78,104,4906.250,3468.750,2106.026
79,104,4968.750,3468.750,2095.551
80,104,5031.250,3468.750,2086.925
81,104,5093.750,3468.750,2089.136
82,104,5156.250,3468.750,2074.391
83,104,5218.750,3468.750,2052.569
84,104,5281.250,3468.750,2042.430
85,104,5343.750,3468.750,2042.710
86,104,5406.250,3468.750,2065.770
87,104,5468.750,3468.750,2103.246
88,104,5531.250,3468.750,2111.605
89,104,5593.750,3468.750,2133.596
90,104,5656.250,3468.750,2157.265
91,104,5718.750,3468.750,2158.140
92,104,5781.250,3468.750,2162.709
93,104,5843.750,3468.750,2165.244
94,104,5906.250,3468.750,2165.154
95,104,5968.750,3468.750,2183.593
96,104,6031.250,3468.750,2112.083
97,104,6093.750,3468.750,2047.500
98,104,6156.250,3468.750,1999.936
99,104,6218.750,3468.750,1957.907
100,104,6281.250,3468.750,1929.341
101,104,6343.750,3468.750,1902.968
102,104,6406.250,3468.750,1871.789
103,104,6468.750,3468.750,1841.580
104,104,6531.250,3468.750,1817.019
105,104,6593.750,3468.750,1794.198
106,104,6656.250,3468.750,1800.871
107,104,6718.750,3468.750,1799.195
108,104,6781.250,3468.750,1756.535
109,104,6843.750,3468.750,1702.699
110,104,6906.250,3468.750,1678.819
111,104,6968.750,3468.750,1671.301
112,104,7031.250,3468.750,1678.305
113,104,7093.750,3468.750,1695.578
114,104,7156.250,3468.750,1717.956
115,104,7218.750,3468.750,1757.319
116,104,7281.250,3468.750,1836.004
117,104,7343.750,3468.750,1903.617
118,104,7406.250,3468.750,1929.015
119,104,7468.750,3468.750,1935.837
120,104,7531.250,3468.750,1941.918
121,104,7593.750,3468.750,1921.193
122,104,7656.250,3468.750,1893.452
123,104,7718.750,3468.750,1882.602
124,104,7781.250,3468.750,1879.704
125,104,7843.750,3468.750,1868.499
126,104,7906.250,3468.750,1861.015
127,104,7968.750,3468.750,1863.981
128,104,8031.250,3468.750,1867.453
129,104,8093.750,3468.750,1870.458
130,104,8156.250,3468.750,1884.200
131,104,8218.750,3468.750,1904.344
132,104,8281.250,3468.750,1907.174
133,104,8343.750,3468.750,1881.414
134,104,8406.250,3468.750,1860.471
135,104,8468.750,3468.750,1884.350
136,104,8531.250,3468.750,1926.247
137,104,8593.750,3468.750,1959.878
138,104,8656.250,3468.750,1998.687
139,104,8718.750,3468.750,2043.867
140,104,8781.250,3468.750,2065.953
141,104,8843.750,3468.750,2059.913
142,104,8906.250,3468.750,2055.801
143,104,8968.750,3468.750,2072.544
144,104,9031.250,3468.750,2089.892
145,104,9093.750,3468.750,2078.674
146,104,9156.250,3468.750,2056.254
147,104,9218.750,3468.750,2050.409
148,104,9281.250,3468.750,2051.692
149,104,9343.750,3468.750,2038.592
150,104,9406.250,3468.750,2020.738
151,104,9468.750,3468.750,2013.045
152,104,9531.250,3468.750,1984.062
153,104,9593.750,3468.750,1929.807
154,104,9656.250,3468.750,1880.783
155,104,9718.750,3468.750,1847.299
156,104,9781.250,3468.750,1808.638
157,104,9843.750,3468.750,1786.624
158,104,9906.250,3468.750,1786.551
159,104,9968.750,3468.750,1792.582
0,105,31.250,3406.250,1707.897
1,105,93.750,3406.250,1679.746
2,105,156.250,3406.250,1637.822
3,105,218.750,3406.250,1593.414
4,105,281.250,3406.250,1567.110
5,105,343.750,3406.250,1580.375
6,105,406.250,3406.250,1621.253
7,105,468.750,3406.250,1651.066
8,105,531.250,3406.250,1666.457
9,105,593.750,3406.250,1684.172
10,105,656.250,3406.250,1707.677
11,105,718.750,3406.250,1737.062
12,105,781.250,3406.250,1776.402
13,105,843.750,3406.250,1823.721
14,105,906.250,3406.250,1866.335
15,105,968.750,3406.250,1890.990
16,105,1031.250,3406.250,1920.727
17,105,1093.750,3406.250,1955.378
18,105,1156.250,3406.250,1991.514
19,105,1218.750,3406.250,2028.602
20,105,1281.250,3406.250,2064.336
21,105,1343.750,3406.250,2075.570
22,105,1406.250,3406.250,2063.564
23,105,1468.750,3406.250,2036.031
24,105,1531.250,3406.250,1995.519
25,105,1593.750,3406.250,1919.943
26,105,1656.250,3406.250,1793.999
27,105,1718.750,3406.250,1676.679
28,105,1781.250,3406.250,1596.738
29,105,1843.750,3406.250,1540.990
30,105,1906.250,3406.250,1513.304
31,105,1968.750,3406.250,1508.176
32,105,2031.250,3406.250,1496.098
33,105,2093.750,3406.250,1484.125
34,105,2156.250,3406.250,1483.730
35,105,2218.750,3406.250,1476.511
36,105,2281.250,3406.250,1460.949
37,105,2343.750,3406.250,1447.325
38,105,2406.250,3406.250,1431.783
39,105,2468.750,3406.250,1416.203
40,105,2531.250,3406.250,1407.993
41,105,2593.750,3406.250,1400.033
42,105,2656.250,3406.250,1413.374
43,105,2718.750,3406.250,1447.136
44,105,2781.250,3406.250,1484.664
45,105,2843.750,3406.250,1527.051
46,105,2906.250,3406.250,1581.332
47,105,2968.750,3406.250,1617.871
48,105,3031.250,3406.250,1620.465
49,105,3093.750,3406.250,1617.303
50,105,3156.250,3406.250,1643.298
51,105,3218.750,3406.250,1691.010
52,105,3281.250,3406.250,1737.636
53,105,3343.750,3406.250,1790.090
54,105,3406.250,3406.250,1841.225
55,105,3468.750,3406.250,1854.091
56,105,3531.250,3406.250,1829.546
57,105,3593.750,3406.250,1815.676
58,105,3656.250,3406.250,1824.267
59,105,3718.750,3406.250,1837.829
60,105,3781.250,3406.250,1857.824
61,105,3843.750,3406.250,1893.422
62,105,3906.250,3406.250,1930.042
63,105,3968.750,3406.250,1963.586
64,105,4031.250,3406.250,1993.090
65,105,4093.750,3406.250,2006.009
66,105,4156.250,3406.250,2015.465
67,105,4218.750,3406.250,2054.759
68,105,4281.250,3406.250,2121.353
69,105,4343.750,3406.250,2050.939
70,105,4406.250,3406.250,2035.172
71,105,4468.750,3406.250,2086.183
72,105,4531.250,3406.250,2128.863
73,105,4593.750,3406.250,2081.649
74,105,4656.250,3406.250,2045.420
75,105,4718.750,3406.250,2043.007
76,105,4781.250,3406.250,2093.744
77,105,4843.750,3406.250,2119.211
78,105,4906.250,3406.250,2093.080
79,105,4968.750,3406.250,2075.240
80,105,5031.250,3406.250,2069.872
81,105,5093.750,3406.250,2095.074
82,105,5156.250,3406.250,2052.996
83,105,5218.750,3406.250,2015.445
84,105,5281.250,3406.250,1995.433
85,105,5343.750,3406.250,1998.064
86,105,5406.250,3406.250,2039.249
87,105,5468.750,3406.250,2094.121
88,105,5531.250,3406.250,2118.520
89,105,5593.750,3406.250,2132.553
90,105,5656.250,3406.250,2136.660
91,105,5718.750,3406.250,2139.496
92,105,5781.250,3406.250,2141.847
93,105,5843.750,3406.250,2146.928
94,105,5906.250,3406.250,2158.167
95,105,5968.750,3406.250,2187.331
96,105,6031.250,3406.250,2136.655
97,105,6093.750,3406.250,2079.154
98,105,6156.250,3406.250,2023.515
99,105,6218.750,3406.250,1974.913
100,105,6281.250,3406.250,1948.496
101,105,6343.750,3406.250,1940.200
102,105,6406.250,3406.250,1922.358
103,105,6468.750,3406.250,1876.770
104,105,6531.250,3406.250,1822.083
105,105,6593.750,3406.250,1787.011
106,105,6656.250,3406.250,1789.809
107,105,6718.750,3406.250,1793.739
108,105,6781.250,3406.250,1761.315
109,105,6843.750,3406.250,1715.890
110,105,6906.250,3406.250,1698.547
111,105,6968.750,3406.250,1697.558
112,105,7031.250,3406.250,1708.073
113,105,7093.750,3406.250,1731.061
114,105,7156.250,3406.250,1762.373
115,105,7218.750,3406.250,1801.140
116,105,7281.250,3406.250,1865.761
117,105,7343.750,3406.250,1920.661
118,105,7406.250,3406.250,1940.269
119,105,7468.750,3406.250,1939.592
120,105,7531.250,3406.250,1935.128
121,105,7593.750,3406.250,1902.382
122,105,7656.250,3406.250,1872.124
123,105,7718.750,3406.250,1861.105
124,105,7781.250,3406.250,1854.456
125,105,7843.750,3406.250,1846.920
126,105,7906.250,3406.250,1858.407
127,105,7968.750,3406.250,1876.764
128,105,8031.250,3406.250,1893.119
129,105,8093.750,3406.250,1908.820
130,105,8156.250,3406.250,1917.550
131,105,8218.750,3406.250,1916.110
132,105,8281.250,3406.250,1898.383
133,105,8343.750,3406.250,1865.966
134,105,8406.250,3406.250,1846.433
135,105,8468.750,3406.250,1869.025
136,105,8531.250,3406.250,1910.840
137,105,8593.750,3406.250,1946.498
138,105,8656.250,3406.250,1977.254
139,105,8718.750,3406.250,2007.441
140,105,8781.250,3406.250,2029.647
141,105,8843.750,3406.250,2038.174
142,105,8906.250,3406.250,2047.810
143,105,8968.750,3406.250,2076.886
144,105,9031.250,3406.250,2109.978
145,105,9093.750,3406.250,2105.648
146,105,9156.250,3406.250,2078.480
147,105,9218.750,3406.250,2067.423
148,105,9281.250,3406.250,2073.502
149,105,9343.750,3406.250,2067.485
150,105,9406.250,3406.250,2050.957
151,105,9468.750,3406.250,2043.906
152,105,9531.250,3406.250,2006.215
153,105,9593.750,3406.250,1927.195
154,105,9656.250,3406.250,1855.346
155,105,9718.750,3406.250,1819.754
156,105,9781.250,3406.250,1780.678
157,105,9843.750,3406.250,1755.696
158,105,9906.250,3406.250,1755.107
159,105,9968.750,3406.250,1763.371
0,106,31.250,3343.750,1730.014
1,106,93.750,3343.750,1695.558
2,106,156.250,3343.750,1645.258
3,106,218.750,3343.750,1578.235
4,106,281.250,3343.750,1525.076
5,106,343.750,3343.750,1540.125
6,106,406.250,3343.750,1605.110
7,106,468.750,3343.750,1649.819
8,106,531.250,3343.750,1665.277
9,106,593.750,3343.750,1682.281
10,106,656.250,3343.750,1700.866
11,106,718.750,3343.750,1724.353
12,106,781.250,3343.750,1765.588
13,106,843.750,3343.750,1826.606
14,106,906.250,3343.750,1882.023
15,106,968.750,3343.750,1905.349
16,106,1031.250,3343.750,1930.946
17,106,1093.750,3343.750,1963.078
18,106,1156.250,3343.750,1997.062
19,106,1218.750,3343.750,2032.108
20,106,1281.250,3343.750,2060.778
21,106,1343.750,3343.750,2059.444
22,106,1406.250,3343.750,2052.417
23,106,1468.750,3343.750,2033.209
24,106,1531.250,3343.750,2003.830
25,106,1593.750,3343.750,1929.356
26,106,1656.250,3343.750,1794.352
27,106,1718.750,3343.750,1670.941
28,106,1781.250,3343.750,1593.589
29,106,1843.750,3343.750,1543.103
30,106,1906.250,3343.750,1522.485
31,106,1968.750,3343.750,1532.260
32,106,2031.250,3343.750,1528.431
33,106,2093.750,3343.750,1505.851
34,106,2156.250,3343.750,1488.633
35,106,2218.750,3343.750,1476.933
36,106,2281.250,3343.750,1464.941
37,106,2343.750,3343.750,1453.660
38,106,2406.250,3343.750,1432.571
39,106,2468.750,3343.750,1408.692
40,106,2531.250,3343.750,1400.133
41,106,2593.750,3343.750,1403.388
42,106,2656.250,3343.750,1425.491
43,106,2718.750,3343.750,1451.656
44,106,2781.250,3343.750,1473.616
45,106,2843.750,3343.750,1512.033
46,106,2906.250,3343.750,1573.613
47,106,2968.750,3343.750,1615.047
48,106,3031.250,3343.750,1607.429
49,106,3093.750,3343.750,1589.644
50,106,3156.250,3343.750,1616.202
51,106,3218.750,3343.750,1678.428
52,106,3281.250,3343.750,1733.017
53,106,3343.750,3343.750,1783.624
54,106,3406.250,3343.750,1836.223
55,106,3468.750,3343.750,1851.398
56,106,3531.250,3343.750,1817.381
57,106,3593.750,3343.750,1794.772
58,106,3656.250,3343.750,1803.306
59,106,3718.750,3343.750,1817.693
60,106,3781.250,3343.750,1834.800
61,106,3843.750,3343.750,1873.597
62,106,3906.250,3343.750,1916.770
63,106,3968.750,3343.750,1960.161
64,106,4031.250,3343.750,1998.465
65,106,4093.750,3343.750,2009.541
66,106,4156.250,3343.750,2007.602
67,106,4218.750,3343.750,2039.242
68,106,4281.250,3343.750,2117.265
69,106,4343.750,3343.750,2047.908
70,106,4406.250,3343.750,2034.893
71,106,4468.750,3343.750,2091.323
72,106,4531.250,3343.750,2111.056
73,106,4593.750,3343.750,2063.740
74,106,4656.250,3343.750,2030.091
75,106,4718.750,3343.750,2030.651
76,106,4781.250,3343.750,2088.438
77,106,4843.750,3343.750,2111.647
78,106,4906.250,3343.750,2082.558
79,106,4968.750,3343.750,2061.148
80,106,5031.250,3343.750,2058.323
81,106,5093.750,3343.750,2096.980
82,106,5156.250,3343.750,2040.864
83,106,5218.750,3343.750,1996.425
84,106,5281.250,3343.750,1972.545
85,106,5343.750,3343.750,1977.252
86,106,5406.250,3343.750,2028.557
87,106,5468.750,3343.750,2089.659
88,106,5531.250,3343.750,2116.798
89,106,5593.750,3343.750,2119.520
90,106,5656.250,3343.750,2123.421
91,106,5718.750,3343.750,2128.192
92,106,5781.250,3343.750,2130.164
93,106,5843.750,3343.750,2137.992
94,106,5906.250,3343.750,2157.450
95,106,5968.750,3343.750,2188.766
96,106,6031.250,3343.750,2149.305
97,106,6093.750,3343.750,2097.757
98,106,6156.250,3343.750,2038.496
99,106,6218.750,3343.750,1986.734
100,106,6281.250,3343.750,1962.166
101,106,6343.750,3343.750,1967.160
102,106,6406.250,3343.750,1960.222
103,106,6468.750,3343.750,1906.769
104,106,6531.250,3343.750,1832.906
105,106,6593.750,3343.750,1788.184
106,106,6656.250,3343.750,1786.241
107,106,6718.750,3343.750,1792.822
108,106,6781.250,3343.750,1767.400
109,106,6843.750,3343.750,1728.547
110,106,6906.250,3343.750,1716.659
111,106,6968.750,3343.750,1720.448
112,106,7031.250,3343.750,1733.765
113,106,7093.750,3343.750,1760.785
114,106,7156.250,3343.750,1797.903
115,106,7218.750,3343.750,1836.462
116,106,7281.250,3343.750,1892.623
117,106,7343.750,3343.750,1939.742
118,106,7406.250,3343.750,1955.069
119,106,7468.750,3343.750,1947.643
120,106,7531.250,3343.750,1934.025
121,106,7593.750,3343.750,1891.952
122,106,7656.250,3343.750,1859.640
123,106,7718.750,3343.750,1848.670
124,106,7781.250,3343.750,1839.736
125,106,7843.750,3343.750,1833.886
126,106,7906.250,3343.750,1856.236
127,106,7968.750,3343.750,1883.118
128,106,8031.250,3343.750,1906.645
129,106,8093.750,3343.750,1929.521
130,106,8156.250,3343.750,1934.494
131,106,8218.750,3343.750,1919.884
132,106,8281.250,3343.750,1890.605
133,106,8343.750,3343.750,1855.378
134,106,8406.250,3343.750,1837.569
135,106,8468.750,3343.750,1859.489
136,106,8531.250,3343.750,1901.622
137,106,8593.750,3343.750,1939.318
138,106,8656.250,3343.750,1965.737
139,106,8718.750,3343.750,1986.756
140,106,8781.250,3343.750,2008.822
141,106,8843.750,3343.750,2025.543
142,106,8906.250,3343.750,2042.470
143,106,8968.750,3343.750,2078.245
144,106,9031.250,3343.750,2121.316
145,106,9093.750,3343.750,2122.062
146,106,9156.250,3343.750,2091.766
147,106,9218.750,3343.750,2075.449
148,106,9281.250,3343.750,2081.560
149,106,9343.750,3343.750,2077.663
150,106,9406.250,3343.750,2061.814
151,106,9468.750,3343.750,2057.085
152,106,9531.250,3343.750,2016.746
153,106,9593.750,3343.750,1924.731
154,106,9656.250,3343.750,1840.579
155,106,9718.750,3343.750,1805.162
156,106,9781.250,3343.750,1767.121
157,106,9843.750,3343.750,1740.662
158,106,9906.250,3343.750,1738.801
159,106,9968.750,3343.750,1747.068
0,107,31.250,3281.250,1716.923
1,107,93.750,3281.250,1688.613
2,107,156.250,3281.250,1643.180
3,107,218.750,3281.250,1578.343
4,107,281.250,3281.250,1527.371
5,107,343.750,3281.250,1542.413
6,107,406.250,3281.250,1604.672
7,107,468.750,3281.250,1646.103
8,107,531.250,3281.250,1653.301
9,107,593.750,3281.250,1659.530
10,107,656.250,3281.250,1675.930
11,107,718.750,3281.250,1704.112
12,107,781.250,3281.250,1748.907
13,107,843.750,3281.250,1807.227
14,107,906.250,3281.250,1858.225
15,107,968.750,3281.250,1880.998
16,107,1031.250,3281.250,1907.230
17,107,1093.750,3281.250,1940.771
18,107,1156.250,3281.250,1979.607
19,107,1218.750,3281.250,2021.039
20,107,1281.250,3281.250,2057.076
21,107,1343.750,3281.250,2058.449
22,107,1406.250,3281.250,2053.222
23,107,1468.750,3281.250,2032.638
24,107,1531.250,3281.250,2000.746
25,107,1593.750,3281.250,1928.225
26,107,1656.250,3281.250,1799.141
27,107,1718.750,3281.250,1681.127
28,107,1781.250,3281.250,1605.089
29,107,1843.750,3281.250,1553.793
30,107,1906.250,3281.250,1533.925
31,107,1968.750,3281.250,1546.041
32,107,2031.250,3281.250,1542.703
33,107,2093.750,3281.250,1515.525
34,107,2156.250,3281.250,1491.995
35,107,2218.750,3281.250,1478.129
36,107,2281.250,3281.250,1467.005
37,107,2343.750,3281.250,1456.351
38,107,2406.250,3281.250,1435.044
39,107,2468.750,3281.250,1410.833
40,107,2531.250,3281.250,1402.349
41,107,2593.750,3281.250,1409.507
42,107,2656.250,3281.250,1433.526
43,107,2718.750,3281.250,1460.519
44,107,2781.250,3281.250,1484.398
45,107,2843.750,3281.250,1520.810
46,107,2906.250,3281.250,1574.386
47,107,2968.750,3281.250,1611.455
48,107,3031.250,3281.250,1608.459
49,107,3093.750,3281.250,1597.209
50,107,3156.250,3281.250,1624.218
51,107,3218.750,3281.250,1680.346
52,107,3281.250,3281.250,1730.761
53,107,3343.750,3281.250,1778.012
54,107,3406.250,3281.250,1826.358
55,107,3468.750,3281.250,1844.101
56,107,3531.250,3281.250,1821.303
57,107,3593.750,3281.250,1804.759
58,107,3656.250,3281.250,1807.952
59,107,3718.750,3281.250,1814.879
60,107,3781.250,3281.250,1830.225
61,107,3843.750,3281.250,1873.066
62,107,3906.250,3281.250,1919.178
63,107,3968.750,3281.250,1954.941
64,107,4031.250,3281.250,1981.010
65,107,4093.750,3281.250,1990.848
66,107,4156.250,3281.250,1997.745
67,107,4218.750,3281.250,2034.893
68,107,4281.250,3281.250,2108.546
69,107,4343.750,3281.250,2044.231
70,107,4406.250,3281.250,2031.064
71,107,4468.750,3281.250,2080.033
72,107,4531.250,3281.250,2113.487
73,107,4593.750,3281.250,2061.399
74,107,4656.250,3281.250,2021.190
75,107,4718.750,3281.250,2021.622
76,107,4781.250,3281.250,2080.076
77,107,4843.750,3281.250,2112.422
78,107,4906.250,3281.250,2084.804
79,107,4968.750,3281.250,2063.888
80,107,5031.250,3281.250,2060.423
81,107,5093.750,3281.250,2093.482
82,107,5156.250,3281.250,2047.633
83,107,5218.750,3281.250,2001.846
84,107,5281.250,3281.250,1973.947
85,107,5343.750,3281.250,1977.021
86,107,5406.250,3281.250,2022.835
87,107,5468.750,3281.250,2079.143
88,107,5531.250,3281.250,2106.066
89,107,5593.750,3281.250,2110.612
90,107,5656.250,3281.250,2117.039
91,107,5718.750,3281.250,2131.264
92,107,5781.250,3281.250,2140.234
93,107,5843.750,3281.250,2146.911
94,107,5906.250,3281.250,2163.320
95,107,5968.750,3281.250,2193.614
96,107,6031.250,3281.250,2154.683
97,107,6093.750,3281.250,2106.118
98,107,6156.250,3281.250,2049.297
99,107,6218.750,3281.250,1999.891
100,107,6281.250,3281.250,1973.888
101,107,6343.750,3281.250,1969.229
102,107,6406.250,3281.250,1956.638
103,107,6468.750,3281.250,1911.523
104,107,6531.250,3281.250,1849.101
105,107,6593.750,3281.250,1804.695
106,107,6656.250,3281.250,1795.760
107,107,6718.750,3281.250,1798.509
108,107,6781.250,3281.250,1777.024
109,107,6843.750,3281.250,1744.204
110,107,6906.250,3281.250,1734.609
111,107,6968.750,3281.250,1737.615
112,107,7031.250,3281.250,1751.531
113,107,7093.750,3281.250,1781.768
114,107,7156.250,3281.250,1821.485
115,107,7218.750,3281.250,1858.221
116,107,7281.250,3281.250,1905.378
117,107,7343.750,3281.250,1945.880
118,107,7406.250,3281.250,1965.025
119,107,7468.750,3281.250,1963.961
120,107,7531.250,3281.250,1948.596
121,107,7593.750,3281.250,1901.244
122,107,7656.250,3281.250,1864.486
123,107,7718.750,3281.250,1854.922
124,107,7781.250,3281.250,1850.598
125,107,7843.750,3281.250,1844.220
126,107,7906.250,3281.250,1861.366
127,107,7968.750,3281.250,1885.544
128,107,8031.250,3281.250,1909.399
129,107,8093.750,3281.250,1931.550
130,107,8156.250,3281.250,1935.115
131,107,8218.750,3281.250,1917.836
132,107,8281.250,3281.250,1887.741
133,107,8343.750,3281.250,1854.867
134,107,8406.250,3281.250,1839.622
135,107,8468.750,3281.250,1861.475
136,107,8531.250,3281.250,1902.257
137,107,8593.750,3281.250,1938.390
138,107,8656.250,3281.250,1962.845
139,107,8718.750,3281.250,1982.053
140,107,8781.250,3281.250,2004.342
141,107,8843.750,3281.250,2024.326
142,107,8906.250,3281.250,2042.709
143,107,8968.750,3281.250,2074.223
144,107,9031.250,3281.250,2112.257
145,107,9093.750,3281.250,2113.678
146,107,9156.250,3281.250,2087.669
147,107,9218.750,3281.250,2073.965
148,107,9281.250,3281.250,2078.878
149,107,9343.750,3281.250,2072.757
150,107,9406.250,3281.250,2055.931
151,107,9468.750,3281.250,2049.536
152,107,9531.250,3281.250,2008.488
153,107,9593.750,3281.250,1917.861
154,107,9656.250,3281.250,1835.732
155,107,9718.750,3281.250,1802.337
156,107,9781.250,3281.250,1770.190
157,107,9843.750,3281.250,1747.335
158,107,9906.250,3281.250,1741.152
159,107,9968.750,3281.250,1742.824
0,108,31.250,3218.750,1692.764
1,108,93.750,3218.750,1681.539
2,108,156.250,3218.750,1650.465
3,108,218.750,3218.750,1594.756
4,108,281.250,3218.750,1552.584
5,108,343.750,3218.750,1566.139
6,108,406.250,3218.750,1617.603
7,108,468.750,3218.750,1648.852
8,108,531.250,3218.750,1635.920
9,108,593.750,3218.750,1616.432
10,108,656.250,3218.750,1629.783
11,108,718.750,3218.750,1670.659
12,108,781.250,3218.750,1722.962
13,108,843.750,3218.750,1770.720
14,108,906.250,3218.750,1807.331
15,108,968.750,3218.750,1831.100
16,108,1031.250,3218.750,1863.786
17,108,1093.750,3218.750,1904.181
18,108,1156.250,3218.750,1955.027
19,108,1218.750,3218.750,2010.629
20,108,1281.250,3218.750,2056.142
21,108,1343.750,3218.750,2067.385
22,108,1406.250,3218.750,2064.682
23,108,1468.750,3218.750,2039.074
24,108,1531.250,3218.750,1999.129
25,108,1593.750,3218.750,1929.956
26,108,1656.250,3218.750,1812.079
27,108,1718.750,3218.750,1703.209
28,108,1781.250,3218.750,1628.020
29,108,1843.750,3218.750,1573.969
30,108,1906.250,3218.750,1553.761
31,108,1968.750,3218.750,1569.643
32,108,2031.250,3218.750,1567.633
33,108,2093.750,3218.750,1530.606
34,108,2156.250,3218.750,1493.625
35,108,2218.750,3218.750,1476.975
36,108,2281.250,3218.750,1470.860
37,108,2343.750,3218.750,1464.494
38,108,2406.250,3218.750,1445.527
39,108,2468.750,3218.750,1423.299
40,108,2531.250,3218.750,1418.342
41,108,2593.750,3218.750,1438.615
42,108,2656.250,3218.750,1469.091
43,108,2718.750,3218.750,1498.364
44,108,2781.250,3218.750,1527.535
45,108,2843.750,3218.750,1558.180
46,108,2906.250,3218.750,1589.704
47,108,2968.750,3218.750,1616.675
48,108,3031.250,3218.750,1630.005
49,108,3093.750,3218.750,1639.333
50,108,3156.250,3218.750,1666.357
51,108,3218.750,3218.750,1702.335
52,108,3281.250,3218.750,1737.572
53,108,3343.750,3218.750,1772.531
54,108,3406.250,3218.750,1806.401
55,108,3468.750,3218.750,1828.447
56,108,3531.250,3218.750,1834.587
57,108,3593.750,3218.750,1834.234
58,108,3656.250,3218.750,1824.784
59,108,3718.750,3218.750,1814.716
60,108,3781.250,3218.750,1828.439
61,108,3843.750,3218.750,1882.649
62,108,3906.250,3218.750,1935.024
63,108,3968.750,3218.750,1948.338
64,108,4031.250,3218.750,1941.258
65,108,4093.750,3218.750,1950.710
66,108,4156.250,3218.750,1985.614
67,108,4218.750,3218.750,2040.295
68,108,4281.250,3218.750,2101.930
69,108,4343.750,3218.750,2050.544
70,108,4406.250,3218.750,2036.067
71,108,4468.750,3218.750,2064.015
72,108,4531.250,3218.750,2108.961
73,108,4593.750,3218.750,2071.386
74,108,4656.250,3218.750,2013.839
75,108,4718.750,3218.750,2013.175
76,108,4781.250,3218.750,2071.979
77,108,4843.750,3218.750,2127.024
78,108,4906.250,3218.750,2104.589
79,108,4968.750,3218.750,2083.107
80,108,5031.250,3218.750,2073.595
81,108,5093.750,3218.750,2086.388
82,108,5156.250,3218.750,2068.048
83,108,5218.750,3218.750,2020.253
84,108,5281.250,3218.750,1982.725
85,108,5343.750,3218.750,1981.253
86,108,5406.250,3218.750,2011.697
87,108,5468.750,3218.750,2056.107
88,108,5531.250,3218.750,2083.954
89,108,5593.750,3218.750,2093.371
90,108,5656.250,3218.750,2106.319
91,108,5718.750,3218.750,2146.247
92,108,5781.250,3218.750,2174.499
93,108,5843.750,3218.750,2177.297
94,108,5906.250,3218.750,2182.388
95,108,5968.750,3218.750,2195.808
96,108,6031.250,3218.750,2165.409
97,108,6093.750,3218.750,2124.423
98,108,6156.250,3218.750,2072.967
99,108,6218.750,3218.750,2028.676
100,108,6281.250,3218.750,1997.747
101,108,6343.750,3218.750,1961.871
102,108,6406.250,3218.750,1927.328
103,108,6468.750,3218.750,1900.347
104,108,6531.250,3218.750,1869.820
105,108,6593.750,3218.750,1830.532
106,108,6656.250,3218.750,1805.784
107,108,6718.750,3218.750,1795.760
108,108,6781.250,3218.750,1778.083
109,108,6843.750,3218.750,1753.708
110,108,6906.250,3218.750,1744.155
111,108,6968.750,3218.750,1741.874
112,108,7031.250,3218.750,1755.609
113,108,7093.750,3218.750,1793.541
114,108,7156.250,3218.750,1839.841
115,108,7218.750,3218.750,1871.048
116,108,7281.250,3218.750,1894.558
117,108,7343.750,3218.750,1919.712
118,108,7406.250,3218.750,1955.548
119,108,7468.750,3218.750,1984.467
120,108,7531.250,3218.750,1978.118
121,108,7593.750,3218.750,1924.440
122,108,7656.250,3218.750,1875.976
123,108,7718.750,3218.750,1867.455
124,108,7781.250,3218.750,1873.627
125,108,7843.750,3218.750,1867.269
126,108,7906.250,3218.750,1872.813
127,108,7968.750,3218.750,1892.203
128,108,8031.250,3218.750,1918.289
129,108,8093.750,3218.750,1938.642
130,108,8156.250,3218.750,1939.463
131,108,8218.750,3218.750,1917.867
132,108,8281.250,3218.750,1889.749
133,108,8343.750,3218.750,1868.970
134,108,8406.250,3218.750,1865.994
135,108,8468.750,3218.750,1890.188
136,108,8531.250,3218.750,1925.099
137,108,8593.750,3218.750,1952.234
138,108,8656.250,3218.750,1967.080
139,108,8718.750,3218.750,1979.724
140,108,8781.250,3218.750,2000.313
141,108,8843.750,3218.750,2025.105
142,108,8906.250,3218.750,2044.277
143,108,8968.750,3218.750,2062.428
144,108,9031.250,3218.750,2082.463
145,108,9093.750,3218.750,2081.315
146,108,9156.250,3218.750,2065.089
147,108,9218.750,3218.750,2063.564
148,108,9281.250,3218.750,2074.907
149,108,9343.750,3218.750,2070.975
150,108,9406.250,3218.750,2053.069
151,108,9468.750,3218.750,2039.243
152,108,9531.250,3218.750,1992.894
153,108,9593.750,3218.750,1905.681
154,108,9656.250,3218.750,1830.436
155,108,9718.750,3218.750,1801.753
156,108,9781.250,3218.750,1784.779
157,108,9843.750,3218.750,1772.570
158,108,9906.250,3218.750,1759.529
159,108,9968.750,3218.750,1749.174
0,109,31.250,3156.250,1667.330
1,109,93.750,3156.250,1672.975
2,109,156.250,3156.250,1657.612
3,109,218.750,3156.250,1613.468
4,109,281.250,3156.250,1581.478
5,109,343.750,3156.250,1593.192
6,109,406.250,3156.250,1632.865
7,109,468.750,3156.250,1651.989
8,109,531.250,3156.250,1617.990
9,109,593.750,3156.250,1573.612
10,109,656.250,3156.250,1583.701
11,109,718.750,3156.250,1634.684
12,109,781.250,3156.250,1692.593
13,109,843.750,3156.250,1730.364
14,109,906.250,3156.250,1753.985
15,109,968.750,3156.250,1780.542
16,109,1031.250,3156.250,1822.099
17,109,1093.750,3156.250,1871.879
18,109,1156.250,3156.250,1936.043
19,109,1218.750,3156.250,2005.961
20,109,1281.250,3156.250,2055.799
21,109,1343.750,3156.250,2076.445
22,109,1406.250,3156.250,2076.436
23,109,1468.750,3156.250,2047.219
24,109,1531.250,3156.250,2001.615
25,109,1593.750,3156.250,1937.491
26,109,1656.250,3156.250,1831.793
27,109,1718.750,3156.250,1733.678
28,109,1781.250,3156.250,1662.605
29,109,1843.750,3156.250,1609.028
30,109,1906.250,3156.250,1588.990
31,109,1968.750,3156.250,1607.804
32,109,2031.250,3156.250,1606.497
33,109,2093.750,3156.250,1560.081
34,109,2156.250,3156.250,1510.633
35,109,2218.750,3156.250,1491.578
36,109,2281.250,3156.250,1491.017
37,109,2343.750,3156.250,1489.927
38,109,2406.250,3156.250,1474.386
39,109,2468.750,3156.250,1454.674
40,109,2531.250,3156.250,1453.449
41,109,2593.750,3156.250,1485.084
42,109,2656.250,3156.250,1519.898
43,109,2718.750,3156.250,1548.353
44,109,2781.250,3156.250,1578.801
45,109,2843.750,3156.250,1602.058
46,109,2906.250,3156.250,1613.662
47,109,2968.750,3156.250,1633.319
48,109,3031.250,3156.250,1663.447
49,109,3093.750,3156.250,1692.550
50,109,3156.250,3156.250,1719.087
51,109,3218.750,3156.250,1735.075
52,109,3281.250,3156.250,1753.922
53,109,3343.750,3156.250,1775.421
54,109,3406.250,3156.250,1795.402
55,109,3468.750,3156.250,1821.039
56,109,3531.250,3156.250,1851.823
57,109,3593.750,3156.250,1864.002
58,109,3656.250,3156.250,1841.594
59,109,3718.750,3156.250,1815.317
60,109,3781.250,3156.250,1827.273
61,109,3843.750,3156.250,1891.022
62,109,3906.250,3156.250,1948.181
63,109,3968.750,3156.250,1941.142
64,109,4031.250,3156.250,1904.494
65,109,4093.750,3156.250,1914.014
66,109,4156.250,3156.250,1973.895
67,109,4218.750,3156.250,2043.847
68,109,4281.250,3156.250,2096.139
69,109,4343.750,3156.250,2055.989
70,109,4406.250,3156.250,2040.285
71,109,4468.750,3156.250,2049.890
72,109,4531.250,3156.250,2082.575
73,109,4593.750,3156.250,2079.016
74,109,4656.250,3156.250,2007.311
75,109,4718.750,3156.250,2007.501
76,109,4781.250,3156.250,2067.550
77,109,4843.750,3156.250,2121.658
78,109,4906.250,3156.250,2129.038
79,109,4968.750,3156.250,2107.529
80,109,5031.250,3156.250,2090.784
81,109,5093.750,3156.250,2081.868
82,109,5156.250,3156.250,2087.626
83,109,5218.750,3156.250,2042.141
84,109,5281.250,3156.250,1999.169
85,109,5343.750,3156.250,1993.862
86,109,5406.250,3156.250,2008.946
87,109,5468.750,3156.250,2040.528
88,109,5531.250,3156.250,2066.885
89,109,5593.750,3156.250,2079.071
90,109,5656.250,3156.250,2098.078
91,109,5718.750,3156.250,2162.444
92,109,5781.250,3156.250,2186.484
93,109,5843.750,3156.250,2208.161
94,109,5906.250,3156.250,2207.486
95,109,5968.750,3156.250,2196.111
96,109,6031.250,3156.250,2176.049
97,109,6093.750,3156.250,2144.903
98,109,6156.250,3156.250,2100.246
99,109,6218.750,3156.250,2061.487
100,109,6281.250,3156.250,2026.230
101,109,6343.750,3156.250,1961.638
102,109,6406.250,3156.250,1905.624
103,109,6468.750,3156.250,1892.083
104,109,6531.250,3156.250,1888.079
105,109,6593.750,3156.250,1853.213
106,109,6656.250,3156.250,1813.765
107,109,6718.750,3156.250,1790.328
108,109,6781.250,3156.250,1772.799
109,109,6843.750,3156.250,1752.816
110,109,6906.250,3156.250,1741.699
111,109,6968.750,3156.250,1735.349
112,109,7031.250,3156.250,1750.724
113,109,7093.750,3156.250,1797.357
114,109,7156.250,3156.250,1850.505
115,109,7218.750,3156.250,1875.706
116,109,7281.250,3156.250,1877.452
117,109,7343.750,3156.250,1888.950
118,109,7406.250,3156.250,1940.824
119,109,7468.750,3156.250,1999.923
120,109,7531.250,3156.250,2005.236
121,109,7593.750,3156.250,1945.806
122,109,7656.250,3156.250,1883.372
123,109,7718.750,3156.250,1871.383
124,109,7781.250,3156.250,1883.982
125,109,7843.750,3156.250,1878.428
126,109,7906.250,3156.250,1876.645
127,109,7968.750,3156.250,1895.230
128,109,8031.250,3156.250,1926.077
129,109,8093.750,3156.250,1946.170
130,109,8156.250,3156.250,1944.789
131,109,8218.750,3156.250,1921.366
132,109,8281.250,3156.250,1898.964
133,109,8343.750,3156.250,1893.977
134,109,8406.250,3156.250,1905.835
135,109,8468.750,3156.250,1932.616
136,109,8531.250,3156.250,1958.858
137,109,8593.750,3156.250,1972.910
138,109,8656.250,3156.250,1974.382
139,109,8718.750,3156.250,1978.344
140,109,8781.250,3156.250,1995.478
141,109,8843.750,3156.250,2021.054
142,109,8906.250,3156.250,2037.554
143,109,8968.750,3156.250,2041.970
144,109,9031.250,3156.250,2044.354
145,109,9093.750,3156.250,2040.190
146,109,9156.250,3156.250,2033.176
147,109,9218.750,3156.250,2045.780
148,109,9281.250,3156.250,2068.090
149,109,9343.750,3156.250,2070.392
150,109,9406.250,3156.250,2052.494
151,109,9468.750,3156.250,2031.604
152,109,9531.250,3156.250,1980.045
153,109,9593.750,3156.250,1896.382
154,109,9656.250,3156.250,1828.659
155,109,9718.750,3156.250,1804.800
156,109,9781.250,3156.250,1802.078
157,109,9843.750,3156.250,1800.447
158,109,9906.250,3156.250,1784.178
159,109,9968.750,3156.250,1766.623
0,110,31.250,3093.750,1643.890
1,110,93.750,3093.750,1657.396
2,110,156.250,3093.750,1653.052
3,110,218.750,3093.750,1620.594
4,110,281.250,3093.750,1596.887
5,110,343.750,3093.750,1606.790
6,110,406.250,3093.750,1639.160
7,110,468.750,3093.750,1648.738
8,110,531.250,3093.750,1602.865
9,110,593.750,3093.750,1548.602
10,110,656.250,3093.750,1557.228
11,110,718.750,3093.750,1608.119
12,110,781.250,3093.750,1663.743
13,110,843.750,3093.750,1696.691
14,110,906.250,3093.750,1717.413
15,110,968.750,3093.750,1749.388
16,110,1031.250,3093.750,1799.978
17,110,1093.750,3093.750,1859.648
18,110,1156.250,3093.750,1932.467
19,110,1218.750,3093.750,2008.352
20,110,1281.250,3093.750,2061.095
21,110,1343.750,3093.750,2075.035
22,110,1406.250,3093.750,2076.260
23,110,1468.750,3093.750,2049.169
24,110,1531.250,3093.750,2006.449
25,110,1593.750,3093.750,1950.348
26,110,1656.250,3093.750,1859.739
27,110,1718.750,3093.750,1776.008
28,110,1781.250,3093.750,1715.126
29,110,1843.750,3093.750,1668.416
30,110,1906.250,3093.750,1648.846
31,110,1968.750,3093.750,1663.338
32,110,2031.250,3093.750,1658.034
33,110,2093.750,3093.750,1608.879
34,110,2156.250,3093.750,1557.054
35,110,2218.750,3093.750,1537.321
36,110,2281.250,3093.750,1538.567
37,110,2343.750,3093.750,1540.648
38,110,2406.250,3093.750,1530.741
39,110,2468.750,3093.750,1516.267
40,110,2531.250,3093.750,1515.704
41,110,2593.750,3093.750,1544.366
42,110,2656.250,3093.750,1573.582
43,110,2718.750,3093.750,1595.227
44,110,2781.250,3093.750,1619.246
45,110,2843.750,3093.750,1637.053
46,110,2906.250,3093.750,1643.717
47,110,2968.750,3093.750,1664.116
48,110,3031.250,3093.750,1702.224
49,110,3093.750,3093.750,1739.273
50,110,3156.250,3093.750,1765.416
51,110,3218.750,3093.750,1775.500
52,110,3281.250,3093.750,1787.169
53,110,3343.750,3093.750,1799.315
54,110,3406.250,3093.750,1810.620
55,110,3468.750,3093.750,1834.415
56,110,3531.250,3093.750,1866.414
57,110,3593.750,3093.750,1876.503
58,110,3656.250,3093.750,1848.588
59,110,3718.750,3093.750,1818.148
60,110,3781.250,3093.750,1828.555
61,110,3843.750,3093.750,1888.605
62,110,3906.250,3093.750,1941.742
63,110,3968.750,3093.750,1932.016
64,110,4031.250,3093.750,1893.360
65,110,4093.750,3093.750,1903.591
66,110,4156.250,3093.750,1967.255
67,110,4218.750,3093.750,2038.533
68,110,4281.250,3093.750,2086.010
69,110,4343.750,3093.750,2049.362
70,110,4406.250,3093.750,2033.602
71,110,4468.750,3093.750,2042.454
72,110,4531.250,3093.750,2074.821
73,110,4593.750,3093.750,2069.259
74,110,4656.250,3093.750,2002.982
75,110,4718.750,3093.750,2008.363
76,110,4781.250,3093.750,2068.923
77,110,4843.750,3093.750,2121.148
78,110,4906.250,3093.750,2142.519
79,110,4968.750,3093.750,2123.961
80,110,5031.250,3093.750,2104.350
81,110,5093.750,3093.750,2087.157
82,110,5156.250,3093.750,2085.695
83,110,5218.750,3093.750,2055.511
84,110,5281.250,3093.750,2020.546
85,110,5343.750,3093.750,2014.831
86,110,5406.250,3093.750,2022.914
87,110,5468.750,3093.750,2046.503
88,110,5531.250,3093.750,2068.472
89,110,5593.750,3093.750,2079.995
90,110,5656.250,3093.750,2100.434
91,110,5718.750,3093.750,2168.934
92,110,5781.250,3093.750,2189.137
93,110,5843.750,3093.750,2204.976
94,110,5906.250,3093.750,2211.283
95,110,5968.750,3093.750,2192.236
96,110,6031.250,3093.750,2181.262
97,110,6093.750,3093.750,2160.358
98,110,6156.250,3093.750,2122.146
99,110,6218.750,3093.750,2085.911
100,110,6281.250,3093.750,2050.565
101,110,6343.750,3093.750,1982.569
102,110,6406.250,3093.750,1921.175
103,110,6468.750,3093.750,1903.656
104,110,6531.250,3093.750,1898.804
105,110,6593.750,3093.750,1863.126
106,110,6656.250,3093.750,1817.118
107,110,6718.750,3093.750,1785.609
108,110,6781.250,3093.750,1762.008
109,110,6843.750,3093.750,1737.557
110,110,6906.250,3093.750,1724.263
111,110,6968.750,3093.750,1721.902
112,110,7031.250,3093.750,1744.030
113,110,7093.750,3093.750,1795.473
114,110,7156.250,3093.750,1849.768
115,110,7218.750,3093.750,1871.638
116,110,7281.250,3093.750,1870.919
117,110,7343.750,3093.750,1881.544
118,110,7406.250,3093.750,1935.701
119,110,7468.750,3093.750,2001.502
120,110,7531.250,3093.750,2012.376
121,110,7593.750,3093.750,1951.532
122,110,7656.250,3093.750,1879.664
123,110,7718.750,3093.750,1854.882
124,110,7781.250,3093.750,1858.707
125,110,7843.750,3093.750,1853.954
126,110,7906.250,3093.750,1856.352
127,110,7968.750,3093.750,1881.516
128,110,8031.250,3093.750,1920.301
129,110,8093.750,3093.750,1945.831
130,110,8156.250,3093.750,1946.758
131,110,8218.750,3093.750,1930.990
132,110,8281.250,3093.750,1920.160
133,110,8343.750,3093.750,1928.304
134,110,8406.250,3093.750,1950.040
135,110,8468.750,3093.750,1976.622
136,110,8531.250,3093.750,1991.839
137,110,8593.750,3093.750,1991.574
138,110,8656.250,3093.750,1979.893
139,110,8718.750,3093.750,1975.397
140,110,8781.250,3093.750,1988.283
141,110,8843.750,3093.750,2006.451
142,110,8906.250,3093.750,2015.035
143,110,8968.750,3093.750,2013.614
144,110,9031.250,3093.750,2010.927
145,110,9093.750,3093.750,2005.911
146,110,9156.250,3093.750,2003.321
147,110,9218.750,3093.750,2025.118
148,110,9281.250,3093.750,2057.865
149,110,9343.750,3093.750,2067.865
150,110,9406.250,3093.750,2051.794
151,110,9468.750,3093.750,2030.323
152,110,9531.250,3093.750,1979.416
153,110,9593.750,3093.750,1900.794
154,110,9656.250,3093.750,1839.664
155,110,9718.750,3093.750,1817.670
156,110,9781.250,3093.750,1817.190
157,110,9843.750,3093.750,1818.796
158,110,9906.250,3093.750,1807.697
159,110,9968.750,3093.750,1795.769
0,111,31.250,3031.250,1609.274
1,111,93.750,3031.250,1625.898
2,111,156.250,3031.250,1629.846
3,111,218.750,3031.250,1611.666
4,111,281.250,3031.250,1598.331
5,111,343.750,3031.250,1605.443
6,111,406.250,3031.250,1633.988
7,111,468.750,3031.250,1637.662
8,111,531.250,3031.250,1582.501
9,111,593.750,3031.250,1521.673
10,111,656.250,3031.250,1531.871
11,111,718.750,3031.250,1587.281
12,111,781.250,3031.250,1642.020
13,111,843.750,3031.250,1671.687
14,111,906.250,3031.250,1694.454
15,111,968.750,3031.250,1733.222
16,111,1031.250,3031.250,1790.967
17,111,1093.750,3031.250,1859.241
18,111,1156.250,3031.250,1933.977
19,111,1218.750,3031.250,2005.082
20,111,1281.250,3031.250,2060.525
21,111,1343.750,3031.250,2061.358
22,111,1406.250,3031.250,2057.004
23,111,1468.750,3031.250,2033.015
24,111,1531.250,3031.250,1993.392
25,111,1593.750,3031.250,1950.654
26,111,1656.250,3031.250,1899.960
27,111,1718.750,3031.250,1848.132
28,111,1781.250,3031.250,1798.889
29,111,1843.750,3031.250,1758.793
30,111,1906.250,3031.250,1736.692
31,111,1968.750,3031.250,1728.110
32,111,2031.250,3031.250,1706.880
33,111,2093.750,3031.250,1663.456
34,111,2156.250,3031.250,1621.661
35,111,2218.750,3031.250,1603.418
36,111,2281.250,3031.250,1599.857
37,111,2343.750,3031.250,1601.081
38,111,2406.250,3031.250,1608.326
39,111,2468.750,3031.250,1616.236
40,111,2531.250,3031.250,1613.867
41,111,2593.750,3031.250,1621.254
42,111,2656.250,3031.250,1632.679
43,111,2718.750,3031.250,1646.966
44,111,2781.250,3031.250,1666.116
45,111,2843.750,3031.250,1681.262
46,111,2906.250,3031.250,1683.386
47,111,2968.750,3031.250,1701.078
48,111,3031.250,3031.250,1746.801
49,111,3093.750,3031.250,1794.996
50,111,3156.250,3031.250,1823.239
51,111,3218.750,3031.250,1838.920
52,111,3281.250,3031.250,1851.883
53,111,3343.750,3031.250,1846.818
54,111,3406.250,3031.250,1833.285
55,111,3468.750,3031.250,1846.170
56,111,3531.250,3031.250,1869.984
57,111,3593.750,3031.250,1873.997
58,111,3656.250,3031.250,1848.115
59,111,3718.750,3031.250,1824.949
60,111,3781.250,3031.250,1832.826
61,111,3843.750,3031.250,1867.845
62,111,3906.250,3031.250,1902.421
63,111,3968.750,3031.250,1908.604
64,111,4031.250,3031.250,1897.738
65,111,4093.750,3031.250,1912.105
66,111,4156.250,3031.250,1972.720
67,111,4218.750,3031.250,2040.830
68,111,4281.250,3031.250,2058.506
69,111,4343.750,3031.250,2034.499
70,111,4406.250,3031.250,2023.274
71,111,4468.750,3031.250,2046.761
72,111,4531.250,3031.250,2089.389
73,111,4593.750,3031.250,2042.967
74,111,4656.250,3031.250,2010.572
75,111,4718.750,3031.250,2025.408
76,111,4781.250,3031.250,2078.761
77,111,4843.750,3031.250,2123.883
78,111,4906.250,3031.250,2141.251
79,111,4968.750,3031.250,2130.116
80,111,5031.250,3031.250,2115.426
81,111,5093.750,3031.250,2091.870
82,111,5156.250,3031.250,2067.082
83,111,5218.750,3031.250,2050.670
84,111,5281.250,3031.250,2035.112
85,111,5343.750,3031.250,2029.821
86,111,5406.250,3031.250,2034.552
87,111,5468.750,3031.250,2052.500
88,111,5531.250,3031.250,2076.893
89,111,5593.750,3031.250,2098.504
90,111,5656.250,3031.250,2117.531
91,111,5718.750,3031.250,2163.461
92,111,5781.250,3031.250,2205.381
93,111,5843.750,3031.250,2209.234
94,111,5906.250,3031.250,2203.475
95,111,5968.750,3031.250,2187.489
96,111,6031.250,3031.250,2185.563
97,111,6093.750,3031.250,2175.729
98,111,6156.250,3031.250,2138.633
99,111,6218.750,3031.250,2094.497
100,111,6281.250,3031.250,2062.125
101,111,6343.750,3031.250,2017.452
102,111,6406.250,3031.250,1968.444
103,111,6468.750,3031.250,1936.822
104,111,6531.250,3031.250,1913.506
105,111,6593.750,3031.250,1870.418
106,111,6656.250,3031.250,1811.575
107,111,6718.750,3031.250,1768.801
108,111,6781.250,3031.250,1739.538
109,111,6843.750,3031.250,1711.227
110,111,6906.250,3031.250,1698.000
111,111,6968.750,3031.250,1711.189
112,111,7031.250,3031.250,1745.811
113,111,7093.750,3031.250,1790.275
114,111,7156.250,3031.250,1830.190
115,111,7218.750,3031.250,1850.564
116,111,7281.250,3031.250,1869.344
117,111,7343.750,3031.250,1893.341
118,111,7406.250,3031.250,1936.370
119,111,7468.750,3031.250,1984.258
120,111,7531.250,3031.250,1993.521
121,111,7593.750,3031.250,1945.657
122,111,7656.250,3031.250,1877.678
123,111,7718.750,3031.250,1829.097
124,111,7781.250,3031.250,1804.431
125,111,7843.750,3031.250,1797.927
126,111,7906.250,3031.250,1807.395
127,111,7968.750,3031.250,1840.671
128,111,8031.250,3031.250,1892.939
129,111,8093.750,3031.250,1933.877
130,111,8156.250,3031.250,1943.668
131,111,8218.750,3031.250,1949.217
132,111,8281.250,3031.250,1957.006
133,111,8343.750,3031.250,1975.590
134,111,8406.250,3031.250,2004.174
135,111,8468.750,3031.250,2026.995
136,111,8531.250,3031.250,2024.720
137,111,8593.750,3031.250,2008.177
138,111,8656.250,3031.250,1984.749
139,111,8718.750,3031.250,1970.851
140,111,8781.250,3031.250,1979.278
141,111,8843.750,3031.250,1983.807
142,111,8906.250,3031.250,1981.252
143,111,8968.750,3031.250,1982.066
144,111,9031.250,3031.250,1985.875
145,111,9093.750,3031.250,1983.111
146,111,9156.250,3031.250,1987.014
147,111,9218.750,3031.250,2015.993
148,111,9281.250,3031.250,2052.795
149,111,9343.750,3031.250,2065.144
150,111,9406.250,3031.250,2050.514
151,111,9468.750,3031.250,2030.026
152,111,9531.250,3031.250,1982.709
153,111,9593.750,3031.250,1916.890
154,111,9656.250,3031.250,1870.806
155,111,9718.750,3031.250,1850.008
156,111,9781.250,3031.250,1839.866
157,111,9843.750,3031.250,1836.860
158,111,9906.250,3031.250,1833.153
159,111,9968.750,3031.250,1830.654
0,112,31.250,2968.750,1578.608
1,112,93.750,2968.750,1595.884
2,112,156.250,2968.750,1604.732
3,112,218.750,2968.750,1597.923
4,112,281.250,2968.750,1591.156
5,112,343.750,2968.750,1590.893
6,112,406.250,2968.750,1613.407
7,112,468.750,2968.750,1612.598
8,112,531.250,2968.750,1551.190
9,112,593.750,2968.750,1486.650
10,112,656.250,2968.750,1500.364
11,112,718.750,2968.750,1563.189
12,112,781.250,2968.750,1619.711
13,112,843.750,2968.750,1648.434
14,112,906.250,2968.750,1675.826
15,112,968.750,2968.750,1723.124
16,112,1031.250,2968.750,1788.999
17,112,1093.750,2968.750,1866.035
18,112,1156.250,2968.750,1940.778
19,112,1218.750,2968.750,2004.811
20,112,1281.250,2968.750,2059.652
21,112,1343.750,2968.750,2042.497
22,112,1406.250,2968.750,2033.086
23,112,1468.750,2968.750,2014.718
24,112,1531.250,2968.750,1980.052
25,112,1593.750,2968.750,1952.116
26,112,1656.250,2968.750,1944.743
27,112,1718.750,2968.750,1926.045
28,112,1781.250,2968.750,1886.671
29,112,1843.750,2968.750,1851.846
30,112,1906.250,2968.750,1826.683
31,112,1968.750,2968.750,1792.470
32,112,2031.250,2968.750,1754.286
33,112,2093.750,2968.750,1720.071
34,112,2156.250,2968.750,1692.657
35,112,2218.750,2968.750,1677.546
36,112,2281.250,2968.750,1667.881
37,112,2343.750,2968.750,1667.459
38,112,2406.250,2968.750,1693.784
39,112,2468.750,2968.750,1726.810
40,112,2531.250,2968.750,1720.179
41,112,2593.750,2968.750,1700.622
42,112,2656.250,2968.750,1690.849
43,112,2718.750,2968.750,1699.250
44,112,2781.250,2968.750,1716.974
45,112,2843.750,2968.750,1732.122
46,112,2906.250,2968.750,1729.236
47,112,2968.750,2968.750,1741.520
48,112,3031.250,2968.750,1793.070
49,112,3093.750,2968.750,1851.828
50,112,3156.250,2968.750,1882.081
51,112,3218.750,2968.750,1905.223
52,112,3281.250,2968.750,1921.230
53,112,3343.750,2968.750,1897.629
54,112,3406.250,2968.750,1854.371
55,112,3468.750,2968.750,1850.999
56,112,3531.250,2968.750,1862.665
57,112,3593.750,2968.750,1860.248
58,112,3656.250,2968.750,1839.100
59,112,3718.750,2968.750,1826.601
60,112,3781.250,2968.750,1832.623
61,112,3843.750,2968.750,1839.056
62,112,3906.250,2968.750,1851.838
63,112,3968.750,2968.750,1875.937
64,112,4031.250,2968.750,1897.468
65,112,4093.750,2968.750,1916.678
66,112,4156.250,2968.750,1973.915
67,112,4218.750,2968.750,2038.949
68,112,4281.250,2968.750,2028.623
69,112,4343.750,2968.750,2020.879
70,112,4406.250,2968.750,2016.852
71,112,4468.750,2968.750,2057.484
72,112,4531.250,2968.750,2040.195
73,112,4593.750,2968.750,2017.874
74,112,4656.250,2968.750,2024.797
75,112,4718.750,2968.750,2049.830
76,112,4781.250,2968.750,2095.081
77,112,4843.750,2968.750,2131.472
78,112,4906.250,2968.750,2132.775
79,112,4968.750,2968.750,2129.341
80,112,5031.250,2968.750,2122.860
81,112,5093.750,2968.750,2080.427
82,112,5156.250,2968.750,2048.706
83,112,5218.750,2968.750,2044.509
84,112,5281.250,2968.750,2043.308
85,112,5343.750,2968.750,2035.271
86,112,5406.250,2968.750,2037.789
87,112,5468.750,2968.750,2051.766
88,112,5531.250,2968.750,2081.386
89,112,5593.750,2968.750,2116.207
90,112,5656.250,2968.750,2134.530
91,112,5718.750,2968.750,2154.109
92,112,5781.250,2968.750,2181.846
93,112,5843.750,2968.750,2216.242
94,112,5906.250,2968.750,2199.698
95,112,5968.750,2968.750,2187.657
96,112,6031.250,2968.750,2193.878
97,112,6093.750,2968.750,2193.758
98,112,6156.250,2968.750,2155.714
99,112,6218.750,2968.750,2101.284
100,112,6281.250,2968.750,2072.402
101,112,6343.750,2968.750,2056.009
102,112,6406.250,2968.750,2023.307
103,112,6468.750,2968.750,1977.212
104,112,6531.250,2968.750,1933.597
105,112,6593.750,2968.750,1882.386
106,112,6656.250,2968.750,1810.112
107,112,6718.750,2968.750,1756.205
108,112,6781.250,2968.750,1722.207
109,112,6843.750,2968.750,1690.733
110,112,6906.250,2968.750,1677.687
111,112,6968.750,2968.750,1706.150
112,112,7031.250,2968.750,1749.994
113,112,7093.750,2968.750,1781.148
114,112,7156.250,2968.750,1801.479
115,112,7218.750,2968.750,1819.928
116,112,7281.250,2968.750,1860.817
117,112,7343.750,2968.750,1899.464
118,112,7406.250,2968.750,1928.297
119,112,7468.750,2968.750,1952.845
120,112,7531.250,2968.750,1958.332
121,112,7593.750,2968.750,1927.571
122,112,7656.250,2968.750,1868.339
123,112,7718.750,2968.750,1796.250
124,112,7781.250,2968.750,1741.460
125,112,7843.750,2968.750,1733.933
126,112,7906.250,2968.750,1752.491
127,112,7968.750,2968.750,1795.716
128,112,8031.250,2968.750,1863.051
129,112,8093.750,2968.750,1920.379
130,112,8156.250,2968.750,1938.966
131,112,8218.750,2968.750,1965.452
132,112,8281.250,2968.750,1989.923
133,112,8343.750,2968.750,2016.673
134,112,8406.250,2968.750,2051.142
135,112,8468.750,2968.750,2070.097
136,112,8531.250,2968.750,2050.452
137,112,8593.750,2968.750,2019.772
138,112,8656.250,2968.750,1987.373
139,112,8718.750,2968.750,1965.286
140,112,8781.250,2968.750,1969.362
141,112,8843.750,2968.750,1960.298
142,112,8906.250,2968.750,1947.862
143,112,8968.750,2968.750,1953.702
144,112,9031.250,2968.750,1965.692
145,112,9093.750,2968.750,1964.584
146,112,9156.250,2968.750,1974.731
147,112,9218.750,2968.750,2010.677
148,112,9281.250,2968.750,2050.634
149,112,9343.750,2968.750,2064.670
150,112,9406.250,2968.750,2051.445
151,112,9468.750,2968.750,2030.669
152,112,9531.250,2968.750,1985.310
153,112,9593.750,2968.750,1932.158
154,112,9656.250,2968.750,1902.878
155,112,9718.750,2968.750,1885.166
156,112,9781.250,2968.750,1865.123
157,112,9843.750,2968.750,1856.327
158,112,9906.250,2968.750,1858.620
159,112,9968.750,2968.750,1863.834
0,113,31.250,2906.250,1566.390
1,113,93.750,2906.250,1583.169
2,113,156.250,2906.250,1592.515
3,113,218.750,2906.250,1588.083
4,113,281.250,2906.250,1579.644
5,113,343.750,2906.250,1570.012
6,113,406.250,2906.250,1583.777
7,113,468.750,2906.250,1578.497
8,113,531.250,2906.250,1515.877
9,113,593.750,2906.250,1452.573
10,113,656.250,2906.250,1469.583
11,113,718.750,2906.250,1536.841
12,113,781.250,2906.250,1596.265
13,113,843.750,2906.250,1627.856
14,113,906.250,2906.250,1661.287
15,113,968.750,2906.250,1717.397
16,113,1031.250,2906.250,1792.169
17,113,1093.750,2906.250,1877.334
18,113,1156.250,2906.250,1955.279
19,113,1218.750,2906.250,2018.744
20,113,1281.250,2906.250,2042.161
21,113,1343.750,2906.250,2023.037
22,113,1406.250,2906.250,2016.902
23,113,1468.750,2906.250,2007.785
24,113,1531.250,2906.250,1982.597
25,113,1593.750,2906.250,1966.401
26,113,1656.250,2906.250,1980.289
27,113,1718.750,2906.250,1978.538
28,113,1781.250,2906.250,1946.842
29,113,1843.750,2906.250,1916.728
30,113,1906.250,2906.250,1891.752
31,113,1968.750,2906.250,1849.344
32,113,2031.250,2906.250,1806.233
33,113,2093.750,2906.250,1777.909
34,113,2156.250,2906.250,1758.684
35,113,2218.750,2906.250,1746.530
36,113,2281.250,2906.250,1735.022
37,113,2343.750,2906.250,1734.677
38,113,2406.250,2906.250,1768.575
39,113,2468.750,2906.250,1810.592
40,113,2531.250,2906.250,1799.202
41,113,2593.750,2906.250,1764.512
42,113,2656.250,2906.250,1742.368
43,113,2718.750,2906.250,1746.920
44,113,2781.250,2906.250,1764.282
45,113,2843.750,2906.250,1779.627
46,113,2906.250,2906.250,1773.320
47,113,2968.750,2906.250,1780.053
48,113,3031.250,2906.250,1829.592
49,113,3093.750,2906.250,1888.573
50,113,3156.250,2906.250,1917.293
51,113,3218.750,2906.250,1941.411
52,113,3281.250,2906.250,1956.522
53,113,3343.750,2906.250,1923.544
54,113,3406.250,2906.250,1864.556
55,113,3468.750,2906.250,1847.931
56,113,3531.250,2906.250,1848.499
57,113,3593.750,2906.250,1840.968
58,113,3656.250,2906.250,1821.754
59,113,3718.750,2906.250,1814.364
60,113,3781.250,2906.250,1820.397
61,113,3843.750,2906.250,1815.268
62,113,3906.250,2906.250,1818.050
63,113,3968.750,2906.250,1847.160
64,113,4031.250,2906.250,1880.164
65,113,4093.750,2906.250,1900.662
66,113,4156.250,2906.250,1955.879
67,113,4218.750,2906.250,2019.304
68,113,4281.250,2906.250,2017.917
69,113,4343.750,2906.250,2016.628
70,113,4406.250,2906.250,2015.781
71,113,4468.750,2906.250,2061.643
72,113,4531.250,2906.250,2013.460
73,113,4593.750,2906.250,2005.141
74,113,4656.250,2906.250,2030.687
75,113,4718.750,2906.250,2062.921
76,113,4781.250,2906.250,2107.967
77,113,4843.750,2906.250,2116.585
78,113,4906.250,2906.250,2117.830
79,113,4968.750,2906.250,2117.101
80,113,5031.250,2906.250,2116.027
81,113,5093.750,2906.250,2093.146
82,113,5156.250,2906.250,2057.480
83,113,5218.750,2906.250,2052.241
84,113,5281.250,2906.250,2049.346
85,113,5343.750,2906.250,2035.583
86,113,5406.250,2906.250,2036.185
87,113,5468.750,2906.250,2047.895
88,113,5531.250,2906.250,2078.687
89,113,5593.750,2906.250,2118.106
90,113,5656.250,2906.250,2137.454
91,113,5718.750,2906.250,2148.375
92,113,5781.250,2906.250,2170.505
93,113,5843.750,2906.250,2208.491
94,113,5906.250,2906.250,2201.799
95,113,5968.750,2906.250,2194.799
96,113,6031.250,2906.250,2206.652
97,113,6093.750,2906.250,2212.692
98,113,6156.250,2906.250,2177.398
99,113,6218.750,2906.250,2121.561
100,113,6281.250,2906.250,2094.506
101,113,6343.750,2906.250,2088.299
102,113,6406.250,2906.250,2060.935
103,113,6468.750,2906.250,2008.321
104,113,6531.250,2906.250,1955.483
105,113,6593.750,2906.250,1899.323
106,113,6656.250,2906.250,1820.327
107,113,6718.750,2906.250,1760.745
108,113,6781.250,2906.250,1723.128
109,113,6843.750,2906.250,1688.624
110,113,6906.250,2906.250,1673.891
111,113,6968.750,2906.250,1704.627
112,113,7031.250,2906.250,1746.640
113,113,7093.750,2906.250,1767.514
114,113,7156.250,2906.250,1776.626
115,113,7218.750,2906.250,1791.578
116,113,7281.250,2906.250,1838.298
117,113,7343.750,2906.250,1880.330
118,113,7406.250,2906.250,1901.578
119,113,7468.750,2906.250,1914.256
120,113,7531.250,2906.250,1916.248
121,113,7593.750,2906.250,1892.864
122,113,7656.250,2906.250,1839.326
123,113,7718.750,2906.250,1761.019
124,113,7781.250,2906.250,1698.156
125,113,7843.750,2906.250,1694.408
126,113,7906.250,2906.250,1721.766
127,113,7968.750,2906.250,1774.051
128,113,8031.250,2906.250,1850.717
129,113,8093.750,2906.250,1916.050
130,113,8156.250,2906.250,1938.904
131,113,8218.750,2906.250,1972.823
132,113,8281.250,2906.250,2002.313
133,113,8343.750,2906.250,2030.955
134,113,8406.250,2906.250,2066.156
135,113,8468.750,2906.250,2081.467
136,113,8531.250,2906.250,2052.837
137,113,8593.750,2906.250,2015.421
138,113,8656.250,2906.250,1978.696
139,113,8718.750,2906.250,1952.628
140,113,8781.250,2906.250,1954.773
141,113,8843.750,2906.250,1941.551
142,113,8906.250,2906.250,1927.146
143,113,8968.750,2906.250,1936.428
144,113,9031.250,2906.250,1951.773
145,113,9093.750,2906.250,1951.538
146,113,9156.250,2906.250,1965.316
147,113,9218.750,2906.250,2005.740
148,113,9281.250,2906.250,2048.508
149,113,9343.750,2906.250,2064.745
150,113,9406.250,2906.250,2053.611
151,113,9468.750,2906.250,2033.834
152,113,9531.250,2906.250,1990.014
153,113,9593.750,2906.250,1942.254
154,113,9656.250,2906.250,1920.627
155,113,9718.750,2906.250,1906.661
156,113,9781.250,2906.250,1885.667
157,113,9843.750,2906.250,1876.244
158,113,9906.250,2906.250,1880.724
159,113,9968.750,2906.250,1888.204
0,114,31.250,2843.750,1580.535
1,114,93.750,2843.750,1586.521
2,114,156.250,2843.750,1587.435
3,114,218.750,2843.750,1586.660
4,114,281.250,2843.750,1584.104
5,114,343.750,2843.750,1565.895
6,114,406.250,2843.750,1549.426
7,114,468.750,2843.750,1526.869
8,114,531.250,2843.750,1484.262
9,114,593.750,2843.750,1450.566
10,114,656.250,2843.750,1471.743
11,114,718.750,2843.750,1529.473
12,114,781.250,2843.750,1584.667
13,114,843.750,2843.750,1621.355
14,114,906.250,2843.750,1661.585
15,114,968.750,2843.750,1723.598
16,114,1031.250,2843.750,1797.781
17,114,1093.750,2843.750,1883.731
18,114,1156.250,2843.750,1975.458
19,114,1218.750,2843.750,2021.464
20,114,1281.250,2843.750,2001.723
21,114,1343.750,2843.750,1987.766
22,114,1406.250,2843.750,1987.477
23,114,1468.750,2843.750,1996.759
24,114,1531.250,2843.750,1998.530
25,114,1593.750,2843.750,1991.329
26,114,1656.250,2843.750,1994.426
27,114,1718.750,2843.750,1990.465
28,114,1781.250,2843.750,1974.276
29,114,1843.750,2843.750,1958.359
30,114,1906.250,2843.750,1938.161
31,114,1968.750,2843.750,1903.797
32,114,2031.250,2843.750,1865.676
33,114,2093.750,2843.750,1838.802
34,114,2156.250,2843.750,1822.069
35,114,2218.750,2843.750,1811.022
36,114,2281.250,2843.750,1797.036
37,114,2343.750,2843.750,1795.896
38,114,2406.250,2843.750,1827.141
39,114,2468.750,2843.750,1863.361
40,114,2531.250,2843.750,1850.566
41,114,2593.750,2843.750,1820.093
42,114,2656.250,2843.750,1799.646
43,114,2718.750,2843.750,1798.779
44,114,2781.250,2843.750,1808.947
45,114,2843.750,2843.750,1822.000
46,114,2906.250,2843.750,1819.654
47,114,2968.750,2843.750,1825.371
48,114,3031.250,2843.750,1861.982
49,114,3093.750,2843.750,1906.079
50,114,3156.250,2843.750,1929.451
51,114,3218.750,2843.750,1950.931
52,114,3281.250,2843.750,1961.420
53,114,3343.750,2843.750,1930.780
54,114,3406.250,2843.750,1878.703
55,114,3468.750,2843.750,1856.001
56,114,3531.250,2843.750,1840.481
57,114,3593.750,2843.750,1825.046
58,114,3656.250,2843.750,1812.817
59,114,3718.750,2843.750,1814.642
60,114,3781.250,2843.750,1819.930
61,114,3843.750,2843.750,1801.502
62,114,3906.250,2843.750,1793.112
63,114,3968.750,2843.750,1817.239
64,114,4031.250,2843.750,1846.717
65,114,4093.750,2843.750,1866.142
66,114,4156.250,2843.750,1918.810
67,114,4218.750,2843.750,1980.024
68,114,4281.250,2843.750,2017.748
69,114,4343.750,2843.750,2039.611
70,114,4406.250,2843.750,2035.667
71,114,4468.750,2843.750,2047.623
72,114,4531.250,2843.750,2010.266
73,114,4593.750,2843.750,2005.093
74,114,4656.250,2843.750,2027.837
75,114,4718.750,2843.750,2063.306
76,114,4781.250,2843.750,2114.066
77,114,4843.750,2843.750,2105.527
78,114,4906.250,2843.750,2098.880
79,114,4968.750,2843.750,2088.822
80,114,5031.250,2843.750,2087.067
81,114,5093.750,2843.750,2112.556
82,114,5156.250,2843.750,2090.698
83,114,5218.750,2843.750,2077.335
84,114,5281.250,2843.750,2062.201
85,114,5343.750,2843.750,2045.291
86,114,5406.250,2843.750,2054.764
87,114,5468.750,2843.750,2070.453
88,114,5531.250,2843.750,2090.863
89,114,5593.750,2843.750,2117.914
90,114,5656.250,2843.750,2135.458
91,114,5718.750,2843.750,2144.247
92,114,5781.250,2843.750,2163.641
93,114,5843.750,2843.750,2201.170
94,114,5906.250,2843.750,2207.966
95,114,5968.750,2843.750,2202.507
96,114,6031.250,2843.750,2208.967
97,114,6093.750,2843.750,2214.052
98,114,6156.250,2843.750,2195.390
99,114,6218.750,2843.750,2160.304
100,114,6281.250,2843.750,2134.261
101,114,6343.750,2843.750,2111.551
102,114,6406.250,2843.750,2072.322
103,114,6468.750,2843.750,2024.965
104,114,6531.250,2843.750,1980.960
105,114,6593.750,2843.750,1924.167
106,114,6656.250,2843.750,1844.083
107,114,6718.750,2843.750,1783.518
108,114,6781.250,2843.750,1748.527
109,114,6843.750,2843.750,1719.301
110,114,6906.250,2843.750,1701.580
111,114,6968.750,2843.750,1713.392
112,114,7031.250,2843.750,1737.431
113,114,7093.750,2843.750,1749.658
114,114,7156.250,2843.750,1753.219
115,114,7218.750,2843.750,1763.897
116,114,7281.250,2843.750,1807.574
117,114,7343.750,2843.750,1847.388
118,114,7406.250,2843.750,1861.018
119,114,7468.750,2843.750,1862.933
120,114,7531.250,2843.750,1863.543
121,114,7593.750,2843.750,1849.193
122,114,7656.250,2843.750,1805.119
123,114,7718.750,2843.750,1735.843
124,114,7781.250,2843.750,1683.828
125,114,7843.750,2843.750,1688.452
126,114,7906.250,2843.750,1726.219
127,114,7968.750,2843.750,1787.396
128,114,8031.250,2843.750,1862.879
129,114,8093.750,2843.750,1921.405
130,114,8156.250,2843.750,1942.485
131,114,8218.750,2843.750,1969.157
132,114,8281.250,2843.750,1991.522
133,114,8343.750,2843.750,2013.440
134,114,8406.250,2843.750,2040.104
135,114,8468.750,2843.750,2051.825
136,114,8531.250,2843.750,2029.079
137,114,8593.750,2843.750,1995.969
138,114,8656.250,2843.750,1959.776
139,114,8718.750,2843.750,1935.124
140,114,8781.250,2843.750,1938.311
141,114,8843.750,2843.750,1930.929
142,114,8906.250,2843.750,1920.755
143,114,8968.750,2843.750,1924.455
144,114,9031.250,2843.750,1931.138
145,114,9093.750,2843.750,1932.951
146,114,9156.250,2843.750,1957.132
147,114,9218.750,2843.750,2005.471
148,114,9281.250,2843.750,2048.647
149,114,9343.750,2843.750,2063.808
150,114,9406.250,2843.750,2054.987
151,114,9468.750,2843.750,2039.575
152,114,9531.250,2843.750,2000.089
153,114,9593.750,2843.750,1950.038
154,114,9656.250,2843.750,1922.752
155,114,9718.750,2843.750,1912.639
156,114,9781.250,2843.750,1907.028
157,114,9843.750,2843.750,1908.236
158,114,9906.250,2843.750,1915.596
159,114,9968.750,2843.750,1925.529
0,115,31.250,2781.250,1608.365
1,115,93.750,2781.250,1598.926
2,115,156.250,2781.250,1588.712
3,115,218.750,2781.250,1595.323
4,115,281.250,2781.250,1604.743
5,115,343.750,2781.250,1578.537
6,115,406.250,2781.250,1520.701
7,115,468.750,2781.250,1475.162
8,115,531.250,2781.250,1464.501
9,115,593.750,2781.250,1475.331
10,115,656.250,2781.250,1500.175
11,115,718.750,2781.250,1541.255
12,115,781.250,2781.250,1588.178
13,115,843.750,2781.250,1630.534
14,115,906.250,2781.250,1677.418
15,115,968.750,2781.250,1741.716
16,115,1031.250,2781.250,1806.477
17,115,1093.750,2781.250,1886.639
18,115,1156.250,2781.250,1996.410
19,115,1218.750,2781.250,1973.620
20,115,1281.250,2781.250,1949.863
21,115,1343.750,2781.250,1939.974
22,115,1406.250,2781.250,1942.075
23,115,1468.750,2781.250,1971.602
24,115,1531.250,2781.250,2007.570
25,115,1593.750,2781.250,2008.717
26,115,1656.250,2781.250,1991.916
27,115,1718.750,2781.250,1983.464
28,115,1781.250,2781.250,1991.181
29,115,1843.750,2781.250,1996.207
30,115,1906.250,2781.250,1981.289
31,115,1968.750,2781.250,1956.815
32,115,2031.250,2781.250,1924.001
33,115,2093.750,2781.250,1896.951
34,115,2156.250,2781.250,1882.177
35,115,2218.750,2781.250,1871.931
36,115,2281.250,2781.250,1853.366
37,115,2343.750,2781.250,1849.424
38,115,2406.250,2781.250,1875.394
39,115,2468.750,2781.250,1903.357
40,115,2531.250,2781.250,1893.200
41,115,2593.750,2781.250,1876.930
42,115,2656.250,2781.250,1865.683
43,115,2718.750,2781.250,1858.927
44,115,2781.250,2781.250,1858.684
45,115,2843.750,2781.250,1868.642
46,115,2906.250,2781.250,1873.782
47,115,2968.750,2781.250,1878.022
48,115,3031.250,2781.250,1892.670
49,115,3093.750,2781.250,1912.264
50,115,3156.250,2781.250,1928.799
51,115,3218.750,2781.250,1949.926
52,115,3281.250,2781.250,1957.385
53,115,3343.750,2781.250,1933.574
54,115,3406.250,2781.250,1895.883
55,115,3468.750,2781.250,1869.566
56,115,3531.250,2781.250,1835.072
57,115,3593.750,2781.250,1811.626
58,115,3656.250,2781.250,1815.000
59,115,3718.750,2781.250,1835.207
60,115,3781.250,2781.250,1840.424
61,115,3843.750,2781.250,1798.757
62,115,3906.250,2781.250,1768.456
63,115,3968.750,2781.250,1780.604
64,115,4031.250,2781.250,1802.614
65,115,4093.750,2781.250,1820.551
66,115,4156.250,2781.250,1869.450
67,115,4218.750,2781.250,1927.063
68,115,4281.250,2781.250,1966.913
69,115,4343.750,2781.250,1997.957
70,115,4406.250,2781.250,2028.334
71,115,4468.750,2781.250,2022.140
72,115,4531.250,2781.250,2007.755
73,115,4593.750,2781.250,2011.362
74,115,4656.250,2781.250,2031.304
75,115,4718.750,2781.250,2068.751
76,115,4781.250,2781.250,2112.186
77,115,4843.750,2781.250,2090.236
78,115,4906.250,2781.250,2070.411
79,115,4968.750,2781.250,2045.398
80,115,5031.250,2781.250,2040.351
81,115,5093.750,2781.250,2063.897
82,115,5156.250,2781.250,2075.842
83,115,5218.750,2781.250,2073.069
84,115,5281.250,2781.250,2081.772
85,115,5343.750,2781.250,2073.049
86,115,5406.250,2781.250,2076.908
87,115,5468.750,2781.250,2073.784
88,115,5531.250,2781.250,2098.360
89,115,5593.750,2781.250,2124.310
90,115,5656.250,2781.250,2136.411
91,115,5718.750,2781.250,2138.753
92,115,5781.250,2781.250,2152.077
93,115,5843.750,2781.250,2189.423
94,115,5906.250,2781.250,2211.295
95,115,5968.750,2781.250,2205.702
96,115,6031.250,2781.250,2201.692
97,115,6093.750,2781.250,2202.485
98,115,6156.250,2781.250,2206.608
99,115,6218.750,2781.250,2201.726
100,115,6281.250,2781.250,2176.866
101,115,6343.750,2781.250,2129.146
102,115,6406.250,2781.250,2073.042
103,115,6468.750,2781.250,2036.041
104,115,6531.250,2781.250,2007.838
105,115,6593.750,2781.250,1951.952
106,115,6656.250,2781.250,1872.371
107,115,6718.750,2781.250,1812.555
108,115,6781.250,2781.250,1783.430
109,115,6843.750,2781.250,1763.839
110,115,6906.250,2781.250,1742.606
111,115,6968.750,2781.250,1726.865
112,115,7031.250,2781.250,1726.575
113,115,7093.750,2781.250,1729.232
114,115,7156.250,2781.250,1726.397
115,115,7218.750,2781.250,1733.766
116,115,7281.250,2781.250,1776.865
117,115,7343.750,2781.250,1816.631
118,115,7406.250,2781.250,1819.940
119,115,7468.750,2781.250,1805.559
120,115,7531.250,2781.250,1803.692
121,115,7593.750,2781.250,1802.676
122,115,7656.250,2781.250,1774.033
123,115,7718.750,2781.250,1720.656
124,115,7781.250,2781.250,1686.095
125,115,7843.750,2781.250,1700.569
126,115,7906.250,2781.250,1748.164
127,115,7968.750,2781.250,1816.228
128,115,8031.250,2781.250,1884.842
129,115,8093.750,2781.250,1931.787
130,115,8156.250,2781.250,1952.246
131,115,8218.750,2781.250,1970.010
132,115,8281.250,2781.250,1981.710
133,115,8343.750,2781.250,1990.772
134,115,8406.250,2781.250,2001.461
135,115,8468.750,2781.250,2007.941
136,115,8531.250,2781.250,1998.522
137,115,8593.750,2781.250,1975.593
138,115,8656.250,2781.250,1943.063
139,115,8718.750,2781.250,1923.279
140,115,8781.250,2781.250,1930.946
141,115,8843.750,2781.250,1934.997
142,115,8906.250,2781.250,1931.636
143,115,8968.750,2781.250,1923.802
144,115,9031.250,2781.250,1913.505
145,115,9093.750,2781.250,1915.463
146,115,9156.250,2781.250,1952.790
147,115,9218.750,2781.250,2010.044
148,115,9281.250,2781.250,2050.262
149,115,9343.750,2781.250,2060.753
150,115,9406.250,2781.250,2053.923
151,115,9468.750,2781.250,2045.277
152,115,9531.250,2781.250,2013.233
153,115,9593.750,2781.250,1959.943
154,115,9656.250,2781.250,1922.049
155,115,9718.750,2781.250,1914.164
156,115,9781.250,2781.250,1929.446
157,115,9843.750,2781.250,1946.381
158,115,9906.250,2781.250,1959.309
159,115,9968.750,2781.250,1974.745
0,116,31.250,2718.750,1628.798
1,116,93.750,2718.750,1610.369
2,116,156.250,2718.750,1593.345
3,116,218.750,2718.750,1602.982
4,116,281.250,2718.750,1617.197
5,116,343.750,2718.750,1584.785
6,116,406.250,2718.750,1503.346
7,116,468.750,2718.750,1447.807
8,116,531.250,2718.750,1460.119
9,116,593.750,2718.750,1499.533
10,116,656.250,2718.750,1525.582
11,116,718.750,2718.750,1556.585
12,116,781.250,2718.750,1599.363
13,116,843.750,2718.750,1646.504
14,116,906.250,2718.750,1698.478
15,116,968.750,2718.750,1763.890
16,116,1031.250,2718.750,1821.160
17,116,1093.750,2718.750,1896.248
18,116,1156.250,2718.750,2016.855
19,116,1218.750,2718.750,1937.049
20,116,1281.250,2718.750,1910.144
21,116,1343.750,2718.750,1901.104
22,116,1406.250,2718.750,1901.985
23,116,1468.750,2718.750,1941.412
24,116,1531.250,2718.750,1997.855
25,116,1593.750,2718.750,2007.156
26,116,1656.250,2718.750,1985.922
27,116,1718.750,2718.750,1984.892
28,116,1781.250,2718.750,2016.584
29,116,1843.750,2718.750,2039.446
30,116,1906.250,2718.750,2027.276
31,116,1968.750,2718.750,2006.467
32,116,2031.250,2718.750,1974.351
33,116,2093.750,2718.750,1945.698
34,116,2156.250,2718.750,1931.928
35,116,2218.750,2718.750,1923.060
36,116,2281.250,2718.750,1902.518
37,116,2343.750,2718.750,1897.417
38,116,2406.250,2718.750,1921.048
39,116,2468.750,2718.750,1945.838
40,116,2531.250,2718.750,1940.213
41,116,2593.750,2718.750,1936.484
42,116,2656.250,2718.750,1933.869
43,116,2718.750,2718.750,1924.412
44,116,2781.250,2718.750,1917.866
45,116,2843.750,2718.750,1924.659
46,116,2906.250,2718.750,1931.248
47,116,2968.750,2718.750,1928.110
48,116,3031.250,2718.750,1920.683
49,116,3093.750,2718.750,1918.253
50,116,3156.250,2718.750,1928.214
51,116,3218.750,2718.750,1948.203
52,116,3281.250,2718.750,1952.338
53,116,3343.750,2718.750,1929.619
54,116,3406.250,2718.750,1896.879
55,116,3468.750,2718.750,1866.670
56,116,3531.250,2718.750,1822.184
57,116,3593.750,2718.750,1798.015
58,116,3656.250,2718.750,1817.796
59,116,3718.750,2718.750,1855.294
60,116,3781.250,2718.750,1861.578
61,116,3843.750,2718.750,1800.337
62,116,3906.250,2718.750,1747.518
63,116,3968.750,2718.750,1743.651
64,116,4031.250,2718.750,1756.690
65,116,4093.750,2718.750,1773.160
66,116,4156.250,2718.750,1818.747
67,116,4218.750,2718.750,1872.747
68,116,4281.250,2718.750,1912.376
69,116,4343.750,2718.750,1944.080
70,116,4406.250,2718.750,1976.375
71,116,4468.750,2718.750,1986.662
72,116,4531.250,2718.750,1998.305
73,116,4593.750,2718.750,2021.168
74,116,4656.250,2718.750,2049.417
75,116,4718.750,2718.750,2089.790
76,116,4781.250,2718.750,2096.399
77,116,4843.750,2718.750,2063.633
78,116,4906.250,2718.750,2032.838
79,116,4968.750,2718.750,1998.140
80,116,5031.250,2718.750,1990.670
81,116,5093.750,2718.750,2012.036
82,116,5156.250,2718.750,2022.414
83,116,5218.750,2718.750,2030.070
84,116,5281.250,2718.750,2055.671
85,116,5343.750,2718.750,2073.018
86,116,5406.250,2718.750,2049.931
87,116,5468.750,2718.750,2042.804
88,116,5531.250,2718.750,2077.522
89,116,5593.750,2718.750,2120.363
90,116,5656.250,2718.750,2140.631
91,116,5718.750,2718.750,2136.337
92,116,5781.250,2718.750,2143.252
93,116,5843.750,2718.750,2178.918
94,116,5906.250,2718.750,2207.347
95,116,5968.750,2718.750,2203.297
96,116,6031.250,2718.750,2195.818
97,116,6093.750,2718.750,2196.789
98,116,6156.250,2718.750,2217.160
99,116,6218.750,2718.750,2232.297
100,116,6281.250,2718.750,2208.598
101,116,6343.750,2718.750,2146.012
102,116,6406.250,2718.750,2080.004
103,116,6468.750,2718.750,2049.207
104,116,6531.250,2718.750,2029.723
105,116,6593.750,2718.750,1973.431
106,116,6656.250,2718.750,1894.189
107,116,6718.750,2718.750,1835.577
108,116,6781.250,2718.750,1810.272
109,116,6843.750,2718.750,1796.612
110,116,6906.250,2718.750,1772.891
111,116,6968.750,2718.750,1736.893
112,116,7031.250,2718.750,1716.539
113,116,7093.750,2718.750,1707.618
114,116,7156.250,2718.750,1695.571
115,116,7218.750,2718.750,1699.961
116,116,7281.250,2718.750,1743.894
117,116,7343.750,2718.750,1784.825
118,116,7406.250,2718.750,1781.400
119,116,7468.750,2718.750,1754.981
120,116,7531.250,2718.750,1749.540
121,116,7593.750,2718.750,1757.904
122,116,7656.250,2718.750,1743.775
123,116,7718.750,2718.750,1707.144
124,116,7781.250,2718.750,1689.554
125,116,7843.750,2718.750,1713.087
126,116,7906.250,2718.750,1767.375
127,116,7968.750,2718.750,1839.482
128,116,8031.250,2718.750,1904.099
129,116,8093.750,2718.750,1946.216
130,116,8156.250,2718.750,1969.923
131,116,8218.750,2718.750,1983.983
132,116,8281.250,2718.750,1987.357
133,116,8343.750,2718.750,1983.400
134,116,8406.250,2718.750,1978.532
135,116,8468.750,2718.750,1978.722
136,116,8531.250,2718.750,1978.913
137,116,8593.750,2718.750,1964.787
138,116,8656.250,2718.750,1937.313
139,116,8718.750,2718.750,1923.038
140,116,8781.250,2718.750,1936.109
141,116,8843.750,2718.750,1949.502
142,116,8906.250,2718.750,1950.968
143,116,8968.750,2718.750,1933.933
144,116,9031.250,2718.750,1910.048
145,116,9093.750,2718.750,1909.985
146,116,9156.250,2718.750,1953.805
147,116,9218.750,2718.750,2014.998
148,116,9281.250,2718.750,2051.714
149,116,9343.750,2718.750,2058.430
150,116,9406.250,2718.750,2053.642
151,116,9468.750,2718.750,2052.003
152,116,9531.250,2718.750,2028.403
153,116,9593.750,2718.750,1976.774
154,116,9656.250,2718.750,1934.141
155,116,9718.750,2718.750,1927.415
156,116,9781.250,2718.750,1955.921
157,116,9843.750,2718.750,1984.321
158,116,9906.250,2718.750,2003.138
159,116,9968.750,2718.750,2024.081
0,117,31.250,2656.250,1632.121
1,117,93.750,2656.250,1617.763
2,117,156.250,2656.250,1601.562
3,117,218.750,2656.250,1601.665
4,117,281.250,2656.250,1602.499
5,117,343.750,2656.250,1566.284
6,117,406.250,2656.250,1493.465
7,117,468.750,2656.250,1449.464
8,117,531.250,2656.250,1464.035
9,117,593.750,2656.250,1499.234
10,117,656.250,2656.250,1524.340
11,117,718.750,2656.250,1563.241
12,117,781.250,2656.250,1612.708
13,117,843.750,2656.250,1665.119
14,117,906.250,2656.250,1723.716
15,117,968.750,2656.250,1792.281
16,117,1031.250,2656.250,1853.050
17,117,1093.750,2656.250,1929.910
18,117,1156.250,2656.250,2004.110
19,117,1218.750,2656.250,1931.107
20,117,1281.250,2656.250,1906.659
21,117,1343.750,2656.250,1896.140
22,117,1406.250,2656.250,1893.880
23,117,1468.750,2656.250,1920.347
24,117,1531.250,2656.250,1962.156
25,117,1593.750,2656.250,1977.566
26,117,1656.250,2656.250,1980.068
27,117,1718.750,2656.250,2004.246
28,117,1781.250,2656.250,2054.774
29,117,1843.750,2656.250,2088.689
30,117,1906.250,2656.250,2075.865
31,117,1968.750,2656.250,2047.030
32,117,2031.250,2656.250,2007.590
33,117,2093.750,2656.250,1980.258
34,117,2156.250,2656.250,1972.543
35,117,2218.750,2656.250,1965.413
36,117,2281.250,2656.250,1941.951
37,117,2343.750,2656.250,1936.191
38,117,2406.250,2656.250,1964.026
39,117,2468.750,2656.250,1994.327
40,117,2531.250,2656.250,1993.456
41,117,2593.750,2656.250,1994.089
42,117,2656.250,2656.250,1994.890
43,117,2718.750,2656.250,1990.264
44,117,2781.250,2656.250,1988.724
45,117,2843.750,2656.250,1991.188
46,117,2906.250,2656.250,1981.877
47,117,2968.750,2656.250,1961.059
48,117,3031.250,2656.250,1940.717
49,117,3093.750,2656.250,1929.125
50,117,3156.250,2656.250,1933.452
51,117,3218.750,2656.250,1944.876
52,117,3281.250,2656.250,1939.913
53,117,3343.750,2656.250,1907.858
54,117,3406.250,2656.250,1865.690
55,117,3468.750,2656.250,1833.284
56,117,3531.250,2656.250,1801.696
57,117,3593.750,2656.250,1791.609
58,117,3656.250,2656.250,1819.814
59,117,3718.750,2656.250,1862.143
60,117,3781.250,2656.250,1868.996
61,117,3843.750,2656.250,1803.674
62,117,3906.250,2656.250,1739.471
63,117,3968.750,2656.250,1716.554
64,117,4031.250,2656.250,1714.387
65,117,4093.750,2656.250,1727.922
66,117,4156.250,2656.250,1769.204
67,117,4218.750,2656.250,1818.989
68,117,4281.250,2656.250,1857.058
69,117,4343.750,2656.250,1887.835
70,117,4406.250,2656.250,1923.634
71,117,4468.750,2656.250,1956.400
72,117,4531.250,2656.250,1996.611
73,117,4593.750,2656.250,2043.517
74,117,4656.250,2656.250,2088.764
75,117,4718.750,2656.250,2104.997
76,117,4781.250,2656.250,2061.354
77,117,4843.750,2656.250,2022.019
78,117,4906.250,2656.250,1992.410
79,117,4968.750,2656.250,1965.139
80,117,5031.250,2656.250,1957.199
81,117,5093.750,2656.250,1969.550
82,117,5156.250,2656.250,1973.494
83,117,5218.750,2656.250,1981.493
84,117,5281.250,2656.250,2008.985
85,117,5343.750,2656.250,2033.075
86,117,5406.250,2656.250,2024.138
87,117,5468.750,2656.250,2027.667
88,117,5531.250,2656.250,2067.356
89,117,5593.750,2656.250,2114.163
90,117,5656.250,2656.250,2141.797
91,117,5718.750,2656.250,2141.720
92,117,5781.250,2656.250,2149.366
93,117,5843.750,2656.250,2180.269
94,117,5906.250,2656.250,2190.287
95,117,5968.750,2656.250,2190.821
96,117,6031.250,2656.250,2196.334
97,117,6093.750,2656.250,2208.745
98,117,6156.250,2656.250,2229.763
99,117,6218.750,2656.250,2240.362
100,117,6281.250,2656.250,2218.014
101,117,6343.750,2656.250,2166.086
102,117,6406.250,2656.250,2106.454
103,117,6468.750,2656.250,2066.629
104,117,6531.250,2656.250,2032.853
105,117,6593.750,2656.250,1973.420
106,117,6656.250,2656.250,1901.988
107,117,6718.750,2656.250,1849.824
108,117,6781.250,2656.250,1822.381
109,117,6843.750,2656.250,1804.909
110,117,6906.250,2656.250,1781.604
111,117,6968.750,2656.250,1744.624
112,117,7031.250,2656.250,1716.181
113,117,7093.750,2656.250,1693.008
114,117,7156.250,2656.250,1668.145
115,117,7218.750,2656.250,1668.697
116,117,7281.250,2656.250,1712.640
117,117,7343.750,2656.250,1754.170
118,117,7406.250,2656.250,1753.319
119,117,7468.750,2656.250,1729.556
120,117,7531.250,2656.250,1721.630
121,117,7593.750,2656.250,1727.871
122,117,7656.250,2656.250,1719.733
123,117,7718.750,2656.250,1694.372
124,117,7781.250,2656.250,1686.379
125,117,7843.750,2656.250,1716.874
126,117,7906.250,2656.250,1776.423
127,117,7968.750,2656.250,1852.036
128,117,8031.250,2656.250,1922.726
129,117,8093.750,2656.250,1974.396
130,117,8156.250,2656.250,2002.463
131,117,8218.750,2656.250,2010.271
132,117,8281.250,2656.250,2004.696
133,117,8343.750,2656.250,1993.950
134,117,8406.250,2656.250,1982.744
135,117,8468.750,2656.250,1978.503
136,117,8531.250,2656.250,1981.774
137,117,8593.750,2656.250,1972.967
138,117,8656.250,2656.250,1948.079
139,117,8718.750,2656.250,1934.096
140,117,8781.250,2656.250,1950.411
141,117,8843.750,2656.250,1969.031
142,117,8906.250,2656.250,1972.307
143,117,8968.750,2656.250,1951.753
144,117,9031.250,2656.250,1923.522
145,117,9093.750,2656.250,1921.133
146,117,9156.250,2656.250,1961.283
147,117,9218.750,2656.250,2019.292
148,117,9281.250,2656.250,2053.082
149,117,9343.750,2656.250,2057.707
150,117,9406.250,2656.250,2055.064
151,117,9468.750,2656.250,2060.011
152,117,9531.250,2656.250,2044.632
153,117,9593.750,2656.250,2002.348
154,117,9656.250,2656.250,1967.391
155,117,9718.750,2656.250,1962.034
156,117,9781.250,2656.250,1987.499
157,117,9843.750,2656.250,2016.399
158,117,9906.250,2656.250,2039.021
159,117,9968.750,2656.250,2062.255
0,118,31.250,2593.750,1630.399
1,118,93.750,2593.750,1627.620
2,118,156.250,2593.750,1616.638
3,118,218.750,2593.750,1598.568
4,118,281.250,2593.750,1572.870
5,118,343.750,2593.750,1530.721
6,118,406.250,2593.750,1474.068
7,118,468.750,2593.750,1446.760
8,118,531.250,2593.750,1456.500
9,118,593.750,2593.750,1477.003
10,118,656.250,2593.750,1503.608
11,118,718.750,2593.750,1561.994
12,118,781.250,2593.750,1623.650
13,118,843.750,2593.750,1682.529
14,118,906.250,2593.750,1752.159
15,118,968.750,2593.750,1826.723
16,118,1031.250,2593.750,1899.324
17,118,1093.750,2593.750,1983.322
18,118,1156.250,2593.750,1986.476
19,118,1218.750,2593.750,1953.657
20,118,1281.250,2593.750,1938.832
21,118,1343.750,2593.750,1929.285
22,118,1406.250,2593.750,1925.563
23,118,1468.750,2593.750,1922.813
24,118,1531.250,2593.750,1923.482
25,118,1593.750,2593.750,1940.592
26,118,1656.250,2593.750,1974.970
27,118,1718.750,2593.750,2026.923
28,118,1781.250,2593.750,2092.126
29,118,1843.750,2593.750,2135.529
30,118,1906.250,2593.750,2120.522
31,118,1968.750,2593.750,2076.811
32,118,2031.250,2593.750,2025.765
33,118,2093.750,2593.750,2006.763
34,118,2156.250,2593.750,2015.707
35,118,2218.750,2593.750,2009.833
36,118,2281.250,2593.750,1975.359
37,118,2343.750,2593.750,1965.937
38,118,2406.250,2593.750,2002.246
39,118,2468.750,2593.750,2041.327
40,118,2531.250,2593.750,2044.988
41,118,2593.750,2593.750,2046.829
42,118,2656.250,2593.750,2048.786
43,118,2718.750,2593.750,2054.925
44,118,2781.250,2593.750,2067.039
45,118,2843.750,2593.750,2063.191
46,118,2906.250,2593.750,2023.999
47,118,2968.750,2593.750,1980.174
48,118,3031.250,2593.750,1956.389
49,118,3093.750,2593.750,1945.534
50,118,3156.250,2593.750,1944.214
51,118,3218.750,2593.750,1937.770
52,118,3281.250,2593.750,1915.712
53,118,3343.750,2593.750,1871.579
54,118,3406.250,2593.750,1819.523
55,118,3468.750,2593.750,1788.326
56,118,3531.250,2593.750,1786.012
57,118,3593.750,2593.750,1799.159
58,118,3656.250,2593.750,1826.766
59,118,3718.750,2593.750,1861.944
60,118,3781.250,2593.750,1866.969
61,118,3843.750,2593.750,1809.201
62,118,3906.250,2593.750,1746.081
63,118,3968.750,2593.750,1702.390
64,118,4031.250,2593.750,1674.888
65,118,4093.750,2593.750,1682.611
66,118,4156.250,2593.750,1716.165
67,118,4218.750,2593.750,1759.928
68,118,4281.250,2593.750,1799.123
69,118,4343.750,2593.750,1833.530
70,118,4406.250,2593.750,1878.031
71,118,4468.750,2593.750,1948.574
72,118,4531.250,2593.750,2021.673
73,118,4593.750,2593.750,2082.502
74,118,4656.250,2593.750,2077.910
75,118,4718.750,2593.750,2059.205
76,118,4781.250,2593.750,2017.012
77,118,4843.750,2593.750,1978.888
78,118,4906.250,2593.750,1963.178
79,118,4968.750,2593.750,1957.836
80,118,5031.250,2593.750,1949.771
81,118,5093.750,2593.750,1940.821
82,118,5156.250,2593.750,1929.862
83,118,5218.750,2593.750,1927.778
84,118,5281.250,2593.750,1941.833
85,118,5343.750,2593.750,1968.819
86,118,5406.250,2593.750,1989.944
87,118,5468.750,2593.750,2015.720
88,118,5531.250,2593.750,2062.831
89,118,5593.750,2593.750,2115.705
90,118,5656.250,2593.750,2128.370
91,118,5718.750,2593.750,2148.256
92,118,5781.250,2593.750,2164.310
93,118,5843.750,2593.750,2165.477
94,118,5906.250,2593.750,2159.120
95,118,5968.750,2593.750,2165.576
96,118,6031.250,2593.750,2193.990
97,118,6093.750,2593.750,2223.536
98,118,6156.250,2593.750,2219.441
99,118,6218.750,2593.750,2232.295
100,118,6281.250,2593.750,2211.848
101,118,6343.750,2593.750,2186.500
102,118,6406.250,2593.750,2142.458
103,118,6468.750,2593.750,2079.816
104,118,6531.250,2593.750,2012.278
105,118,6593.750,2593.750,1948.541
106,118,6656.250,2593.750,1898.707
107,118,6718.750,2593.750,1862.426
108,118,6781.250,2593.750,1830.177
109,118,6843.750,2593.750,1804.220
110,118,6906.250,2593.750,1784.766
111,118,6968.750,2593.750,1758.912
112,118,7031.250,2593.750,1729.032
113,118,7093.750,2593.750,1690.124
114,118,7156.250,2593.750,1651.982
115,118,7218.750,2593.750,1649.025
116,118,7281.250,2593.750,1692.752
117,118,7343.750,2593.750,1734.548
118,118,7406.250,2593.750,1742.636
119,118,7468.750,2593.750,1732.749
120,118,7531.250,2593.750,1724.467
121,118,7593.750,2593.750,1719.317
122,118,7656.250,2593.750,1707.305
123,118,7718.750,2593.750,1684.757
124,118,7781.250,2593.750,1677.538
125,118,7843.750,2593.750,1713.193
126,118,7906.250,2593.750,1781.048
127,118,7968.750,2593.750,1863.255
128,118,8031.250,2593.750,1946.803
129,118,8093.750,2593.750,2014.953
130,118,8156.250,2593.750,2042.429
131,118,8218.750,2593.750,2028.706
132,118,8281.250,2593.750,2007.030
133,118,8343.750,2593.750,1997.290
134,118,8406.250,2593.750,1990.449
135,118,8468.750,2593.750,1986.904
136,118,8531.250,2593.750,1996.304
137,118,8593.750,2593.750,1996.250
138,118,8656.250,2593.750,1971.463
139,118,8718.750,2593.750,1951.117
140,118,8781.250,2593.750,1967.310
141,118,8843.750,2593.750,1991.726
142,118,8906.250,2593.750,1997.070
143,118,8968.750,2593.750,1973.527
144,118,9031.250,2593.750,1943.149
145,118,9093.750,2593.750,1939.827
146,118,9156.250,2593.750,1973.304
147,118,9218.750,2593.750,2025.168
148,118,9281.250,2593.750,2053.784
149,118,9343.750,2593.750,2053.357
150,118,9406.250,2593.750,2052.479
151,118,9468.750,2593.750,2065.688
152,118,9531.250,2593.750,2059.872
153,118,9593.750,2593.750,2029.995
154,118,9656.250,2593.750,2007.596
155,118,9718.750,2593.750,2003.849
156,118,9781.250,2593.750,2017.290
157,118,9843.750,2593.750,2040.114
158,118,9906.250,2593.750,2064.181
159,118,9968.750,2593.750,2086.477
0,119,31.250,2531.250,1620.174
1,119,93.750,2531.250,1631.695
2,119,156.250,2531.250,1630.612
3,119,218.750,2531.250,1599.998
4,119,281.250,2531.250,1550.181
5,119,343.750,2531.250,1499.053
6,119,406.250,2531.250,1451.651
7,119,468.750,2531.250,1436.393
8,119,531.250,2531.250,1443.823
9,119,593.750,2531.250,1455.585
10,119,656.250,2531.250,1486.658
11,119,718.750,2531.250,1560.730
12,119,781.250,2531.250,1629.026
13,119,843.750,2531.250,1689.236
14,119,906.250,2531.250,1766.130
15,119,968.750,2531.250,1845.741
16,119,1031.250,2531.250,1929.458
17,119,1093.750,2531.250,2015.577
18,119,1156.250,2531.250,1982.377
19,119,1218.750,2531.250,1988.973
20,119,1281.250,2531.250,1987.313
21,119,1343.750,2531.250,1981.423
22,119,1406.250,2531.250,1977.439
23,119,1468.750,2531.250,1949.882
24,119,1531.250,2531.250,1914.633
25,119,1593.750,2531.250,1931.632
26,119,1656.250,2531.250,1988.866
27,119,1718.750,2531.250,2058.881
28,119,1781.250,2531.250,2132.164
29,119,1843.750,2531.250,2151.214
30,119,1906.250,2531.250,2160.797
31,119,1968.750,2531.250,2102.346
32,119,2031.250,2531.250,2041.533
33,119,2093.750,2531.250,2030.115
34,119,2156.250,2531.250,2053.352
35,119,2218.750,2531.250,2048.173
36,119,2281.250,2531.250,2004.873
37,119,2343.750,2531.250,1994.853
38,119,2406.250,2531.250,2041.149
39,119,2468.750,2531.250,2088.796
40,119,2531.250,2531.250,2098.573
41,119,2593.750,2531.250,2104.416
42,119,2656.250,2531.250,2109.095
43,119,2718.750,2531.250,2123.321
44,119,2781.250,2531.250,2123.779
45,119,2843.750,2531.250,2130.642
46,119,2906.250,2531.250,2064.557
47,119,2968.750,2531.250,2003.629
48,119,3031.250,2531.250,1981.405
49,119,3093.750,2531.250,1974.523
50,119,3156.250,2531.250,1967.817
51,119,3218.750,2531.250,1942.424
52,119,3281.250,2531.250,1901.788
53,119,3343.750,2531.250,1845.703
54,119,3406.250,2531.250,1785.857
55,119,3468.750,2531.250,1755.746
56,119,3531.250,2531.250,1777.368
57,119,3593.750,2531.250,1807.841
58,119,3656.250,2531.250,1830.626
59,119,3718.750,2531.250,1855.577
60,119,3781.250,2531.250,1857.328
61,119,3843.750,2531.250,1808.558
62,119,3906.250,2531.250,1752.723
63,119,3968.750,2531.250,1697.358
64,119,4031.250,2531.250,1650.509
65,119,4093.750,2531.250,1653.863
66,119,4156.250,2531.250,1682.054
67,119,4218.750,2531.250,1722.111
68,119,4281.250,2531.250,1763.218
69,119,4343.750,2531.250,1800.824
70,119,4406.250,2531.250,1851.949
71,119,4468.750,2531.250,1952.582
72,119,4531.250,2531.250,2047.924
73,119,4593.750,2531.250,2062.164
74,119,4656.250,2531.250,2044.179
75,119,4718.750,2531.250,2022.610
76,119,4781.250,2531.250,1986.380
77,119,4843.750,2531.250,1955.009
78,119,4906.250,2531.250,1954.436
79,119,4968.750,2531.250,1967.978
80,119,5031.250,2531.250,1959.279
81,119,5093.750,2531.250,1931.477
82,119,5156.250,2531.250,1907.144
83,119,5218.750,2531.250,1890.906
84,119,5281.250,2531.250,1885.507
85,119,5343.750,2531.250,1909.563
86,119,5406.250,2531.250,1955.815
87,119,5468.750,2531.250,2000.978
88,119,5531.250,2531.250,2054.595
89,119,5593.750,2531.250,2101.463
90,119,5656.250,2531.250,2109.534
91,119,5718.750,2531.250,2123.087
92,119,5781.250,2531.250,2120.319
93,119,5843.750,2531.250,2124.508
94,119,5906.250,2531.250,2123.998
95,119,5968.750,2531.250,2136.216
96,119,6031.250,2531.250,2183.404
97,119,6093.750,2531.250,2187.081
98,119,6156.250,2531.250,2196.395
99,119,6218.750,2531.250,2222.092
100,119,6281.250,2531.250,2203.313
101,119,6343.750,2531.250,2198.216
102,119,6406.250,2531.250,2164.297
103,119,6468.750,2531.250,2080.303
104,119,6531.250,2531.250,1983.124
105,119,6593.750,2531.250,1914.149
106,119,6656.250,2531.250,1881.486
107,119,6718.750,2531.250,1858.939
108,119,6781.250,2531.250,1825.766
109,119,6843.750,2531.250,1797.004
110,119,6906.250,2531.250,1784.358
111,119,6968.750,2531.250,1769.252
112,119,7031.250,2531.250,1736.692
113,119,7093.750,2531.250,1682.721
114,119,7156.250,2531.250,1634.291
115,119,7218.750,2531.250,1632.323
116,119,7281.250,2531.250,1680.925
117,119,7343.750,2531.250,1726.305
118,119,7406.250,2531.250,1742.445
119,119,7468.750,2531.250,1745.536
120,119,7531.250,2531.250,1738.016
121,119,7593.750,2531.250,1722.430
122,119,7656.250,2531.250,1702.557
123,119,7718.750,2531.250,1675.313
124,119,7781.250,2531.250,1662.834
125,119,7843.750,2531.250,1701.268
126,119,7906.250,2531.250,1775.980
127,119,7968.750,2531.250,1863.825
128,119,8031.250,2531.250,1958.357
129,119,8093.750,2531.250,2039.336
130,119,8156.250,2531.250,2063.596
131,119,8218.750,2531.250,2029.512
132,119,8281.250,2531.250,1994.895
133,119,8343.750,2531.250,1988.917
134,119,8406.250,2531.250,1989.047
135,119,8468.750,2531.250,1988.238
136,119,8531.250,2531.250,2004.917
137,119,8593.750,2531.250,2017.160
138,119,8656.250,2531.250,1996.888
139,119,8718.750,2531.250,1972.013
140,119,8781.250,2531.250,1984.460
141,119,8843.750,2531.250,2008.796
142,119,8906.250,2531.250,2012.756
143,119,8968.750,2531.250,1987.972
144,119,9031.250,2531.250,1959.434
145,119,9093.750,2531.250,1958.666
146,119,9156.250,2531.250,1987.777
147,119,9218.750,2531.250,2033.103
148,119,9281.250,2531.250,2054.966
149,119,9343.750,2531.250,2048.334
150,119,9406.250,2531.250,2049.477
151,119,9468.750,2531.250,2074.334
152,119,9531.250,2531.250,2082.195
153,119,9593.750,2531.250,2065.728
154,119,9656.250,2531.250,2052.519
155,119,9718.750,2531.250,2046.796
156,119,9781.250,2531.250,2046.521
157,119,9843.750,2531.250,2063.037
158,119,9906.250,2531.250,2088.507
159,119,9968.750,2531.250,2110.449
0,120,31.250,2468.750,1612.431
1,120,93.750,2468.750,1630.692
2,120,156.250,2468.750,1636.426
3,120,218.750,2468.750,1605.768
4,120,281.250,2468.750,1548.544
5,120,343.750,2468.750,1490.406
6,120,406.250,2468.750,1441.844
7,120,468.750,2468.750,1429.019
8,120,531.250,2468.750,1439.701
9,120,593.750,2468.750,1455.413
10,120,656.250,2468.750,1490.091
11,120,718.750,2468.750,1561.114
12,120,781.250,2468.750,1623.681
13,120,843.750,2468.750,1680.555
14,120,906.250,2468.750,1757.350
15,120,968.750,2468.750,1837.846
16,120,1031.250,2468.750,1924.613
17,120,1093.750,2468.750,2016.388
18,120,1156.250,2468.750,2000.611
19,120,1218.750,2468.750,2016.531
20,120,1281.250,2468.750,2022.938
21,120,1343.750,2468.750,2022.289
22,120,1406.250,2468.750,2020.592
23,120,1468.750,2468.750,1992.941
24,120,1531.250,2468.750,1956.770
25,120,1593.750,2468.750,1975.164
26,120,1656.250,2468.750,2034.312
27,120,1718.750,2468.750,2104.597
28,120,1781.250,2468.750,2161.945
29,120,1843.750,2468.750,2118.809
30,120,1906.250,2468.750,2130.745
31,120,1968.750,2468.750,2138.140
32,120,2031.250,2468.750,2076.716
33,120,2093.750,2468.750,2064.842
34,120,2156.250,2468.750,2087.264
35,120,2218.750,2468.750,2082.557
36,120,2281.250,2468.750,2044.119
37,120,2343.750,2468.750,2041.009
38,120,2406.250,2468.750,2092.079
39,120,2468.750,2468.750,2142.043
40,120,2531.250,2468.750,2140.387
41,120,2593.750,2468.750,2144.982
42,120,2656.250,2468.750,2144.984
43,120,2718.750,2468.750,2126.683
44,120,2781.250,2468.750,2105.816
45,120,2843.750,2468.750,2119.839
46,120,2906.250,2468.750,2106.366
47,120,2968.750,2468.750,2044.539
48,120,3031.250,2468.750,2024.146
49,120,3093.750,2468.750,2018.244
50,120,3156.250,2468.750,2007.044
51,120,3218.750,2468.750,1971.331
52,120,3281.250,2468.750,1918.998
53,120,3343.750,2468.750,1854.060
54,120,3406.250,2468.750,1789.353
55,120,3468.750,2468.750,1756.115
56,120,3531.250,2468.750,1775.400
57,120,3593.750,2468.750,1803.212
58,120,3656.250,2468.750,1821.679
59,120,3718.750,2468.750,1841.725
60,120,3781.250,2468.750,1839.736
61,120,3843.750,2468.750,1792.485
62,120,3906.250,2468.750,1742.637
63,120,3968.750,2468.750,1691.791
64,120,4031.250,2468.750,1645.089
65,120,4093.750,2468.750,1649.101
66,120,4156.250,2468.750,1680.101
67,120,4218.750,2468.750,1722.461
68,120,4281.250,2468.750,1765.608
69,120,4343.750,2468.750,1805.362
70,120,4406.250,2468.750,1857.351
71,120,4468.750,2468.750,1959.724
72,120,4531.250,2468.750,2054.194
73,120,4593.750,2468.750,2066.794
74,120,4656.250,2468.750,2042.727
75,120,4718.750,2468.750,2019.218
76,120,4781.250,2468.750,1986.445
77,120,4843.750,2468.750,1960.584
78,120,4906.250,2468.750,1964.138
79,120,4968.750,2468.750,1978.619
80,120,5031.250,2468.750,1968.933
81,120,5093.750,2468.750,1938.583
82,120,5156.250,2468.750,1911.945
83,120,5218.750,2468.750,1887.736
84,120,5281.250,2468.750,1871.489
85,120,5343.750,2468.750,1888.910
86,120,5406.250,2468.750,1936.473
87,120,5468.750,2468.750,1984.339
88,120,5531.250,2468.750,2038.837
89,120,5593.750,2468.750,2094.311
90,120,5656.250,2468.750,2103.020
91,120,5718.750,2468.750,2100.202
92,120,5781.250,2468.750,2095.375
93,120,5843.750,2468.750,2098.941
94,120,5906.250,2468.750,2099.502
95,120,5968.750,2468.750,2112.718
96,120,6031.250,2468.750,2159.949
97,120,6093.750,2468.750,2180.732
98,120,6156.250,2468.750,2195.292
99,120,6218.750,2468.750,2212.484
100,120,6281.250,2468.750,2194.750
101,120,6343.750,2468.750,2187.146
102,120,6406.250,2468.750,2149.233
103,120,6468.750,2468.750,2061.114
104,120,6531.250,2468.750,1960.304
105,120,6593.750,2468.750,1888.110
106,120,6656.250,2468.750,1853.562
107,120,6718.750,2468.750,1832.301
108,120,6781.250,2468.750,1805.749
109,120,6843.750,2468.750,1785.591
110,120,6906.250,2468.750,1779.669
111,120,6968.750,2468.750,1765.710
112,120,7031.250,2468.750,1727.673
113,120,7093.750,2468.750,1666.285
114,120,7156.250,2468.750,1614.799
115,120,7218.750,2468.750,1616.048
116,120,7281.250,2468.750,1668.470
117,120,7343.750,2468.750,1716.613
118,120,7406.250,2468.750,1734.281
119,120,7468.750,2468.750,1740.251
120,120,7531.250,2468.750,1734.106
121,120,7593.750,2468.750,1719.652
122,120,7656.250,2468.750,1697.233
123,120,7718.750,2468.750,1664.382
124,120,7781.250,2468.750,1647.715
125,120,7843.750,2468.750,1686.544
126,120,7906.250,2468.750,1761.726
127,120,7968.750,2468.750,1849.948
128,120,8031.250,2468.750,1946.160
129,120,8093.750,2468.750,2027.890
130,120,8156.250,2468.750,2049.757
131,120,8218.750,2468.750,2012.759
132,120,8281.250,2468.750,1978.528
133,120,8343.750,2468.750,1975.413
134,120,8406.250,2468.750,1978.676
135,120,8468.750,2468.750,1980.627
136,120,8531.250,2468.750,2002.298
137,120,8593.750,2468.750,2024.559
138,120,8656.250,2468.750,2013.811
139,120,8718.750,2468.750,1992.716
140,120,8781.250,2468.750,2001.174
141,120,8843.750,2468.750,2018.934
142,120,8906.250,2468.750,2018.630
143,120,8968.750,2468.750,1995.079
144,120,9031.250,2468.750,1970.593
145,120,9093.750,2468.750,1974.424
146,120,9156.250,2468.750,2005.830
147,120,9218.750,2468.750,2048.849
148,120,9281.250,2468.750,2067.485
149,120,9343.750,2468.750,2059.910
150,120,9406.250,2468.750,2062.617
151,120,9468.750,2468.750,2091.758
152,120,9531.250,2468.750,2107.517
153,120,9593.750,2468.750,2099.477
154,120,9656.250,2468.750,2088.862
155,120,9718.750,2468.750,2081.349
156,120,9781.250,2468.750,2079.096
157,120,9843.750,2468.750,2096.772
158,120,9906.250,2468.750,2123.746
159,120,9968.750,2468.750,2146.268
0,121,31.250,2406.250,1606.700
1,121,93.750,2406.250,1629.132
2,121,156.250,2406.250,1640.769
3,121,218.750,2406.250,1613.825
4,121,281.250,2406.250,1556.147
5,121,343.750,2406.250,1498.609
6,121,406.250,2406.250,1462.293
7,121,468.750,2406.250,1456.159
8,121,531.250,2406.250,1463.435
9,121,593.750,2406.250,1477.017
10,121,656.250,2406.250,1507.504
11,121,718.750,2406.250,1552.634
12,121,781.250,2406.250,1599.525
13,121,843.750,2406.250,1662.352
14,121,906.250,2406.250,1745.773
15,121,968.750,2406.250,1826.582
16,121,1031.250,2406.250,1915.739
17,121,1093.750,2406.250,2006.305
18,121,1156.250,2406.250,2017.758
19,121,1218.750,2406.250,2020.768
20,121,1281.250,2406.250,2029.151
21,121,1343.750,2406.250,2039.070
22,121,1406.250,2406.250,2047.434
23,121,1468.750,2406.250,2041.043
24,121,1531.250,2406.250,2031.620
25,121,1593.750,2406.250,2054.928
26,121,1656.250,2406.250,2108.656
27,121,1718.750,2406.250,2171.011
28,121,1781.250,2406.250,2118.467
29,121,1843.750,2406.250,2086.447
30,121,1906.250,2406.250,2094.916
31,121,1968.750,2406.250,2124.863
32,121,2031.250,2406.250,2139.942
33,121,2093.750,2406.250,2122.358
34,121,2156.250,2406.250,2130.269
35,121,2218.750,2406.250,2127.856
36,121,2281.250,2406.250,2114.691
37,121,2343.750,2406.250,2125.296
38,121,2406.250,2406.250,2122.253
39,121,2468.750,2406.250,2095.719
40,121,2531.250,2406.250,2102.339
41,121,2593.750,2406.250,2129.890
42,121,2656.250,2406.250,2147.000
43,121,2718.750,2406.250,2135.958
44,121,2781.250,2406.250,2122.533
45,121,2843.750,2406.250,2135.477
46,121,2906.250,2406.250,2133.237
47,121,2968.750,2406.250,2086.846
48,121,3031.250,2406.250,2070.659
49,121,3093.750,2406.250,2066.346
50,121,3156.250,2406.250,2052.160
51,121,3218.750,2406.250,2013.927
52,121,3281.250,2406.250,1955.253
53,121,3343.750,2406.250,1880.614
54,121,3406.250,2406.250,1808.966
55,121,3468.750,2406.250,1767.907
56,121,3531.250,2406.250,1760.810
57,121,3593.750,2406.250,1768.992
58,121,3656.250,2406.250,1787.424
59,121,3718.750,2406.250,1811.443
60,121,3781.250,2406.250,1808.132
61,121,3843.750,2406.250,1762.207
62,121,3906.250,2406.250,1721.342
63,121,3968.750,2406.250,1687.335
64,121,4031.250,2406.250,1654.773
65,121,4093.750,2406.250,1663.827
66,121,4156.250,2406.250,1708.918
67,121,4218.750,2406.250,1759.686
68,121,4281.250,2406.250,1807.067
69,121,4343.750,2406.250,1854.585
70,121,4406.250,2406.250,1904.181
71,121,4468.750,2406.250,1983.493
72,121,4531.250,2406.250,2060.752
73,121,4593.750,2406.250,2074.433
74,121,4656.250,2406.250,2057.654
75,121,4718.750,2406.250,2033.621
76,121,4781.250,2406.250,1995.702
77,121,4843.750,2406.250,1968.112
78,121,4906.250,2406.250,1966.951
79,121,4968.750,2406.250,1971.632
80,121,5031.250,2406.250,1961.416
81,121,5093.750,2406.250,1939.720
82,121,5156.250,2406.250,1919.098
83,121,5218.750,2406.250,1897.658
84,121,5281.250,2406.250,1885.175
85,121,5343.750,2406.250,1897.985
86,121,5406.250,2406.250,1929.482
87,121,5468.750,2406.250,1968.553
88,121,5531.250,2406.250,2017.981
89,121,5593.750,2406.250,2062.724
90,121,5656.250,2406.250,2079.860
91,121,5718.750,2406.250,2084.630
92,121,5781.250,2406.250,2090.457
93,121,5843.750,2406.250,2092.257
94,121,5906.250,2406.250,2090.265
95,121,5968.750,2406.250,2098.642
96,121,6031.250,2406.250,2127.087
97,121,6093.750,2406.250,2160.033
98,121,6156.250,2406.250,2185.896
99,121,6218.750,2406.250,2196.006
100,121,6281.250,2406.250,2180.467
101,121,6343.750,2406.250,2157.154
102,121,6406.250,2406.250,2110.382
103,121,6468.750,2406.250,2032.904
104,121,6531.250,2406.250,1946.667
105,121,6593.750,2406.250,1874.369
106,121,6656.250,2406.250,1823.222
107,121,6718.750,2406.250,1794.613
108,121,6781.250,2406.250,1781.997
109,121,6843.750,2406.250,1778.522
110,121,6906.250,2406.250,1776.875
111,121,6968.750,2406.250,1757.785
112,121,7031.250,2406.250,1713.815
113,121,7093.750,2406.250,1650.831
114,121,7156.250,2406.250,1600.580
115,121,7218.750,2406.250,1601.827
116,121,7281.250,2406.250,1643.618
117,121,7343.750,2406.250,1686.354
118,121,7406.250,2406.250,1707.134
119,121,7468.750,2406.250,1715.753
120,121,7531.250,2406.250,1713.172
121,121,7593.750,2406.250,1714.489
122,121,7656.250,2406.250,1701.411
123,121,7718.750,2406.250,1669.445
124,121,7781.250,2406.250,1654.712
125,121,7843.750,2406.250,1690.627
126,121,7906.250,2406.250,1751.817
127,121,7968.750,2406.250,1826.194
128,121,8031.250,2406.250,1913.630
129,121,8093.750,2406.250,1989.291
130,121,8156.250,2406.250,2012.360
131,121,8218.750,2406.250,1988.809
132,121,8281.250,2406.250,1967.817
133,121,8343.750,2406.250,1967.424
134,121,8406.250,2406.250,1969.469
135,121,8468.750,2406.250,1974.460
136,121,8531.250,2406.250,2001.403
137,121,8593.750,2406.250,2031.861
138,121,8656.250,2406.250,2034.562
139,121,8718.750,2406.250,2025.748
140,121,8781.250,2406.250,2033.397
141,121,8843.750,2406.250,2043.864
142,121,8906.250,2406.250,2041.086
143,121,8968.750,2406.250,2020.409
144,121,9031.250,2406.250,1998.221
145,121,9093.750,2406.250,2007.004
146,121,9156.250,2406.250,2049.779
147,121,9218.750,2406.250,2096.252
148,121,9281.250,2406.250,2118.875
149,121,9343.750,2406.250,2122.562
150,121,9406.250,2406.250,2123.297
151,121,9468.750,2406.250,2125.028
152,121,9531.250,2406.250,2123.456
153,121,9593.750,2406.250,2118.541
154,121,9656.250,2406.250,2110.936
155,121,9718.750,2406.250,2105.919
156,121,9781.250,2406.250,2116.509
157,121,9843.750,2406.250,2144.593
158,121,9906.250,2406.250,2169.829
159,121,9968.750,2406.250,2187.296
0,122,31.250,2343.750,1603.846
1,122,93.750,2343.750,1627.802
2,122,156.250,2343.750,1643.055
3,122,218.750,2343.750,1620.826
4,122,281.250,2343.750,1568.375
5,122,343.750,2343.750,1518.756
6,122,406.250,2343.750,1501.082
7,122,468.750,2343.750,1501.569
8,122,531.250,2343.750,1498.978
9,122,593.750,2343.750,1503.221
10,122,656.250,2343.750,1525.102
11,122,718.750,2343.750,1542.257
12,122,781.250,2343.750,1575.664
13,122,843.750,2343.750,1649.987
14,122,906.250,2343.750,1743.259
15,122,968.750,2343.750,1822.768
16,122,1031.250,2343.750,1910.993
17,122,1093.750,2343.750,1996.462
18,122,1156.250,2343.750,2033.437
19,122,1218.750,2343.750,2019.098
20,122,1281.250,2343.750,2026.131
21,122,1343.750,2343.750,2048.361
22,122,1406.250,2343.750,2071.276
23,122,1468.750,2343.750,2092.524
24,122,1531.250,2343.750,2116.218
25,122,1593.750,2343.750,2146.203
26,122,1656.250,2343.750,2158.262
27,122,1718.750,2343.750,2109.984
28,122,1781.250,2343.750,2074.205
29,122,1843.750,2343.750,2059.787
30,122,1906.250,2343.750,2069.285
31,122,1968.750,2343.750,2084.285
32,122,2031.250,2343.750,2104.547
33,122,2093.750,2343.750,2120.083
34,122,2156.250,2343.750,2122.220
35,122,2218.750,2343.750,2112.293
36,122,2281.250,2343.750,2088.653
37,122,2343.750,2343.750,2071.047
38,122,2406.250,2343.750,2060.770
39,122,2468.750,2343.750,2053.896
40,122,2531.250,2343.750,2066.417
41,122,2593.750,2343.750,2114.734
42,122,2656.250,2343.750,2147.992
43,122,2718.750,2343.750,2145.774
44,122,2781.250,2343.750,2142.958
45,122,2843.750,2343.750,2156.331
46,122,2906.250,2343.750,2144.323
47,122,2968.750,2343.750,2118.683
48,122,3031.250,2343.750,2109.189
49,122,3093.750,2343.750,2107.800
50,122,3156.250,2343.750,2091.396
51,122,3218.750,2343.750,2053.786
52,122,3281.250,2343.750,1991.812
53,122,3343.750,2343.750,1908.050
54,122,3406.250,2343.750,1828.935
55,122,3468.750,2343.750,1780.547
56,122,3531.250,2343.750,1743.952
57,122,3593.750,2343.750,1729.290
58,122,3656.250,2343.750,1747.042
59,122,3718.750,2343.750,1775.364
60,122,3781.250,2343.750,1771.693
61,122,3843.750,2343.750,1730.380
62,122,3906.250,2343.750,1701.385
63,122,3968.750,2343.750,1687.986
64,122,4031.250,2343.750,1673.950
65,122,4093.750,2343.750,1689.565
66,122,4156.250,2343.750,1750.364
67,122,4218.750,2343.750,1809.212
68,122,4281.250,2343.750,1859.229
69,122,4343.750,2343.750,1915.030
70,122,4406.250,2343.750,1962.207
71,122,4468.750,2343.750,2014.216
72,122,4531.250,2343.750,2071.589
73,122,4593.750,2343.750,2073.622
74,122,4656.250,2343.750,2069.133
75,122,4718.750,2343.750,2044.869
76,122,4781.250,2343.750,1997.907
77,122,4843.750,2343.750,1964.403
78,122,4906.250,2343.750,1955.943
79,122,4968.750,2343.750,1950.799
80,122,5031.250,2343.750,1942.828
81,122,5093.750,2343.750,1934.370
82,122,5156.250,2343.750,1923.243
83,122,5218.750,2343.750,1910.358
84,122,5281.250,2343.750,1908.541
85,122,5343.750,2343.750,1919.950
86,122,5406.250,2343.750,1934.174
87,122,5468.750,2343.750,1964.670
88,122,5531.250,2343.750,2009.768
89,122,5593.750,2343.750,2043.067
90,122,5656.250,2343.750,2058.390
91,122,5718.750,2343.750,2079.779
92,122,5781.250,2343.750,2096.606
93,122,5843.750,2343.750,2097.207
94,122,5906.250,2343.750,2094.188
95,122,5968.750,2343.750,2098.131
96,122,6031.250,2343.750,2102.282
97,122,6093.750,2343.750,2105.299
98,122,6156.250,2343.750,2128.319
99,122,6218.750,2343.750,2155.435
100,122,6281.250,2343.750,2141.427
101,122,6343.750,2343.750,2104.860
102,122,6406.250,2343.750,2054.288
103,122,6468.750,2343.750,1993.589
104,122,6531.250,2343.750,1926.464
105,122,6593.750,2343.750,1856.469
106,122,6656.250,2343.750,1789.388
107,122,6718.750,2343.750,1754.927
108,122,6781.250,2343.750,1758.003
109,122,6843.750,2343.750,1771.308
110,122,6906.250,2343.750,1771.919
111,122,6968.750,2343.750,1748.514
112,122,7031.250,2343.750,1704.736
113,122,7093.750,2343.750,1647.311
114,122,7156.250,2343.750,1601.142
115,122,7218.750,2343.750,1599.513
116,122,7281.250,2343.750,1624.714
117,122,7343.750,2343.750,1658.745
118,122,7406.250,2343.750,1683.431
119,122,7468.750,2343.750,1692.650
120,122,7531.250,2343.750,1690.560
121,122,7593.750,2343.750,1708.723
122,122,7656.250,2343.750,1710.506
123,122,7718.750,2343.750,1686.642
124,122,7781.250,2343.750,1679.157
125,122,7843.750,2343.750,1710.532
126,122,7906.250,2343.750,1750.845
127,122,7968.750,2343.750,1803.218
128,122,8031.250,2343.750,1874.939
129,122,8093.750,2343.750,1940.979
130,122,8156.250,2343.750,1967.159
131,122,8218.750,2343.750,1962.551
132,122,8281.250,2343.750,1959.598
133,122,8343.750,2343.750,1964.422
134,122,8406.250,2343.750,1966.474
135,122,8468.750,2343.750,1975.780
136,122,8531.250,2343.750,2009.101
137,122,8593.750,2343.750,2046.360
138,122,8656.250,2343.750,2061.666
139,122,8718.750,2343.750,2066.726
140,122,8781.250,2343.750,2076.289
141,122,8843.750,2343.750,2083.431
142,122,8906.250,2343.750,2082.333
143,122,8968.750,2343.750,2066.686
144,122,9031.250,2343.750,2047.548
145,122,9093.750,2343.750,2061.634
146,122,9156.250,2343.750,2116.719
147,122,9218.750,2343.750,2167.651
148,122,9281.250,2343.750,2196.226
149,122,9343.750,2343.750,2213.936
150,122,9406.250,2343.750,2211.117
151,122,9468.750,2343.750,2173.438
152,122,9531.250,2343.750,2141.659
153,122,9593.750,2343.750,2133.149
154,122,9656.250,2343.750,2127.529
155,122,9718.750,2343.750,2126.922
156,122,9781.250,2343.750,2154.423
157,122,9843.750,2343.750,2195.134
158,122,9906.250,2343.750,2217.991
159,122,9968.750,2343.750,2228.687
0,123,31.250,2281.250,1598.265
1,123,93.750,2281.250,1623.017
2,123,156.250,2281.250,1641.570
3,123,218.750,2281.250,1626.407
4,123,281.250,2281.250,1584.242
5,123,343.750,2281.250,1544.286
6,123,406.250,2281.250,1535.124
7,123,468.750,2281.250,1533.655
8,123,531.250,2281.250,1519.701
9,123,593.750,2281.250,1513.323
10,123,656.250,2281.250,1529.177
11,123,718.750,2281.250,1539.104
12,123,781.250,2281.250,1573.093
13,123,843.750,2281.250,1656.898
14,123,906.250,2281.250,1756.091
15,123,968.750,2281.250,1831.338
16,123,1031.250,2281.250,1911.396
17,123,1093.750,2281.250,1986.035
18,123,1156.250,2281.250,2052.141
19,123,1218.750,2281.250,2036.585
20,123,1281.250,2281.250,2043.537
21,123,1343.750,2281.250,2075.628
22,123,1406.250,2281.250,2112.895
23,123,1468.750,2281.250,2146.952
24,123,1531.250,2281.250,2122.639
25,123,1593.750,2281.250,2109.495
26,123,1656.250,2281.250,2084.585
27,123,1718.750,2281.250,2056.305
28,123,1781.250,2281.250,2039.532
29,123,1843.750,2281.250,2038.801
30,123,1906.250,2281.250,2051.349
31,123,1968.750,2281.250,2058.170
32,123,2031.250,2281.250,2064.470
33,123,2093.750,2281.250,2068.074
34,123,2156.250,2281.250,2063.447
35,123,2218.750,2281.250,2048.971
36,123,2281.250,2281.250,2023.597
37,123,2343.750,2281.250,2013.570
38,123,2406.250,2281.250,2020.730
39,123,2468.750,2281.250,2026.166
40,123,2531.250,2281.250,2038.008
41,123,2593.750,2281.250,2090.755
42,123,2656.250,2281.250,2129.908
43,123,2718.750,2281.250,2134.885
44,123,2781.250,2281.250,2140.025
45,123,2843.750,2281.250,2155.928
46,123,2906.250,2281.250,2149.460
47,123,2968.750,2281.250,2138.679
48,123,3031.250,2281.250,2138.323
49,123,3093.750,2281.250,2141.403
50,123,3156.250,2281.250,2122.344
51,123,3218.750,2281.250,2081.648
52,123,3281.250,2281.250,2014.522
53,123,3343.750,2281.250,1922.935
54,123,3406.250,2281.250,1838.003
55,123,3468.750,2281.250,1787.162
56,123,3531.250,2281.250,1737.920
57,123,3593.750,2281.250,1710.486
58,123,3656.250,2281.250,1722.015
59,123,3718.750,2281.250,1746.667
60,123,3781.250,2281.250,1742.069
61,123,3843.750,2281.250,1711.189
62,123,3906.250,2281.250,1698.544
63,123,3968.750,2281.250,1704.804
64,123,4031.250,2281.250,1706.493
65,123,4093.750,2281.250,1726.351
66,123,4156.250,2281.250,1791.677
67,123,4218.750,2281.250,1850.380
68,123,4281.250,2281.250,1897.153
69,123,4343.750,2281.250,1954.109
70,123,4406.250,2281.250,2000.570
71,123,4468.750,2281.250,2041.046
72,123,4531.250,2281.250,2077.887
73,123,4593.750,2281.250,2059.242
74,123,4656.250,2281.250,2060.584
75,123,4718.750,2281.250,2035.483
76,123,4781.250,2281.250,1983.760
77,123,4843.750,2281.250,1946.849
78,123,4906.250,2281.250,1935.459
79,123,4968.750,2281.250,1928.715
80,123,5031.250,2281.250,1925.518
81,123,5093.750,2281.250,1926.905
82,123,5156.250,2281.250,1923.314
83,123,5218.750,2281.250,1917.283
84,123,5281.250,2281.250,1922.224
85,123,5343.750,2281.250,1934.387
86,123,5406.250,2281.250,1944.988
87,123,5468.750,2281.250,1976.931
88,123,5531.250,2281.250,2024.312
89,123,5593.750,2281.250,2054.219
90,123,5656.250,2281.250,2064.807
91,123,5718.750,2281.250,2087.358
92,123,5781.250,2281.250,2105.069
93,123,5843.750,2281.250,2105.997
94,123,5906.250,2281.250,2106.047
95,123,5968.750,2281.250,2109.444
96,123,6031.250,2281.250,2095.415
97,123,6093.750,2281.250,2067.547
98,123,6156.250,2281.250,2066.043
99,123,6218.750,2281.250,2082.758
100,123,6281.250,2281.250,2067.881
101,123,6343.750,2281.250,2032.218
102,123,6406.250,2281.250,1988.434
103,123,6468.750,2281.250,1941.373
104,123,6531.250,2281.250,1886.221
105,123,6593.750,2281.250,1820.344
106,123,6656.250,2281.250,1753.278
107,123,6718.750,2281.250,1724.326
108,123,6781.250,2281.250,1739.930
109,123,6843.750,2281.250,1763.594
110,123,6906.250,2281.250,1765.885
111,123,6968.750,2281.250,1743.019
112,123,7031.250,2281.250,1705.593
113,123,7093.750,2281.250,1657.017
114,123,7156.250,2281.250,1615.426
115,123,7218.750,2281.250,1612.020
116,123,7281.250,2281.250,1630.145
117,123,7343.750,2281.250,1661.702
118,123,7406.250,2281.250,1689.943
119,123,7468.750,2281.250,1697.331
120,123,7531.250,2281.250,1690.613
121,123,7593.750,2281.250,1713.087
122,123,7656.250,2281.250,1724.100
123,123,7718.750,2281.250,1709.662
124,123,7781.250,2281.250,1708.830
125,123,7843.750,2281.250,1735.267
126,123,7906.250,2281.250,1757.518
127,123,7968.750,2281.250,1787.971
128,123,8031.250,2281.250,1840.512
129,123,8093.750,2281.250,1894.675
130,123,8156.250,2281.250,1922.469
131,123,8218.750,2281.250,1930.734
132,123,8281.250,2281.250,1942.627
133,123,8343.750,2281.250,1958.124
134,123,8406.250,2281.250,1967.617
135,123,8468.750,2281.250,1983.682
136,123,8531.250,2281.250,2025.380
137,123,8593.750,2281.250,2070.699
138,123,8656.250,2281.250,2095.754
139,123,8718.750,2281.250,2110.130
140,123,8781.250,2281.250,2122.155
141,123,8843.750,2281.250,2131.895
142,123,8906.250,2281.250,2136.937
143,123,8968.750,2281.250,2129.345
144,123,9031.250,2281.250,2117.686
145,123,9093.750,2281.250,2137.418
146,123,9156.250,2281.250,2195.878
147,123,9218.750,2281.250,2245.390
148,123,9281.250,2281.250,2273.513
149,123,9343.750,2281.250,2294.978
150,123,9406.250,2281.250,2290.188
151,123,9468.750,2281.250,2231.288
152,123,9531.250,2281.250,2178.722
153,123,9593.750,2281.250,2161.202
154,123,9656.250,2281.250,2153.081
155,123,9718.750,2281.250,2154.216
156,123,9781.250,2281.250,2189.839
157,123,9843.750,2281.250,2237.536
158,123,9906.250,2281.250,2261.187
159,123,9968.750,2281.250,2269.623
0,124,31.250,2218.750,1572.617
1,124,93.750,2218.750,1595.208
2,124,156.250,2218.750,1616.222
3,124,218.750,2218.750,1617.958
4,124,281.250,2218.750,1599.475
5,124,343.750,2218.750,1570.532
6,124,406.250,2218.750,1563.094
7,124,468.750,2218.750,1555.478
8,124,531.250,2218.750,1525.811
9,124,593.750,2218.750,1501.640
10,124,656.250,2218.750,1513.794
11,124,718.750,2218.750,1537.236
12,124,781.250,2218.750,1584.599
13,124,843.750,2218.750,1673.538
14,124,906.250,2218.750,1772.984
15,124,968.750,2218.750,1839.467
16,124,1031.250,2218.750,1895.503
17,124,1093.750,2218.750,1948.841
18,124,1156.250,2218.750,2005.518
19,124,1218.750,2218.750,2064.304
20,124,1281.250,2218.750,2090.607
21,124,1343.750,2218.750,2118.816
22,124,1406.250,2218.750,2106.525
23,124,1468.750,2218.750,2074.358
24,124,1531.250,2218.750,2043.248
25,124,1593.750,2218.750,2030.604
26,124,1656.250,2218.750,2008.851
27,124,1718.750,2218.750,1992.513
28,124,1781.250,2218.750,1991.057
29,124,1843.750,2218.750,1998.696
30,124,1906.250,2218.750,2015.307
31,124,1968.750,2218.750,2027.675
32,124,2031.250,2218.750,2029.592
33,124,2093.750,2218.750,2016.126
34,124,2156.250,2218.750,1996.218
35,124,2218.750,2218.750,1980.009
36,124,2281.250,2218.750,1972.065
37,124,2343.750,2218.750,1980.977
38,124,2406.250,2218.750,2003.403
39,124,2468.750,2218.750,2018.847
40,124,2531.250,2218.750,2023.088
41,124,2593.750,2218.750,2048.642
42,124,2656.250,2218.750,2073.351
43,124,2718.750,2218.750,2095.152
44,124,2781.250,2218.750,2123.484
45,124,2843.750,2218.750,2146.439
46,124,2906.250,2218.750,2152.861
47,124,2968.750,2218.750,2152.370
48,124,3031.250,2218.750,2140.950
49,124,3093.750,2218.750,2132.011
50,124,3156.250,2218.750,2152.857
51,124,3218.750,2218.750,2104.710
52,124,3281.250,2218.750,2029.896
53,124,3343.750,2218.750,1933.624
54,124,3406.250,2218.750,1847.417
55,124,3468.750,2218.750,1797.155
56,124,3531.250,2218.750,1744.875
57,124,3593.750,2218.750,1711.152
58,124,3656.250,2218.750,1713.199
59,124,3718.750,2218.750,1728.661
60,124,3781.250,2218.750,1723.432
61,124,3843.750,2218.750,1707.649
62,124,3906.250,2218.750,1714.605
63,124,3968.750,2218.750,1744.716
64,124,4031.250,2218.750,1768.018
65,124,4093.750,2218.750,1787.225
66,124,4156.250,2218.750,1828.518
67,124,4218.750,2218.750,1868.149
68,124,4281.250,2218.750,1908.478
69,124,4343.750,2218.750,1962.008
70,124,4406.250,2218.750,2009.691
71,124,4468.750,2218.750,2057.423
72,124,4531.250,2218.750,2054.126
73,124,4593.750,2218.750,2034.064
74,124,4656.250,2218.750,2029.627
75,124,4718.750,2218.750,2002.762
76,124,4781.250,2218.750,1953.271
77,124,4843.750,2218.750,1917.626
78,124,4906.250,2218.750,1909.682
79,124,4968.750,2218.750,1910.860
80,124,5031.250,2218.750,1912.038
81,124,5093.750,2218.750,1912.538
82,124,5156.250,2218.750,1910.061
83,124,5218.750,2218.750,1913.183
84,124,5281.250,2218.750,1927.953
85,124,5343.750,2218.750,1945.274
86,124,5406.250,2218.750,1970.840
87,124,5468.750,2218.750,2015.648
88,124,5531.250,2218.750,2064.204
89,124,5593.750,2218.750,2089.835
90,124,5656.250,2218.750,2093.560
91,124,5718.750,2218.750,2098.475
92,124,5781.250,2218.750,2079.905
93,124,5843.750,2218.750,2089.217
94,124,5906.250,2218.750,2123.080
95,124,5968.750,2218.750,2140.529
96,124,6031.250,2218.750,2107.120
97,124,6093.750,2218.750,2049.419
98,124,6156.250,2218.750,2011.817
99,124,6218.750,2218.750,1997.965
100,124,6281.250,2218.750,1980.436
101,124,6343.750,2218.750,1956.805
102,124,6406.250,2218.750,1926.820
103,124,6468.750,2218.750,1888.479
104,124,6531.250,2218.750,1838.266
105,124,6593.750,2218.750,1779.958
106,124,6656.250,2218.750,1735.508
107,124,6718.750,2218.750,1726.748
108,124,6781.250,2218.750,1746.516
109,124,6843.750,2218.750,1767.322
110,124,6906.250,2218.750,1768.069
111,124,6968.750,2218.750,1741.155
112,124,7031.250,2218.750,1706.257
113,124,7093.750,2218.750,1673.357
114,124,7156.250,2218.750,1648.363
115,124,7218.750,2218.750,1645.523
116,124,7281.250,2218.750,1653.073
117,124,7343.750,2218.750,1679.808
118,124,7406.250,2218.750,1720.950
119,124,7468.750,2218.750,1741.491
120,124,7531.250,2218.750,1727.564
121,124,7593.750,2218.750,1722.517
122,124,7656.250,2218.750,1720.717
123,124,7718.750,2218.750,1719.513
124,124,7781.250,2218.750,1732.680
125,124,7843.750,2218.750,1757.297
126,124,7906.250,2218.750,1773.684
127,124,7968.750,2218.750,1790.118
128,124,8031.250,2218.750,1820.176
129,124,8093.750,2218.750,1857.414
130,124,8156.250,2218.750,1883.765
131,124,8218.750,2218.750,1896.224
132,124,8281.250,2218.750,1917.466
133,124,8343.750,2218.750,1943.953
134,124,8406.250,2218.750,1961.642
135,124,8468.750,2218.750,1983.971
136,124,8531.250,2218.750,2028.454
137,124,8593.750,2218.750,2078.827
138,124,8656.250,2218.750,2118.919
139,124,8718.750,2218.750,2149.674
140,124,8781.250,2218.750,2165.032
141,124,8843.750,2218.750,2174.682
142,124,8906.250,2218.750,2184.088
143,124,8968.750,2218.750,2194.431
144,124,9031.250,2218.750,2205.781
145,124,9093.750,2218.750,2230.848
146,124,9156.250,2218.750,2273.450
147,124,9218.750,2218.750,2309.438
148,124,9281.250,2218.750,2331.299
149,124,9343.750,2218.750,2337.489
150,124,9406.250,2218.750,2327.224
151,124,9468.750,2218.750,2283.577
152,124,9531.250,2218.750,2224.432
153,124,9593.750,2218.750,2199.938
154,124,9656.250,2218.750,2191.569
155,124,9718.750,2218.750,2192.446
156,124,9781.250,2218.750,2226.563
157,124,9843.750,2218.750,2275.003
158,124,9906.250,2218.750,2304.978
159,124,9968.750,2218.750,2319.888
0,125,31.250,2156.250,1532.954
1,125,93.750,2156.250,1553.915
2,125,156.250,2156.250,1579.481
3,125,218.750,2156.250,1604.457
4,125,281.250,2156.250,1615.372
5,125,343.750,2156.250,1596.797
6,125,406.250,2156.250,1590.547
7,125,468.750,2156.250,1578.386
8,125,531.250,2156.250,1532.580
9,125,593.750,2156.250,1488.073
10,125,656.250,2156.250,1497.143
11,125,718.750,2156.250,1537.689
12,125,781.250,2156.250,1598.932
13,125,843.750,2156.250,1688.868
14,125,906.250,2156.250,1784.959
15,125,968.750,2156.250,1840.468
16,125,1031.250,2156.250,1865.459
17,125,1093.750,2156.250,1893.541
18,125,1156.250,2156.250,1943.393
19,125,1218.750,2156.250,2000.015
20,125,1281.250,2156.250,2041.423
21,125,1343.750,2156.250,2064.556
22,125,1406.250,2156.250,2053.058
23,125,1468.750,2156.250,2012.804
24,125,1531.250,2156.250,1977.990
25,125,1593.750,2156.250,1964.576
26,125,1656.250,2156.250,1934.810
27,125,1718.750,2156.250,1919.865
28,125,1781.250,2156.250,1928.562
29,125,1843.750,2156.250,1940.280
30,125,1906.250,2156.250,1958.216
31,125,1968.750,2156.250,1980.897
32,125,2031.250,2156.250,1984.847
33,125,2093.750,2156.250,1960.565
34,125,2156.250,2156.250,1932.024
35,125,2218.750,2156.250,1918.643
36,125,2281.250,2156.250,1929.959
37,125,2343.750,2156.250,1955.560
38,125,2406.250,2156.250,1989.460
39,125,2468.750,2156.250,2014.065
40,125,2531.250,2156.250,2009.107
41,125,2593.750,2156.250,1994.804
42,125,2656.250,2156.250,1996.759
43,125,2718.750,2156.250,2041.755
44,125,2781.250,2156.250,2103.912
45,125,2843.750,2156.250,2136.667
46,125,2906.250,2156.250,2139.202
47,125,2968.750,2156.250,2133.849
48,125,3031.250,2156.250,2119.907
49,125,3093.750,2156.250,2110.406
50,125,3156.250,2156.250,2142.924
51,125,3218.750,2156.250,2132.030
52,125,3281.250,2156.250,2049.018
53,125,3343.750,2156.250,1950.472
54,125,3406.250,2156.250,1866.016
55,125,3468.750,2156.250,1816.214
56,125,3531.250,2156.250,1760.771
57,125,3593.750,2156.250,1722.046
58,125,3656.250,2156.250,1716.957
59,125,3718.750,2156.250,1725.273
60,125,3781.250,2156.250,1720.864
61,125,3843.750,2156.250,1719.331
62,125,3906.250,2156.250,1744.046
63,125,3968.750,2156.250,1798.688
64,125,4031.250,2156.250,1846.452
65,125,4093.750,2156.250,1861.759
66,125,4156.250,2156.250,1864.535
67,125,4218.750,2156.250,1875.866
68,125,4281.250,2156.250,1909.790
69,125,4343.750,2156.250,1958.640
70,125,4406.250,2156.250,2006.746
71,125,4468.750,2156.250,2067.199
72,125,4531.250,2156.250,2033.311
73,125,4593.750,2156.250,2007.734
74,125,4656.250,2156.250,1992.225
75,125,4718.750,2156.250,1963.345
76,125,4781.250,2156.250,1919.560
77,125,4843.750,2156.250,1888.002
78,125,4906.250,2156.250,1886.272
79,125,4968.750,2156.250,1897.626
80,125,5031.250,2156.250,1900.649
81,125,5093.750,2156.250,1893.568
82,125,5156.250,2156.250,1888.592
83,125,5218.750,2156.250,1903.113
84,125,5281.250,2156.250,1931.438
85,125,5343.750,2156.250,1956.156
86,125,5406.250,2156.250,2002.286
87,125,5468.750,2156.250,2061.156
88,125,5531.250,2156.250,2105.599
89,125,5593.750,2156.250,2099.506
90,125,5656.250,2156.250,2090.593
91,125,5718.750,2156.250,2070.003
92,125,5781.250,2156.250,2055.110
93,125,5843.750,2156.250,2053.640
94,125,5906.250,2156.250,2073.752
95,125,5968.750,2156.250,2129.696
96,125,6031.250,2156.250,2116.508
97,125,6093.750,2156.250,2035.420
98,125,6156.250,2156.250,1970.219
99,125,6218.750,2156.250,1929.239
100,125,6281.250,2156.250,1909.495
101,125,6343.750,2156.250,1897.869
102,125,6406.250,2156.250,1879.970
103,125,6468.750,2156.250,1847.142
104,125,6531.250,2156.250,1800.133
105,125,6593.750,2156.250,1751.387
106,125,6656.250,2156.250,1737.665
107,125,6718.750,2156.250,1753.460
108,125,6781.250,2156.250,1773.250
109,125,6843.750,2156.250,1785.690
110,125,6906.250,2156.250,1783.570
111,125,6968.750,2156.250,1747.115
112,125,7031.250,2156.250,1706.929
113,125,7093.750,2156.250,1689.574
114,125,7156.250,2156.250,1687.714
115,125,7218.750,2156.250,1687.392
116,125,7281.250,2156.250,1679.570
117,125,7343.750,2156.250,1698.032
118,125,7406.250,2156.250,1758.200
119,125,7468.750,2156.250,1804.550
120,125,7531.250,2156.250,1786.737
121,125,7593.750,2156.250,1739.813
122,125,7656.250,2156.250,1710.793
123,125,7718.750,2156.250,1720.107
124,125,7781.250,2156.250,1748.239
125,125,7843.750,2156.250,1772.238
126,125,7906.250,2156.250,1790.353
127,125,7968.750,2156.250,1799.587
128,125,8031.250,2156.250,1808.364
129,125,8093.750,2156.250,1827.579
130,125,8156.250,2156.250,1851.083
131,125,8218.750,2156.250,1863.826
132,125,8281.250,2156.250,1891.081
133,125,8343.750,2156.250,1925.226
134,125,8406.250,2156.250,1947.584
135,125,8468.750,2156.250,1974.642
136,125,8531.250,2156.250,2018.055
137,125,8593.750,2156.250,2072.148
138,125,8656.250,2156.250,2132.494
139,125,8718.750,2156.250,2185.775
140,125,8781.250,2156.250,2204.658
141,125,8843.750,2156.250,2209.866
142,125,8906.250,2156.250,2220.125
143,125,8968.750,2156.250,2252.594
144,125,9031.250,2156.250,2294.378
145,125,9093.750,2156.250,2324.619
146,125,9156.250,2156.250,2343.986
147,125,9218.750,2156.250,2362.049
148,125,9281.250,2156.250,2342.424
149,125,9343.750,2156.250,2323.485
150,125,9406.250,2156.250,2309.091
151,125,9468.750,2156.250,2330.458
152,125,9531.250,2156.250,2274.440
153,125,9593.750,2156.250,2248.362
154,125,9656.250,2156.250,2243.213
155,125,9718.750,2156.250,2243.589
156,125,9781.250,2156.250,2273.185
157,125,9843.750,2156.250,2258.941
158,125,9906.250,2156.250,2250.987
159,125,9968.750,2156.250,2265.532
0,126,31.250,2093.750,1503.919
1,126,93.750,2093.750,1526.947
2,126,156.250,2093.750,1559.458
3,126,218.750,2093.750,1601.929
4,126,281.250,2093.750,1633.825
5,126,343.750,2093.750,1625.955
6,126,406.250,2093.750,1624.526
7,126,468.750,2093.750,1611.428
8,126,531.250,2093.750,1556.083
9,126,593.750,2093.750,1498.438
10,126,656.250,2093.750,1503.984
11,126,718.750,2093.750,1552.423
12,126,781.250,2093.750,1618.911
13,126,843.750,2093.750,1705.816
14,126,906.250,2093.750,1796.343
15,126,968.750,2093.750,1840.910
16,126,1031.250,2093.750,1842.027
17,126,1093.750,2093.750,1850.723
18,126,1156.250,2093.750,1893.759
19,126,1218.750,2093.750,1945.029
20,126,1281.250,2093.750,1981.834
21,126,1343.750,2093.750,2009.862
22,126,1406.250,2093.750,2001.828
23,126,1468.750,2093.750,1960.285
24,126,1531.250,2093.750,1926.373
25,126,1593.750,2093.750,1913.340
26,126,1656.250,2093.750,1878.154
27,126,1718.750,2093.750,1862.930
28,126,1781.250,2093.750,1876.244
29,126,1843.750,2093.750,1886.522
30,126,1906.250,2093.750,1899.307
31,126,1968.750,2093.750,1924.206
32,126,2031.250,2093.750,1930.117
33,126,2093.750,2093.750,1906.474
34,126,2156.250,2093.750,1881.906
35,126,2218.750,2093.750,1875.819
36,126,2281.250,2093.750,1897.206
37,126,2343.750,2093.750,1927.317
38,126,2406.250,2093.750,1962.018
39,126,2468.750,2093.750,1988.874
40,126,2531.250,2093.750,1977.115
41,126,2593.750,2093.750,1937.461
42,126,2656.250,2093.750,1925.435
43,126,2718.750,2093.750,1985.995
44,126,2781.250,2093.750,2071.035
45,126,2843.750,2093.750,2112.235
46,126,2906.250,2093.750,2115.621
47,126,2968.750,2093.750,2112.148
48,126,3031.250,2093.750,2102.458
49,126,3093.750,2093.750,2097.343
50,126,3156.250,2093.750,2135.262
51,126,3218.750,2093.750,2162.835
52,126,3281.250,2093.750,2075.603
53,126,3343.750,2093.750,1976.853
54,126,3406.250,2093.750,1893.962
55,126,3468.750,2093.750,1843.698
56,126,3531.250,2093.750,1785.778
57,126,3593.750,2093.750,1744.561
58,126,3656.250,2093.750,1738.318
59,126,3718.750,2093.750,1746.188
60,126,3781.250,2093.750,1744.186
61,126,3843.750,2093.750,1748.616
62,126,3906.250,2093.750,1778.060
63,126,3968.750,2093.750,1841.653
64,126,4031.250,2093.750,1901.620
65,126,4093.750,2093.750,1914.439
66,126,4156.250,2093.750,1893.624
67,126,4218.750,2093.750,1887.411
68,126,4281.250,2093.750,1916.258
69,126,4343.750,2093.750,1959.667
70,126,4406.250,2093.750,2005.432
71,126,4468.750,2093.750,2072.951
72,126,4531.250,2093.750,2018.399
73,126,4593.750,2093.750,1988.626
74,126,4656.250,2093.750,1965.603
75,126,4718.750,2093.750,1935.458
76,126,4781.250,2093.750,1896.493
77,126,4843.750,2093.750,1869.107
78,126,4906.250,2093.750,1872.186
79,126,4968.750,2093.750,1889.655
80,126,5031.250,2093.750,1893.117
81,126,5093.750,2093.750,1880.778
82,126,5156.250,2093.750,1874.789
83,126,5218.750,2093.750,1898.987
84,126,5281.250,2093.750,1938.997
85,126,5343.750,2093.750,1970.366
86,126,5406.250,2093.750,2028.272
87,126,5468.750,2093.750,2092.443
88,126,5531.250,2093.750,2084.302
89,126,5593.750,2093.750,2076.743
90,126,5656.250,2093.750,2070.621
91,126,5718.750,2093.750,2058.614
92,126,5781.250,2093.750,2050.466
93,126,5843.750,2093.750,2043.432
94,126,5906.250,2093.750,2052.962
95,126,5968.750,2093.750,2110.022
96,126,6031.250,2093.750,2108.449
97,126,6093.750,2093.750,2016.111
98,126,6156.250,2093.750,1938.861
99,126,6218.750,2093.750,1885.012
100,126,6281.250,2093.750,1864.510
101,126,6343.750,2093.750,1859.321
102,126,6406.250,2093.750,1847.872
103,126,6468.750,2093.750,1818.688
104,126,6531.250,2093.750,1775.585
105,126,6593.750,2093.750,1735.394
106,126,6656.250,2093.750,1743.084
107,126,6718.750,2093.750,1775.876
108,126,6781.250,2093.750,1798.679
109,126,6843.750,2093.750,1809.331
110,126,6906.250,2093.750,1807.646
111,126,6968.750,2093.750,1764.829
112,126,7031.250,2093.750,1718.556
113,126,7093.750,2093.750,1708.438
114,126,7156.250,2093.750,1721.278
115,126,7218.750,2093.750,1721.710
116,126,7281.250,2093.750,1701.593
117,126,7343.750,2093.750,1712.658
118,126,7406.250,2093.750,1785.774
119,126,7468.750,2093.750,1853.640
120,126,7531.250,2093.750,1839.031
121,126,7593.750,2093.750,1766.749
122,126,7656.250,2093.750,1716.041
123,126,7718.750,2093.750,1725.112
124,126,7781.250,2093.750,1756.392
125,126,7843.750,2093.750,1776.953
126,126,7906.250,2093.750,1795.972
127,126,7968.750,2093.750,1801.790
128,126,8031.250,2093.750,1798.103
129,126,8093.750,2093.750,1807.270
130,126,8156.250,2093.750,1831.550
131,126,8218.750,2093.750,1847.004
132,126,8281.250,2093.750,1878.902
133,126,8343.750,2093.750,1915.869
134,126,8406.250,2093.750,1938.716
135,126,8468.750,2093.750,1968.666
136,126,8531.250,2093.750,2014.399
137,126,8593.750,2093.750,2074.680
138,126,8656.250,2093.750,2151.034
139,126,8718.750,2093.750,2219.864
140,126,8781.250,2093.750,2241.390
141,126,8843.750,2093.750,2244.300
142,126,8906.250,2093.750,2255.497
143,126,8968.750,2093.750,2302.388
144,126,9031.250,2093.750,2365.153
145,126,9093.750,2093.750,2384.591
146,126,9156.250,2093.750,2363.708
147,126,9218.750,2093.750,2336.012
148,126,9281.250,2093.750,2307.722
149,126,9343.750,2093.750,2287.873
150,126,9406.250,2093.750,2269.561
151,126,9468.750,2093.750,2283.138
152,126,9531.250,2093.750,2306.123
153,126,9593.750,2093.750,2305.253
154,126,9656.250,2093.750,2287.883
155,126,9718.750,2093.750,2273.615
156,126,9781.250,2093.750,2244.579
157,126,9843.750,2093.750,2213.144
158,126,9906.250,2093.750,2195.488
159,126,9968.750,2093.750,2195.651
0,127,31.250,2031.250,1513.550
1,127,93.750,2031.250,1541.113
2,127,156.250,2031.250,1578.833
3,127,218.750,2031.250,1624.767
4,127,281.250,2031.250,1661.014
5,127,343.750,2031.250,1658.689
6,127,406.250,2031.250,1652.828
7,127,468.750,2031.250,1635.584
8,127,531.250,2031.250,1587.320
9,127,593.750,2031.250,1537.983
10,127,656.250,2031.250,1542.062
11,127,718.750,2031.250,1587.185
12,127,781.250,2031.250,1648.765
13,127,843.750,2031.250,1724.124
14,127,906.250,2031.250,1800.265
15,127,968.750,2031.250,1836.117
16,127,1031.250,2031.250,1834.478
17,127,1093.750,2031.250,1837.720
18,127,1156.250,2031.250,1867.918
19,127,1218.750,2031.250,1903.762
20,127,1281.250,2031.250,1930.755
21,127,1343.750,2031.250,1949.829
22,127,1406.250,2031.250,1940.013
23,127,1468.750,2031.250,1903.122
24,127,1531.250,2031.250,1873.569
25,127,1593.750,2031.250,1865.135
26,127,1656.250,2031.250,1846.575
27,127,1718.750,2031.250,1842.426
28,127,1781.250,2031.250,1855.490
29,127,1843.750,2031.250,1861.021
30,127,1906.250,2031.250,1864.018
31,127,1968.750,2031.250,1875.508
32,127,2031.250,2031.250,1877.450
33,127,2093.750,2031.250,1861.020
34,127,2156.250,2031.250,1844.843
35,127,2218.750,2031.250,1846.732
36,127,2281.250,2031.250,1872.289
37,127,2343.750,2031.250,1897.503
38,127,2406.250,2031.250,1918.835
39,127,2468.750,2031.250,1935.114
40,127,2531.250,2031.250,1920.605
41,127,2593.750,2031.250,1883.870
42,127,2656.250,2031.250,1876.374
43,127,2718.750,2031.250,1935.666
44,127,2781.250,2031.250,2016.782
45,127,2843.750,2031.250,2062.249
46,127,2906.250,2031.250,2074.457
47,127,2968.750,2031.250,2081.628
48,127,3031.250,2031.250,2083.458
49,127,3093.750,2031.250,2088.550
50,127,3156.250,2031.250,2133.929
51,127,3218.750,2031.250,2182.412
52,127,3281.250,2031.250,2089.895
53,127,3343.750,2031.250,1996.066
54,127,3406.250,2031.250,1918.225
55,127,3468.750,2031.250,1869.946
56,127,3531.250,2031.250,1821.565
57,127,3593.750,2031.250,1787.646
58,127,3656.250,2031.250,1780.323
59,127,3718.750,2031.250,1784.919
60,127,3781.250,2031.250,1784.249
61,127,3843.750,2031.250,1789.882
62,127,3906.250,2031.250,1815.208
63,127,3968.750,2031.250,1867.972
64,127,4031.250,2031.250,1918.633
65,127,4093.750,2031.250,1931.471
66,127,4156.250,2031.250,1918.080
67,127,4218.750,2031.250,1914.434
68,127,4281.250,2031.250,1937.639
69,127,4343.750,2031.250,1974.440
70,127,4406.250,2031.250,2015.110
71,127,4468.750,2031.250,2072.277
72,127,4531.250,2031.250,2014.841
73,127,4593.750,2031.250,1984.331
74,127,4656.250,2031.250,1961.171
75,127,4718.750,2031.250,1932.121
76,127,4781.250,2031.250,1900.779
77,127,4843.750,2031.250,1879.477
78,127,4906.250,2031.250,1880.512
79,127,4968.750,2031.250,1892.864
80,127,5031.250,2031.250,1895.660
81,127,5093.750,2031.250,1885.970
82,127,5156.250,2031.250,1882.780
83,127,5218.750,2031.250,1907.801
84,127,5281.250,2031.250,1948.052
85,127,5343.750,2031.250,1981.801
86,127,5406.250,2031.250,2038.835
87,127,5468.750,2031.250,2098.223
88,127,5531.250,2031.250,2084.405
89,127,5593.750,2031.250,2072.396
90,127,5656.250,2031.250,2069.151
91,127,5718.750,2031.250,2068.844
92,127,5781.250,2031.250,2070.416
93,127,5843.750,2031.250,2069.056
94,127,5906.250,2031.250,2082.940
95,127,5968.750,2031.250,2139.247
96,127,6031.250,2031.250,2072.644
97,127,6093.750,2031.250,1986.801
98,127,6156.250,2031.250,1914.254
99,127,6218.750,2031.250,1864.425
100,127,6281.250,2031.250,1843.971
101,127,6343.750,2031.250,1833.431
102,127,6406.250,2031.250,1818.607
103,127,6468.750,2031.250,1791.637
104,127,6531.250,2031.250,1753.723
105,127,6593.750,2031.250,1719.379
106,127,6656.250,2031.250,1731.324
107,127,6718.750,2031.250,1768.017
108,127,6781.250,2031.250,1797.548
109,127,6843.750,2031.250,1815.055
110,127,6906.250,2031.250,1818.122
111,127,6968.750,2031.250,1781.619
112,127,7031.250,2031.250,1738.142
113,127,7093.750,2031.250,1726.066
114,127,7156.250,2031.250,1738.429
115,127,7218.750,2031.250,1739.985
116,127,7281.250,2031.250,1725.588
117,127,7343.750,2031.250,1739.195
118,127,7406.250,2031.250,1805.243
119,127,7468.750,2031.250,1867.194
120,127,7531.250,2031.250,1859.777
121,127,7593.750,2031.250,1803.037
122,127,7656.250,2031.250,1755.960
123,127,7718.750,2031.250,1750.398
124,127,7781.250,2031.250,1763.463
125,127,7843.750,2031.250,1774.003
126,127,7906.250,2031.250,1782.417
127,127,7968.750,2031.250,1780.295
128,127,8031.250,2031.250,1774.606
129,127,8093.750,2031.250,1785.741
130,127,8156.250,2031.250,1815.233
131,127,8218.750,2031.250,1842.121
132,127,8281.250,2031.250,1882.738
133,127,8343.750,2031.250,1921.842
134,127,8406.250,2031.250,1946.088
135,127,8468.750,2031.250,1980.037
136,127,8531.250,2031.250,2035.497
137,127,8593.750,2031.250,2105.001
138,127,8656.250,2031.250,2187.248
139,127,8718.750,2031.250,2258.674
140,127,8781.250,2031.250,2280.482
141,127,8843.750,2031.250,2282.354
142,127,8906.250,2031.250,2294.254
143,127,8968.750,2031.250,2340.319
144,127,9031.250,2031.250,2394.210
145,127,9093.750,2031.250,2356.151
146,127,9156.250,2031.250,2325.158
147,127,9218.750,2031.250,2285.425
148,127,9281.250,2031.250,2247.457
149,127,9343.750,2031.250,2219.805
150,127,9406.250,2031.250,2197.192
151,127,9468.750,2031.250,2204.227
152,127,9531.250,2031.250,2223.460
153,127,9593.750,2031.250,2226.944
154,127,9656.250,2031.250,2217.693
155,127,9718.750,2031.250,2209.536
156,127,9781.250,2031.250,2185.557
157,127,9843.750,2031.250,2157.096
158,127,9906.250,2031.250,2137.141
159,127,9968.750,2031.250,2131.010
0,128,31.250,1968.750,1565.133
1,128,93.750,1968.750,1592.575
2,128,156.250,1968.750,1626.428
3,128,218.750,1968.750,1665.082
4,128,281.250,1968.750,1697.259
5,128,343.750,1968.750,1692.485
6,128,406.250,1968.750,1662.034
7,128,468.750,1968.750,1631.224
8,128,531.250,1968.750,1605.602
9,128,593.750,1968.750,1584.893
10,128,656.250,1968.750,1592.101
11,128,718.750,1968.750,1635.649
12,128,781.250,1968.750,1692.191
13,128,843.750,1968.750,1745.974
14,128,906.250,1968.750,1793.976
15,128,968.750,1968.750,1822.072
16,128,1031.250,1968.750,1831.803
17,128,1093.750,1968.750,1836.696
18,128,1156.250,1968.750,1844.738
19,128,1218.750,1968.750,1854.894
20,128,1281.250,1968.750,1870.290
21,128,1343.750,1968.750,1873.758
22,128,1406.250,1968.750,1858.573
23,128,1468.750,1968.750,1828.195
24,128,1531.250,1968.750,1803.326
25,128,1593.750,1968.750,1802.993
26,128,1656.250,1968.750,1824.791
27,128,1718.750,1968.750,1846.710
28,128,1781.250,1968.750,1858.471
29,128,1843.750,1968.750,1860.055
30,128,1906.250,1968.750,1854.196
31,128,1968.750,1968.750,1844.887
32,128,2031.250,1968.750,1839.415
33,128,2093.750,1968.750,1827.356
34,128,2156.250,1968.750,1811.358
35,128,2218.750,1968.750,1818.746
36,128,2281.250,1968.750,1855.523
37,128,2343.750,1968.750,1877.827
38,128,2406.250,1968.750,1875.963
39,128,2468.750,1968.750,1871.407
40,128,2531.250,1968.750,1855.358
41,128,2593.750,1968.750,1831.494
42,128,2656.250,1968.750,1836.772
43,128,2718.750,1968.750,1887.039
44,128,2781.250,1968.750,1948.737
45,128,2843.750,1968.750,1995.618
46,128,2906.250,1968.750,2021.467
47,128,2968.750,1968.750,2043.963
48,128,3031.250,1968.750,2060.911
49,128,3093.750,1968.750,2079.429
50,128,3156.250,1968.750,2135.604
51,128,3218.750,1968.750,2177.158
52,128,3281.250,1968.750,2071.809
53,128,3343.750,1968.750,1991.173
54,128,3406.250,1968.750,1927.555
55,128,3468.750,1968.750,1886.736
56,128,3531.250,1968.750,1866.744
57,128,3593.750,1968.750,1853.494
58,128,3656.250,1968.750,1837.038
59,128,3718.750,1968.750,1823.750
60,128,3781.250,1968.750,1821.112
61,128,3843.750,1968.750,1833.251
62,128,3906.250,1968.750,1858.646
63,128,3968.750,1968.750,1893.449
64,128,4031.250,1968.750,1922.908
65,128,4093.750,1968.750,1935.974
66,128,4156.250,1968.750,1943.454
67,128,4218.750,1968.750,1948.943
68,128,4281.250,1968.750,1962.576
69,128,4343.750,1968.750,1990.706
70,128,4406.250,1968.750,2026.277
71,128,4468.750,1968.750,2077.270
72,128,4531.250,1968.750,2025.474
73,128,4593.750,1968.750,1994.100
74,128,4656.250,1968.750,1972.223
75,128,4718.750,1968.750,1946.994
76,128,4781.250,1968.750,1933.193
77,128,4843.750,1968.750,1924.007
78,128,4906.250,1968.750,1916.759
79,128,4968.750,1968.750,1914.775
80,128,5031.250,1968.750,1915.604
81,128,5093.750,1968.750,1911.272
82,128,5156.250,1968.750,1910.310
83,128,5218.750,1968.750,1926.170
84,128,5281.250,1968.750,1954.636
85,128,5343.750,1968.750,1987.433
86,128,5406.250,1968.750,2043.060
87,128,5468.750,1968.750,2097.246
88,128,5531.250,1968.750,2088.607
89,128,5593.750,1968.750,2070.315
90,128,5656.250,1968.750,2070.293
91,128,5718.750,1968.750,2089.552
92,128,5781.250,1968.750,2100.800
93,128,5843.750,1968.750,2098.481
94,128,5906.250,1968.750,2094.434
95,128,5968.750,1968.750,2073.259
96,128,6031.250,1968.750,2024.546
97,128,6093.750,1968.750,1957.494
98,128,6156.250,1968.750,1894.594
99,128,6218.750,1968.750,1852.157
100,128,6281.250,1968.750,1830.466
101,128,6343.750,1968.750,1804.684
102,128,6406.250,1968.750,1778.266
103,128,6468.750,1968.750,1750.928
104,128,6531.250,1968.750,1716.804
105,128,6593.750,1968.750,1687.046
106,128,6656.250,1968.750,1698.274
107,128,6718.750,1968.750,1734.147
108,128,6781.250,1968.750,1767.743
109,128,6843.750,1968.750,1790.367
110,128,6906.250,1968.750,1798.814
111,128,6968.750,1968.750,1780.025
112,128,7031.250,1968.750,1750.680
113,128,7093.750,1968.750,1738.267
114,128,7156.250,1968.750,1746.776
115,128,7218.750,1968.750,1752.969
116,128,7281.250,1968.750,1760.856
117,128,7343.750,1968.750,1785.973
118,128,7406.250,1968.750,1827.313
119,128,7468.750,1968.750,1856.835
120,128,7531.250,1968.750,1854.289
121,128,7593.750,1968.750,1839.988
122,128,7656.250,1968.750,1817.984
123,128,7718.750,1968.750,1793.354
124,128,7781.250,1968.750,1776.673
125,128,7843.750,1968.750,1772.782
126,128,7906.250,1968.750,1759.542
127,128,7968.750,1968.750,1740.731
128,128,8031.250,1968.750,1734.805
129,128,8093.750,1968.750,1752.526
130,128,8156.250,1968.750,1788.625
131,128,8218.750,1968.750,1835.845
132,128,8281.250,1968.750,1892.590
133,128,8343.750,1968.750,1937.718
134,128,8406.250,1968.750,1967.592
135,128,8468.750,1968.750,2007.712
136,128,8531.250,1968.750,2074.626
137,128,8593.750,1968.750,2151.299
138,128,8656.250,1968.750,2233.467
139,128,8718.750,1968.750,2303.039
140,128,8781.250,1968.750,2322.816
141,128,8843.750,1968.750,2318.281
142,128,8906.250,1968.750,2327.657
143,128,8968.750,1968.750,2365.576
144,128,9031.250,1968.750,2380.928
145,128,9093.750,1968.750,2339.848
146,128,9156.250,1968.750,2281.820
147,128,9218.750,1968.750,2218.804
148,128,9281.250,1968.750,2171.476
149,128,9343.750,1968.750,2137.842
150,128,9406.250,1968.750,2109.716
151,128,9468.750,1968.750,2098.609
152,128,9531.250,1968.750,2105.070
153,128,9593.750,1968.750,2119.812
154,128,9656.250,1968.750,2131.221
155,128,9718.750,1968.750,2129.977
156,128,9781.250,1968.750,2110.696
157,128,9843.750,1968.750,2089.805
158,128,9906.250,1968.750,2075.409
159,128,9968.750,1968.750,2069.072
0,129,31.250,1906.250,1646.695
1,129,93.750,1906.250,1667.667
2,129,156.250,1906.250,1688.822
3,129,218.750,1906.250,1712.386
4,129,281.250,1906.250,1733.664
5,129,343.750,1906.250,1721.134
6,129,406.250,1906.250,1667.030
7,129,468.750,1906.250,1626.548
8,129,531.250,1906.250,1624.205
9,129,593.750,1906.250,1630.961
10,129,656.250,1906.250,1640.958
11,129,718.750,1906.250,1681.242
12,129,781.250,1906.250,1730.444
13,129,843.750,1906.250,1762.473
14,129,906.250,1906.250,1784.111
15,129,968.750,1906.250,1806.481
16,129,1031.250,1906.250,1826.795
17,129,1093.750,1906.250,1832.025
18,129,1156.250,1906.250,1817.981
19,129,1218.750,1906.250,1804.448
20,129,1281.250,1906.250,1810.577
21,129,1343.750,1906.250,1802.729
22,129,1406.250,1906.250,1784.488
23,129,1468.750,1906.250,1760.122
24,129,1531.250,1906.250,1738.583
25,129,1593.750,1906.250,1743.561
26,129,1656.250,1906.250,1797.789
27,129,1718.750,1906.250,1839.766
28,129,1781.250,1906.250,1849.011
29,129,1843.750,1906.250,1849.792
30,129,1906.250,1906.250,1843.019
31,129,1968.750,1906.250,1824.076
32,129,2031.250,1906.250,1816.878
33,129,2093.750,1906.250,1805.625
34,129,2156.250,1906.250,1782.797
35,129,2218.750,1906.250,1788.614
36,129,2281.250,1906.250,1831.503
37,129,2343.750,1906.250,1848.385
38,129,2406.250,1906.250,1823.810
39,129,2468.750,1906.250,1798.856
40,129,2531.250,1906.250,1783.422
41,129,2593.750,1906.250,1775.422
42,129,2656.250,1906.250,1796.565
43,129,2718.750,1906.250,1841.864
44,129,2781.250,1906.250,1887.394
45,129,2843.750,1906.250,1934.744
46,129,2906.250,1906.250,1974.116
47,129,2968.750,1906.250,2013.404
48,129,3031.250,1906.250,2047.090
49,129,3093.750,1906.250,2079.813
50,129,3156.250,1906.250,2145.289
51,129,3218.750,1906.250,2162.622
52,129,3281.250,1906.250,2047.047
53,129,3343.750,1906.250,1979.917
54,129,3406.250,1906.250,1931.487
55,129,3468.750,1906.250,1899.121
56,129,3531.250,1906.250,1906.541
57,129,3593.750,1906.250,1913.502
58,129,3656.250,1906.250,1889.985
59,129,3718.750,1906.250,1860.746
60,129,3781.250,1906.250,1854.901
61,129,3843.750,1906.250,1871.440
62,129,3906.250,1906.250,1896.645
63,129,3968.750,1906.250,1915.755
64,129,4031.250,1906.250,1926.067
65,129,4093.750,1906.250,1937.765
66,129,4156.250,1906.250,1959.603
67,129,4218.750,1906.250,1968.794
68,129,4281.250,1906.250,1971.545
69,129,4343.750,1906.250,1991.780
70,129,4406.250,1906.250,2024.635
71,129,4468.750,1906.250,2067.653
72,129,4531.250,1906.250,2044.877
73,129,4593.750,1906.250,2011.797
74,129,4656.250,1906.250,1990.856
75,129,4718.750,1906.250,1969.583
76,129,4781.250,1906.250,1970.466
77,129,4843.750,1906.250,1970.663
78,129,4906.250,1906.250,1955.591
79,129,4968.750,1906.250,1942.006
80,129,5031.250,1906.250,1942.588
81,129,5093.750,1906.250,1942.694
82,129,5156.250,1906.250,1940.707
83,129,5218.750,1906.250,1942.417
84,129,5281.250,1906.250,1954.243
85,129,5343.750,1906.250,1982.756
86,129,5406.250,1906.250,2036.448
87,129,5468.750,1906.250,2086.699
88,129,5531.250,1906.250,2094.210
89,129,5593.750,1906.250,2073.396
90,129,5656.250,1906.250,2075.115
91,129,5718.750,1906.250,2090.813
92,129,5781.250,1906.250,2062.890
93,129,5843.750,1906.250,2049.421
94,129,5906.250,1906.250,2029.616
95,129,5968.750,1906.250,2006.217
96,129,6031.250,1906.250,1977.412
97,129,6093.750,1906.250,1931.113
98,129,6156.250,1906.250,1881.420
99,129,6218.750,1906.250,1848.770
100,129,6281.250,1906.250,1826.612
101,129,6343.750,1906.250,1787.617
102,129,6406.250,1906.250,1750.603
103,129,6468.750,1906.250,1721.333
104,129,6531.250,1906.250,1688.231
105,129,6593.750,1906.250,1661.173
106,129,6656.250,1906.250,1669.800
107,129,6718.750,1906.250,1702.732
108,129,6781.250,1906.250,1735.897
109,129,6843.750,1906.250,1758.671
110,129,6906.250,1906.250,1769.659
111,129,6968.750,1906.250,1768.375
112,129,7031.250,1906.250,1755.875
113,129,7093.750,1906.250,1747.920
114,129,7156.250,1906.250,1755.965
115,129,7218.750,1906.250,1769.109
116,129,7281.250,1906.250,1798.988
117,129,7343.750,1906.250,1834.857
118,129,7406.250,1906.250,1852.279
119,129,7468.750,1906.250,1849.404
120,129,7531.250,1906.250,1848.349
121,129,7593.750,1906.250,1871.698
122,129,7656.250,1906.250,1874.942
123,129,7718.750,1906.250,1837.391
124,129,7781.250,1906.250,1796.939
125,129,7843.750,1906.250,1779.526
126,129,7906.250,1906.250,1744.422
127,129,7968.750,1906.250,1707.529
128,129,8031.250,1906.250,1698.667
129,129,8093.750,1906.250,1719.719
130,129,8156.250,1906.250,1759.023
131,129,8218.750,1906.250,1822.911
132,129,8281.250,1906.250,1895.597
133,129,8343.750,1906.250,1950.945
134,129,8406.250,1906.250,1991.045
135,129,8468.750,1906.250,2039.028
136,129,8531.250,1906.250,2112.953
137,129,8593.750,1906.250,2189.584
138,129,8656.250,1906.250,2265.161
139,129,8718.750,1906.250,2329.442
140,129,8781.250,1906.250,2348.792
141,129,8843.750,1906.250,2342.315
142,129,8906.250,1906.250,2352.506
143,129,8968.750,1906.250,2383.475
144,129,9031.250,1906.250,2370.279
145,129,9093.750,1906.250,2323.856
146,129,9156.250,1906.250,2239.159
147,129,9218.750,1906.250,2154.639
148,129,9281.250,1906.250,2099.810
149,129,9343.750,1906.250,2062.213
150,129,9406.250,1906.250,2029.478
151,129,9468.750,1906.250,1999.708
152,129,9531.250,1906.250,1991.282
153,129,9593.750,1906.250,2013.842
154,129,9656.250,1906.250,2041.626
155,129,9718.750,1906.250,2043.338
156,129,9781.250,1906.250,2028.268
157,129,9843.750,1906.250,2018.926
158,129,9906.250,1906.250,2018.764
159,129,9968.750,1906.250,2021.529
0,130,31.250,1843.750,1737.748
1,130,93.750,1843.750,1746.198
2,130,156.250,1843.750,1749.010
3,130,218.750,1843.750,1755.791
4,130,281.250,1843.750,1764.805
5,130,343.750,1843.750,1745.895
6,130,406.250,1843.750,1690.851
7,130,468.750,1843.750,1656.820
8,130,531.250,1843.750,1665.829
9,130,593.750,1843.750,1681.051
10,130,656.250,1843.750,1688.020
11,130,718.750,1843.750,1715.937
12,130,781.250,1843.750,1751.133
13,130,843.750,1843.750,1770.863
14,130,906.250,1843.750,1782.565
15,130,968.750,1843.750,1801.185
16,130,1031.250,1843.750,1818.198
17,130,1093.750,1843.750,1814.926
18,130,1156.250,1843.750,1784.826
19,130,1218.750,1843.750,1756.028
20,130,1281.250,1843.750,1756.231
21,130,1343.750,1843.750,1748.941
22,130,1406.250,1843.750,1735.478
23,130,1468.750,1843.750,1717.883
24,130,1531.250,1843.750,1700.618
25,130,1593.750,1843.750,1704.327
26,130,1656.250,1843.750,1758.475
27,130,1718.750,1843.750,1798.702
28,130,1781.250,1843.750,1804.409
29,130,1843.750,1843.750,1806.442
30,130,1906.250,1843.750,1806.376
31,130,1968.750,1843.750,1796.989
32,130,2031.250,1843.750,1799.039
33,130,2093.750,1843.750,1791.950
34,130,2156.250,1843.750,1767.161
35,130,2218.750,1843.750,1765.652
36,130,2281.250,1843.750,1794.748
37,130,2343.750,1843.750,1793.860
38,130,2406.250,1843.750,1753.903
39,130,2468.750,1843.750,1719.294
40,130,2531.250,1843.750,1706.589
41,130,2593.750,1843.750,1709.755
42,130,2656.250,1843.750,1744.171
43,130,2718.750,1843.750,1798.797
44,130,2781.250,1843.750,1848.537
45,130,2843.750,1843.750,1897.726
46,130,2906.250,1843.750,1945.161
47,130,2968.750,1843.750,1999.565
48,130,3031.250,1843.750,2053.644
49,130,3093.750,1843.750,2104.228
50,130,3156.250,1843.750,2173.736
51,130,3218.750,1843.750,2156.862
52,130,3281.250,1843.750,2046.417
53,130,3343.750,1843.750,1986.650
54,130,3406.250,1843.750,1946.185
55,130,3468.750,1843.750,1917.747
56,130,3531.250,1843.750,1932.112
57,130,3593.750,1843.750,1945.913
58,130,3656.250,1843.750,1926.757
59,130,3718.750,1843.750,1898.647
60,130,3781.250,1843.750,1892.024
61,130,3843.750,1843.750,1906.604
62,130,3906.250,1843.750,1926.538
63,130,3968.750,1843.750,1936.276
64,130,4031.250,1843.750,1938.747
65,130,4093.750,1843.750,1946.756
66,130,4156.250,1843.750,1962.370
67,130,4218.750,1843.750,1961.499
68,130,4281.250,1843.750,1953.856
69,130,4343.750,1843.750,1967.838
70,130,4406.250,1843.750,2000.246
71,130,4468.750,1843.750,2043.795
72,130,4531.250,1843.750,2066.763
73,130,4593.750,1843.750,2031.361
74,130,4656.250,1843.750,2010.671
75,130,4718.750,1843.750,1990.916
76,130,4781.250,1843.750,1990.915
77,130,4843.750,1843.750,1989.936
78,130,4906.250,1843.750,1975.822
79,130,4968.750,1843.750,1965.701
80,130,5031.250,1843.750,1969.786
81,130,5093.750,1843.750,1970.413
82,130,5156.250,1843.750,1963.132
83,130,5218.750,1843.750,1951.776
84,130,5281.250,1843.750,1950.001
85,130,5343.750,1843.750,1972.797
86,130,5406.250,1843.750,2022.929
87,130,5468.750,1843.750,2069.134
88,130,5531.250,1843.750,2097.918
89,130,5593.750,1843.750,2085.190
90,130,5656.250,1843.750,2087.035
91,130,5718.750,1843.750,2064.686
92,130,5781.250,1843.750,2033.329
93,130,5843.750,1843.750,2016.483
94,130,5906.250,1843.750,1992.660
95,130,5968.750,1843.750,1967.000
96,130,6031.250,1843.750,1944.408
97,130,6093.750,1843.750,1911.907
98,130,6156.250,1843.750,1879.113
99,130,6218.750,1843.750,1859.029
100,130,6281.250,1843.750,1839.201
101,130,6343.750,1843.750,1799.309
102,130,6406.250,1843.750,1759.710
103,130,6468.750,1843.750,1727.130
104,130,6531.250,1843.750,1691.930
105,130,6593.750,1843.750,1665.309
106,130,6656.250,1843.750,1669.980
107,130,6718.750,1843.750,1698.739
108,130,6781.250,1843.750,1727.870
109,130,6843.750,1843.750,1746.481
110,130,6906.250,1843.750,1756.335
111,130,6968.750,1843.750,1762.628
112,130,7031.250,1843.750,1760.250
113,130,7093.750,1843.750,1761.084
114,130,7156.250,1843.750,1776.101
115,130,7218.750,1843.750,1794.900
116,130,7281.250,1843.750,1828.112
117,130,7343.750,1843.750,1862.832
118,130,7406.250,1843.750,1873.452
119,130,7468.750,1843.750,1864.741
120,130,7531.250,1843.750,1864.992
121,130,7593.750,1843.750,1894.700
122,130,7656.250,1843.750,1903.032
123,130,7718.750,1843.750,1865.595
124,130,7781.250,1843.750,1820.890
125,130,7843.750,1843.750,1795.905
126,130,7906.250,1843.750,1751.222
127,130,7968.750,1843.750,1704.011
128,130,8031.250,1843.750,1685.482
129,130,8093.750,1843.750,1699.334
130,130,8156.250,1843.750,1736.773
131,130,8218.750,1843.750,1805.600
132,130,8281.250,1843.750,1887.717
133,130,8343.750,1843.750,1955.828
134,130,8406.250,1843.750,2008.958
135,130,8468.750,1843.750,2063.501
136,130,8531.250,1843.750,2133.560
137,130,8593.750,1843.750,2199.886
138,130,8656.250,1843.750,2264.067
139,130,8718.750,1843.750,2320.743
140,130,8781.250,1843.750,2343.765
141,130,8843.750,1843.750,2347.699
142,130,8906.250,1843.750,2367.098
143,130,8968.750,1843.750,2382.901
144,130,9031.250,1843.750,2353.668
145,130,9093.750,1843.750,2301.374
146,130,9156.250,1843.750,2207.218
147,130,9218.750,1843.750,2113.106
148,130,9281.250,1843.750,2048.532
149,130,9343.750,1843.750,2003.235
150,130,9406.250,1843.750,1968.122
151,130,9468.750,1843.750,1932.337
152,130,9531.250,1843.750,1916.505
153,130,9593.750,1843.750,1935.627
154,130,9656.250,1843.750,1962.644
155,130,9718.750,1843.750,1963.283
156,130,9781.250,1843.750,1955.262
157,130,9843.750,1843.750,1961.022
158,130,9906.250,1843.750,1982.274
159,130,9968.750,1843.750,2003.614
0,131,31.250,1781.250,1829.714
1,131,93.750,1781.250,1819.460
2,131,156.250,1781.250,1800.255
3,131,218.750,1781.250,1796.513
4,131,281.250,1781.250,1802.255
5,131,343.750,1781.250,1780.882
6,131,406.250,1781.250,1738.897
7,131,468.750,1781.250,1719.587
8,131,531.250,1781.250,1735.784
9,131,593.750,1781.250,1754.266
10,131,656.250,1781.250,1752.360
11,131,718.750,1781.250,1745.458
12,131,781.250,1781.250,1752.521
13,131,843.750,1781.250,1769.474
14,131,906.250,1781.250,1785.803
15,131,968.750,1781.250,1803.892
16,131,1031.250,1781.250,1818.456
17,131,1093.750,1781.250,1808.054
18,131,1156.250,1781.250,1759.575
19,131,1218.750,1781.250,1710.623
20,131,1281.250,1781.250,1704.831
21,131,1343.750,1781.250,1700.949
22,131,1406.250,1781.250,1693.283
23,131,1468.750,1781.250,1686.440
24,131,1531.250,1781.250,1680.502
25,131,1593.750,1781.250,1681.456
26,131,1656.250,1781.250,1722.860
27,131,1718.750,1781.250,1753.163
28,131,1781.250,1781.250,1753.434
29,131,1843.750,1781.250,1753.674
30,131,1906.250,1781.250,1758.489
31,131,1968.750,1781.250,1754.313
32,131,2031.250,1781.250,1762.609
33,131,2093.750,1781.250,1769.837
34,131,2156.250,1781.250,1759.434
35,131,2218.750,1781.250,1749.543
36,131,2281.250,1781.250,1740.535
37,131,2343.750,1781.250,1706.972
38,131,2406.250,1781.250,1665.792
39,131,2468.750,1781.250,1642.134
40,131,2531.250,1781.250,1634.599
41,131,2593.750,1781.250,1641.692
42,131,2656.250,1781.250,1684.083
43,131,2718.750,1781.250,1756.794
44,131,2781.250,1781.250,1825.261
45,131,2843.750,1781.250,1876.964
46,131,2906.250,1781.250,1921.402
47,131,2968.750,1781.250,1982.846
48,131,3031.250,1781.250,2068.347
49,131,3093.750,1781.250,2155.124
50,131,3156.250,1781.250,2225.907
51,131,3218.750,1781.250,2159.376
52,131,3281.250,1781.250,2074.461
53,131,3343.750,1781.250,2016.969
54,131,3406.250,1781.250,1976.963
55,131,3468.750,1781.250,1947.311
56,131,3531.250,1781.250,1951.257
57,131,3593.750,1781.250,1960.357
58,131,3656.250,1781.250,1945.735
59,131,3718.750,1781.250,1919.699
60,131,3781.250,1781.250,1914.022
61,131,3843.750,1781.250,1936.344
62,131,3906.250,1781.250,1957.420
63,131,3968.750,1781.250,1957.512
64,131,4031.250,1781.250,1951.568
65,131,4093.750,1781.250,1954.990
66,131,4156.250,1781.250,1960.479
67,131,4218.750,1781.250,1947.674
68,131,4281.250,1781.250,1932.093
69,131,4343.750,1781.250,1942.616
70,131,4406.250,1781.250,1975.090
71,131,4468.750,1781.250,2019.501
72,131,4531.250,1781.250,2070.283
73,131,4593.750,1781.250,2056.441
74,131,4656.250,1781.250,2041.275
75,131,4718.750,1781.250,2020.586
76,131,4781.250,1781.250,1999.721
77,131,4843.750,1781.250,1984.813
78,131,4906.250,1781.250,1984.660
79,131,4968.750,1781.250,1997.397
80,131,5031.250,1781.250,2008.349
81,131,5093.750,1781.250,2009.905
82,131,5156.250,1781.250,1997.898
83,131,5218.750,1781.250,1970.395
84,131,5281.250,1781.250,1950.014
85,131,5343.750,1781.250,1966.046
86,131,5406.250,1781.250,2011.418
87,131,5468.750,1781.250,2053.125
88,131,5531.250,1781.250,2080.165
89,131,5593.750,1781.250,2094.629
90,131,5656.250,1781.250,2088.923
91,131,5718.750,1781.250,2054.563
92,131,5781.250,1781.250,2026.201
93,131,5843.750,1781.250,2011.736
94,131,5906.250,1781.250,1992.180
95,131,5968.750,1781.250,1963.479
96,131,6031.250,1781.250,1933.073
97,131,6093.750,1781.250,1904.334
98,131,6156.250,1781.250,1887.387
99,131,6218.750,1781.250,1879.558
100,131,6281.250,1781.250,1864.714
101,131,6343.750,1781.250,1837.817
102,131,6406.250,1781.250,1804.492
103,131,6468.750,1781.250,1769.330
104,131,6531.250,1781.250,1733.093
105,131,6593.750,1781.250,1704.297
106,131,6656.250,1781.250,1693.886
107,131,6718.750,1781.250,1711.054
108,131,6781.250,1781.250,1735.841
109,131,6843.750,1781.250,1750.250
110,131,6906.250,1781.250,1758.369
111,131,6968.750,1781.250,1770.356
112,131,7031.250,1781.250,1776.181
113,131,7093.750,1781.250,1785.892
114,131,7156.250,1781.250,1809.149
115,131,7218.750,1781.250,1831.152
116,131,7281.250,1781.250,1855.269
117,131,7343.750,1781.250,1881.496
118,131,7406.250,1781.250,1895.566
119,131,7468.750,1781.250,1896.064
120,131,7531.250,1781.250,1896.403
121,131,7593.750,1781.250,1908.743
122,131,7656.250,1781.250,1906.772
123,131,7718.750,1781.250,1878.129
124,131,7781.250,1781.250,1842.605
125,131,7843.750,1781.250,1816.172
126,131,7906.250,1781.250,1778.417
127,131,7968.750,1781.250,1731.955
128,131,8031.250,1781.250,1695.498
129,131,8093.750,1781.250,1688.884
130,131,8156.250,1781.250,1721.677
131,131,8218.750,1781.250,1791.650
132,131,8281.250,1781.250,1880.194
133,131,8343.750,1781.250,1966.862
134,131,8406.250,1781.250,2042.150
135,131,8468.750,1781.250,2101.152
136,131,8531.250,1781.250,2152.381
137,131,8593.750,1781.250,2198.795
138,131,8656.250,1781.250,2249.392
139,131,8718.750,1781.250,2295.178
140,131,8781.250,1781.250,2321.648
141,131,8843.750,1781.250,2342.751
142,131,8906.250,1781.250,2375.366
143,131,8968.750,1781.250,2365.227
144,131,9031.250,1781.250,2327.981
145,131,9093.750,1781.250,2272.646
146,131,9156.250,1781.250,2184.700
147,131,9218.750,1781.250,2091.701
148,131,9281.250,1781.250,2009.206
149,131,9343.750,1781.250,1942.547
150,131,9406.250,1781.250,1905.563
151,131,9468.750,1781.250,1877.887
152,131,9531.250,1781.250,1864.729
153,131,9593.750,1781.250,1875.632
154,131,9656.250,1781.250,1893.227
155,131,9718.750,1781.250,1892.461
156,131,9781.250,1781.250,1893.636
157,131,9843.750,1781.250,1914.655
158,131,9906.250,1781.250,1964.010
159,131,9968.750,1781.250,2015.547
0,132,31.250,1718.750,1912.882
1,132,93.750,1718.750,1885.416
2,132,156.250,1718.750,1847.298
3,132,218.750,1718.750,1837.686
4,132,281.250,1718.750,1844.985
5,132,343.750,1718.750,1823.890
6,132,406.250,1718.750,1796.712
7,132,468.750,1718.750,1790.403
8,132,531.250,1718.750,1809.927
9,132,593.750,1718.750,1828.684
10,132,656.250,1718.750,1816.232
11,132,718.750,1718.750,1771.610
12,132,781.250,1718.750,1750.241
13,132,843.750,1718.750,1768.112
14,132,906.250,1718.750,1792.675
15,132,968.750,1718.750,1810.325
16,132,1031.250,1718.750,1823.091
17,132,1093.750,1718.750,1807.514
18,132,1156.250,1718.750,1742.973
19,132,1218.750,1718.750,1675.440
20,132,1281.250,1718.750,1664.556
21,132,1343.750,1718.750,1662.880
22,132,1406.250,1718.750,1658.667
23,132,1468.750,1718.750,1661.325
24,132,1531.250,1718.750,1666.648
25,132,1593.750,1718.750,1664.458
26,132,1656.250,1718.750,1692.625
27,132,1718.750,1718.750,1713.228
28,132,1781.250,1718.750,1708.183
29,132,1843.750,1718.750,1703.674
30,132,1906.250,1718.750,1707.332
31,132,1968.750,1718.750,1700.317
32,132,2031.250,1718.750,1710.471
33,132,2093.750,1718.750,1736.680
34,132,2156.250,1718.750,1749.553
35,132,2218.750,1718.750,1736.476
36,132,2281.250,1718.750,1688.489
37,132,2343.750,1718.750,1623.011
38,132,2406.250,1718.750,1586.058
39,132,2468.750,1718.750,1579.496
40,132,2531.250,1718.750,1576.054
41,132,2593.750,1718.750,1581.618
42,132,2656.250,1718.750,1626.777
43,132,2718.750,1718.750,1716.509
44,132,2781.250,1718.750,1805.607
45,132,2843.750,1718.750,1860.911
46,132,2906.250,1718.750,1899.158
47,132,2968.750,1718.750,1961.976
48,132,3031.250,1718.750,2075.529
49,132,3093.750,1718.750,2197.797
50,132,3156.250,1718.750,2218.166
51,132,3218.750,1718.750,2173.675
52,132,3281.250,1718.750,2118.116
53,132,3343.750,1718.750,2061.072
54,132,3406.250,1718.750,2017.840
55,132,3468.750,1718.750,1984.296
56,132,3531.250,1718.750,1973.004
57,132,3593.750,1718.750,1973.529
58,132,3656.250,1718.750,1959.478
59,132,3718.750,1718.750,1931.382
60,132,3781.250,1718.750,1925.153
61,132,3843.750,1718.750,1958.244
62,132,3906.250,1718.750,1984.256
63,132,3968.750,1718.750,1976.803
64,132,4031.250,1718.750,1962.903
65,132,4093.750,1718.750,1962.526
66,132,4156.250,1718.750,1960.675
67,132,4218.750,1718.750,1939.441
68,132,4281.250,1718.750,1918.889
69,132,4343.750,1718.750,1927.818
70,132,4406.250,1718.750,1960.119
71,132,4468.750,1718.750,2004.149
72,132,4531.250,1718.750,2055.819
73,132,4593.750,1718.750,2084.772
74,132,4656.250,1718.750,2076.907
75,132,4718.750,1718.750,2055.393
76,132,4781.250,1718.750,2012.219
77,132,4843.750,1718.750,1983.416
78,132,4906.250,1718.750,2000.364
79,132,4968.750,1718.750,2037.523
80,132,5031.250,1718.750,2052.557
81,132,5093.750,1718.750,2053.098
82,132,5156.250,1718.750,2037.559
83,132,5218.750,1718.750,1997.711
84,132,5281.250,1718.750,1962.776
85,132,5343.750,1718.750,1974.836
86,132,5406.250,1718.750,2016.074
87,132,5468.750,1718.750,2053.511
88,132,5531.250,1718.750,2079.478
89,132,5593.750,1718.750,2095.123
90,132,5656.250,1718.750,2092.430
91,132,5718.750,1718.750,2067.494
92,132,5781.250,1718.750,2044.677
93,132,5843.750,1718.750,2034.139
94,132,5906.250,1718.750,2020.079
95,132,5968.750,1718.750,1987.865
96,132,6031.250,1718.750,1945.514
97,132,6093.750,1718.750,1914.392
98,132,6156.250,1718.750,1906.934
99,132,6218.750,1718.750,1906.735
100,132,6281.250,1718.750,1896.404
101,132,6343.750,1718.750,1883.677
102,132,6406.250,1718.750,1856.993
103,132,6468.750,1718.750,1819.374
104,132,6531.250,1718.750,1783.462
105,132,6593.750,1718.750,1752.855
106,132,6656.250,1718.750,1726.416
107,132,6718.750,1718.750,1731.130
108,132,6781.250,1718.750,1752.495
109,132,6843.750,1718.750,1763.839
110,132,6906.250,1718.750,1770.345
111,132,6968.750,1718.750,1786.388
112,132,7031.250,1718.750,1798.281
113,132,7093.750,1718.750,1814.639
114,132,7156.250,1718.750,1844.202
115,132,7218.750,1718.750,1867.222
116,132,7281.250,1718.750,1879.723
117,132,7343.750,1718.750,1897.080
118,132,7406.250,1718.750,1917.839
119,132,7468.750,1718.750,1930.786
120,132,7531.250,1718.750,1931.219
121,132,7593.750,1718.750,1922.351
122,132,7656.250,1718.750,1907.590
123,132,7718.750,1718.750,1889.127
124,132,7781.250,1718.750,1865.383
125,132,7843.750,1718.750,1839.783
126,132,7906.250,1718.750,1813.429
127,132,7968.750,1718.750,1771.519
128,132,8031.250,1718.750,1717.682
129,132,8093.750,1718.750,1690.511
130,132,8156.250,1718.750,1720.189
131,132,8218.750,1718.750,1791.648
132,132,8281.250,1718.750,1884.835
133,132,8343.750,1718.750,1987.968
134,132,8406.250,1718.750,2083.611
135,132,8468.750,1718.750,2144.336
136,132,8531.250,1718.750,2174.736
137,132,8593.750,1718.750,2202.791
138,132,8656.250,1718.750,2242.817
139,132,8718.750,1718.750,2278.272
140,132,8781.250,1718.750,2303.274
141,132,8843.750,1718.750,2334.537
142,132,8906.250,1718.750,2368.128
143,132,8968.750,1718.750,2334.659
144,132,9031.250,1718.750,2292.078
145,132,9093.750,1718.750,2237.511
146,132,9156.250,1718.750,2161.166
147,132,9218.750,1718.750,2073.259
148,132,9281.250,1718.750,1973.433
149,132,9343.750,1718.750,1884.438
150,132,9406.250,1718.750,1846.868
151,132,9468.750,1718.750,1833.387
152,132,9531.250,1718.750,1829.367
153,132,9593.750,1718.750,1834.931
154,132,9656.250,1718.750,1844.691
155,132,9718.750,1718.750,1845.798
156,132,9781.250,1718.750,1856.954
157,132,9843.750,1718.750,1889.749
158,132,9906.250,1718.750,1961.546
159,132,9968.750,1718.750,2038.659
0,133,31.250,1656.250,1988.022
1,133,93.750,1656.250,1949.804
2,133,156.250,1656.250,1898.871
3,133,218.750,1656.250,1882.812
4,133,281.250,1656.250,1888.284
5,133,343.750,1656.250,1864.476
6,133,406.250,1656.250,1839.780
7,133,468.750,1656.250,1835.485
8,133,531.250,1656.250,1854.086
9,133,593.750,1656.250,1870.933
10,133,656.250,1656.250,1852.197
11,133,718.750,1656.250,1790.994
12,133,781.250,1656.250,1757.211
13,133,843.750,1656.250,1773.772
14,133,906.250,1656.250,1799.767
15,133,968.750,1656.250,1816.732
16,133,1031.250,1656.250,1829.241
17,133,1093.750,1656.250,1812.156
18,133,1156.250,1656.250,1740.609
19,133,1218.750,1656.250,1662.683
20,133,1281.250,1656.250,1645.368
21,133,1343.750,1656.250,1640.929
22,133,1406.250,1656.250,1636.561
23,133,1468.750,1656.250,1642.190
24,133,1531.250,1656.250,1650.580
25,133,1593.750,1656.250,1644.186
26,133,1656.250,1656.250,1661.962
27,133,1718.750,1656.250,1673.195
28,133,1781.250,1656.250,1662.578
29,133,1843.750,1656.250,1654.726
30,133,1906.250,1656.250,1656.169
31,133,1968.750,1656.250,1646.419
32,133,2031.250,1656.250,1656.861
33,133,2093.750,1656.250,1694.959
34,133,2156.250,1656.250,1723.656
35,133,2218.750,1656.250,1714.295
36,133,2281.250,1656.250,1652.884
37,133,2343.750,1656.250,1576.568
38,133,2406.250,1656.250,1542.043
39,133,2468.750,1656.250,1542.535
40,133,2531.250,1656.250,1539.086
41,133,2593.750,1656.250,1541.221
42,133,2656.250,1656.250,1585.299
43,133,2718.750,1656.250,1681.563
44,133,2781.250,1656.250,1779.260
45,133,2843.750,1656.250,1837.125
46,133,2906.250,1656.250,1874.083
47,133,2968.750,1656.250,1937.210
48,133,3031.250,1656.250,2059.863
49,133,3093.750,1656.250,2194.440
50,133,3156.250,1656.250,2230.231
51,133,3218.750,1656.250,2199.826
52,133,3281.250,1656.250,2153.590
53,133,3343.750,1656.250,2094.878
54,133,3406.250,1656.250,2050.580
55,133,3468.750,1656.250,2018.722
56,133,3531.250,1656.250,2004.472
57,133,3593.750,1656.250,2000.782
58,133,3656.250,1656.250,1979.810
59,133,3718.750,1656.250,1941.632
60,133,3781.250,1656.250,1928.402
61,133,3843.750,1656.250,1965.945
62,133,3906.250,1656.250,2000.326
63,133,3968.750,1656.250,1996.902
64,133,4031.250,1656.250,1981.299
65,133,4093.750,1656.250,1976.047
66,133,4156.250,1656.250,1967.016
67,133,4218.750,1656.250,1939.754
68,133,4281.250,1656.250,1917.513
69,133,4343.750,1656.250,1927.067
70,133,4406.250,1656.250,1960.172
71,133,4468.750,1656.250,2003.484
72,133,4531.250,1656.250,2052.704
73,133,4593.750,1656.250,2082.732
74,133,4656.250,1656.250,2096.040
75,133,4718.750,1656.250,2081.398
76,133,4781.250,1656.250,2036.083
77,133,4843.750,1656.250,2008.765
78,133,4906.250,1656.250,2035.460
79,133,4968.750,1656.250,2078.600
80,133,5031.250,1656.250,2087.506
81,133,5093.750,1656.250,2080.468
82,133,5156.250,1656.250,2061.688
83,133,5218.750,1656.250,2019.665
84,133,5281.250,1656.250,1982.947
85,133,5343.750,1656.250,1995.803
86,133,5406.250,1656.250,2035.897
87,133,5468.750,1656.250,2071.892
88,133,5531.250,1656.250,2097.609
89,133,5593.750,1656.250,2109.646
90,133,5656.250,1656.250,2111.384
91,133,5718.750,1656.250,2102.009
92,133,5781.250,1656.250,2085.972
93,133,5843.750,1656.250,2077.057
94,133,5906.250,1656.250,2061.808
95,133,5968.750,1656.250,2024.216
96,133,6031.250,1656.250,1975.167
97,133,6093.750,1656.250,1942.839
98,133,6156.250,1656.250,1938.792
99,133,6218.750,1656.250,1941.432
100,133,6281.250,1656.250,1932.530
101,133,6343.750,1656.250,1921.660
102,133,6406.250,1656.250,1892.954
103,133,6468.750,1656.250,1851.756
104,133,6531.250,1656.250,1817.648
105,133,6593.750,1656.250,1790.782
106,133,6656.250,1656.250,1762.419
107,133,6718.750,1656.250,1762.465
108,133,6781.250,1656.250,1778.118
109,133,6843.750,1656.250,1782.532
110,133,6906.250,1656.250,1784.252
111,133,6968.750,1656.250,1800.588
112,133,7031.250,1656.250,1814.396
113,133,7093.750,1656.250,1833.022
114,133,7156.250,1656.250,1864.661
115,133,7218.750,1656.250,1889.173
116,133,7281.250,1656.250,1899.789
117,133,7343.750,1656.250,1916.637
118,133,7406.250,1656.250,1942.265
119,133,7468.750,1656.250,1961.673
120,133,7531.250,1656.250,1963.515
121,133,7593.750,1656.250,1947.917
122,133,7656.250,1656.250,1930.629
123,133,7718.750,1656.250,1918.999
124,133,7781.250,1656.250,1901.627
125,133,7843.750,1656.250,1875.420
126,133,7906.250,1656.250,1850.902
127,133,7968.750,1656.250,1808.504
128,133,8031.250,1656.250,1747.304
129,133,8093.750,1656.250,1712.315
130,133,8156.250,1656.250,1740.400
131,133,8218.750,1656.250,1812.383
132,133,8281.250,1656.250,1907.903
133,133,8343.750,1656.250,2018.226
134,133,8406.250,1656.250,2122.240
135,133,8468.750,1656.250,2183.533
136,133,8531.250,1656.250,2203.924
137,133,8593.750,1656.250,2220.584
138,133,8656.250,1656.250,2251.710
139,133,8718.750,1656.250,2279.995
140,133,8781.250,1656.250,2299.620
141,133,8843.750,1656.250,2328.482
142,133,8906.250,1656.250,2324.739
143,133,8968.750,1656.250,2290.779
144,133,9031.250,1656.250,2247.926
145,133,9093.750,1656.250,2195.722
146,133,9156.250,1656.250,2125.794
147,133,9218.750,1656.250,2041.616
148,133,9281.250,1656.250,1937.140
149,133,9343.750,1656.250,1841.611
150,133,9406.250,1656.250,1805.827
151,133,9468.750,1656.250,1801.969
152,133,9531.250,1656.250,1806.838
153,133,9593.750,1656.250,1815.078
154,133,9656.250,1656.250,1825.127
155,133,9718.750,1656.250,1829.576
156,133,9781.250,1656.250,1845.779
157,133,9843.750,1656.250,1882.852
158,133,9906.250,1656.250,1962.562
159,133,9968.750,1656.250,2048.841
0,134,31.250,1593.750,2060.958
1,134,93.750,1593.750,2014.245
2,134,156.250,1593.750,1952.655
3,134,218.750,1593.750,1926.826
4,134,281.250,1593.750,1924.282
5,134,343.750,1593.750,1894.427
6,134,406.250,1593.750,1862.309
7,134,468.750,1593.750,1851.546
8,134,531.250,1593.750,1860.802
9,134,593.750,1593.750,1865.991
10,134,656.250,1593.750,1845.854
11,134,718.750,1593.750,1801.321
12,134,781.250,1593.750,1778.938
13,134,843.750,1593.750,1796.146
14,134,906.250,1593.750,1823.053
15,134,968.750,1593.750,1837.022
16,134,1031.250,1593.750,1836.722
17,134,1093.750,1593.750,1812.489
18,134,1156.250,1593.750,1744.818
19,134,1218.750,1593.750,1668.666
20,134,1281.250,1593.750,1645.996
21,134,1343.750,1593.750,1638.158
22,134,1406.250,1593.750,1631.862
23,134,1468.750,1593.750,1629.102
24,134,1531.250,1593.750,1626.019
25,134,1593.750,1593.750,1613.946
26,134,1656.250,1593.750,1625.331
27,134,1718.750,1593.750,1628.845
28,134,1781.250,1593.750,1613.686
29,134,1843.750,1593.750,1605.381
30,134,1906.250,1593.750,1605.116
31,134,1968.750,1593.750,1592.864
32,134,2031.250,1593.750,1602.228
33,134,2093.750,1593.750,1647.606
34,134,2156.250,1593.750,1687.589
35,134,2218.750,1593.750,1686.528
36,134,2281.250,1593.750,1633.518
37,134,2343.750,1593.750,1565.739
38,134,2406.250,1593.750,1526.462
39,134,2468.750,1593.750,1514.531
40,134,2531.250,1593.750,1508.722
41,134,2593.750,1593.750,1518.299
42,134,2656.250,1593.750,1565.399
43,134,2718.750,1593.750,1660.808
44,134,2781.250,1593.750,1759.886
45,134,2843.750,1593.750,1819.247
46,134,2906.250,1593.750,1859.293
47,134,2968.750,1593.750,1924.005
48,134,3031.250,1593.750,2035.802
49,134,3093.750,1593.750,2154.446
50,134,3156.250,1593.750,2226.869
51,134,3218.750,1593.750,2242.401
52,134,3281.250,1593.750,2192.692
53,134,3343.750,1593.750,2126.092
54,134,3406.250,1593.750,2072.178
55,134,3468.750,1593.750,2043.438
56,134,3531.250,1593.750,2037.446
57,134,3593.750,1593.750,2035.340
58,134,3656.250,1593.750,2011.821
59,134,3718.750,1593.750,1971.797
60,134,3781.250,1593.750,1949.384
61,134,3843.750,1593.750,1978.239
62,134,3906.250,1593.750,2014.283
63,134,3968.750,1593.750,2018.818
64,134,4031.250,1593.750,2004.955
65,134,4093.750,1593.750,1992.813
66,134,4156.250,1593.750,1965.315
67,134,4218.750,1593.750,1925.887
68,134,4281.250,1593.750,1902.995
69,134,4343.750,1593.750,1912.991
70,134,4406.250,1593.750,1946.125
71,134,4468.750,1593.750,1984.231
72,134,4531.250,1593.750,2026.224
73,134,4593.750,1593.750,2066.114
74,134,4656.250,1593.750,2099.839
75,134,4718.750,1593.750,2089.833
76,134,4781.250,1593.750,2069.534
77,134,4843.750,1593.750,2062.291
78,134,4906.250,1593.750,2088.506
79,134,4968.750,1593.750,2119.200
80,134,5031.250,1593.750,2114.794
81,134,5093.750,1593.750,2090.923
82,134,5156.250,1593.750,2066.301
83,134,5218.750,1593.750,2037.514
84,134,5281.250,1593.750,2018.827
85,134,5343.750,1593.750,2036.522
86,134,5406.250,1593.750,2076.264
87,134,5468.750,1593.750,2109.254
88,134,5531.250,1593.750,2111.367
89,134,5593.750,1593.750,2107.929
90,134,5656.250,1593.750,2116.370
91,134,5718.750,1593.750,2133.034
92,134,5781.250,1593.750,2124.371
93,134,5843.750,1593.750,2121.155
94,134,5906.250,1593.750,2108.219
95,134,5968.750,1593.750,2069.094
96,134,6031.250,1593.750,2028.946
97,134,6093.750,1593.750,2004.560
98,134,6156.250,1593.750,1989.093
99,134,6218.750,1593.750,1973.240
100,134,6281.250,1593.750,1961.308
101,134,6343.750,1593.750,1950.254
102,134,6406.250,1593.750,1919.196
103,134,6468.750,1593.750,1871.184
104,134,6531.250,1593.750,1833.165
105,134,6593.750,1593.750,1813.204
106,134,6656.250,1593.750,1800.176
107,134,6718.750,1593.750,1805.497
108,134,6781.250,1593.750,1812.539
109,134,6843.750,1593.750,1806.547
110,134,6906.250,1593.750,1802.278
111,134,6968.750,1593.750,1819.483
112,134,7031.250,1593.750,1833.970
113,134,7093.750,1593.750,1843.406
114,134,7156.250,1593.750,1861.612
115,134,7218.750,1593.750,1886.073
116,134,7281.250,1593.750,1905.263
117,134,7343.750,1593.750,1928.766
118,134,7406.250,1593.750,1954.936
119,134,7468.750,1593.750,1973.702
120,134,7531.250,1593.750,1978.838
121,134,7593.750,1593.750,1974.338
122,134,7656.250,1593.750,1965.434
123,134,7718.750,1593.750,1960.372
124,134,7781.250,1593.750,1950.883
125,134,7843.750,1593.750,1922.122
126,134,7906.250,1593.750,1880.585
127,134,7968.750,1593.750,1829.700
128,134,8031.250,1593.750,1777.037
129,134,8093.750,1593.750,1751.158
130,134,8156.250,1593.750,1780.826
131,134,8218.750,1593.750,1857.960
132,134,8281.250,1593.750,1953.949
133,134,8343.750,1593.750,2047.485
134,134,8406.250,1593.750,2130.315
135,134,8468.750,1593.750,2190.144
136,134,8531.250,1593.750,2223.243
137,134,8593.750,1593.750,2244.663
138,134,8656.250,1593.750,2272.250
139,134,8718.750,1593.750,2272.748
140,134,8781.250,1593.750,2281.220
141,134,8843.750,1593.750,2293.779
142,134,8906.250,1593.750,2285.777
143,134,8968.750,1593.750,2249.793
144,134,9031.250,1593.750,2203.154
145,134,9093.750,1593.750,2155.161
146,134,9156.250,1593.750,2099.972
147,134,9218.750,1593.750,2027.434
148,134,9281.250,1593.750,1929.936
149,134,9343.750,1593.750,1841.486
150,134,9406.250,1593.750,1806.332
151,134,9468.750,1593.750,1792.038
152,134,9531.250,1593.750,1791.058
153,134,9593.750,1593.750,1806.672
154,134,9656.250,1593.750,1826.466
155,134,9718.750,1593.750,1833.898
156,134,9781.250,1593.750,1847.403
157,134,9843.750,1593.750,1882.273
158,134,9906.250,1593.750,1957.064
159,134,9968.750,1593.750,2035.338
0,135,31.250,1531.250,2128.658
1,135,93.750,1531.250,2074.621
2,135,156.250,1531.250,2004.260
3,135,218.750,1531.250,1968.686
4,135,281.250,1531.250,1956.284
5,135,343.750,1531.250,1919.856
6,135,406.250,1531.250,1878.267
7,135,468.750,1531.250,1858.431
8,135,531.250,1531.250,1852.775
9,135,593.750,1531.250,1839.535
10,135,656.250,1531.250,1819.179
11,135,718.750,1531.250,1805.267
12,135,781.250,1531.250,1804.625
13,135,843.750,1531.250,1825.966
14,135,906.250,1531.250,1856.912
15,135,968.750,1531.250,1865.983
16,135,1031.250,1531.250,1844.251
17,135,1093.750,1531.250,1808.559
18,135,1156.250,1531.250,1749.729
19,135,1218.750,1531.250,1681.967
20,135,1281.250,1531.250,1656.297
21,135,1343.750,1531.250,1645.923
22,135,1406.250,1531.250,1635.800
23,135,1468.750,1531.250,1617.589
24,135,1531.250,1531.250,1595.572
25,135,1593.750,1531.250,1577.839
26,135,1656.250,1531.250,1586.128
27,135,1718.750,1531.250,1584.795
28,135,1781.250,1531.250,1566.749
29,135,1843.750,1531.250,1558.884
30,135,1906.250,1531.250,1556.864
31,135,1968.750,1531.250,1541.005
32,135,2031.250,1531.250,1547.773
33,135,2093.750,1531.250,1597.992
34,135,2156.250,1531.250,1646.983
35,135,2218.750,1531.250,1654.033
36,135,2281.250,1531.250,1616.218
37,135,2343.750,1531.250,1565.005
38,135,2406.250,1531.250,1520.950
39,135,2468.750,1531.250,1490.802
40,135,2531.250,1531.250,1483.562
41,135,2593.750,1531.250,1507.685
42,135,2656.250,1531.250,1560.359
43,135,2718.750,1531.250,1651.986
44,135,2781.250,1531.250,1750.778
45,135,2843.750,1531.250,1810.668
46,135,2906.250,1531.250,1853.911
47,135,2968.750,1531.250,1920.731
48,135,3031.250,1531.250,2016.034
49,135,3093.750,1531.250,2109.738
50,135,3156.250,1531.250,2180.293
51,135,3218.750,1531.250,2226.785
52,135,3281.250,1531.250,2240.265
53,135,3343.750,1531.250,2163.511
54,135,3406.250,1531.250,2093.063
55,135,3468.750,1531.250,2063.712
56,135,3531.250,1531.250,2065.934
57,135,3593.750,1531.250,2066.669
58,135,3656.250,1531.250,2047.952
59,135,3718.750,1531.250,2017.076
60,135,3781.250,1531.250,1988.517
61,135,3843.750,1531.250,2001.417
62,135,3906.250,1531.250,2029.458
63,135,3968.750,1531.250,2035.882
64,135,4031.250,1531.250,2022.162
65,135,4093.750,1531.250,2003.812
66,135,4156.250,1531.250,1953.334
67,135,4218.750,1531.250,1899.088
68,135,4281.250,1531.250,1875.447
69,135,4343.750,1531.250,1884.464
70,135,4406.250,1531.250,1915.727
71,135,4468.750,1531.250,1945.103
72,135,4531.250,1531.250,1978.141
73,135,4593.750,1531.250,2037.674
74,135,4656.250,1531.250,2106.594
75,135,4718.750,1531.250,2092.994
76,135,4781.250,1531.250,2105.076
77,135,4843.750,1531.250,2121.572
78,135,4906.250,1531.250,2142.671
79,135,4968.750,1531.250,2157.659
80,135,5031.250,1531.250,2142.395
81,135,5093.750,1531.250,2102.303
82,135,5156.250,1531.250,2072.735
83,135,5218.750,1531.250,2064.274
84,135,5281.250,1531.250,2071.389
85,135,5343.750,1531.250,2093.732
86,135,5406.250,1531.250,2112.172
87,135,5468.750,1531.250,2093.091
88,135,5531.250,1531.250,2099.781
89,135,5593.750,1531.250,2114.036
90,135,5656.250,1531.250,2128.509
91,135,5718.750,1531.250,2150.960
92,135,5781.250,1531.250,2149.299
93,135,5843.750,1531.250,2156.972
94,135,5906.250,1531.250,2154.065
95,135,5968.750,1531.250,2119.335
96,135,6031.250,1531.250,2097.074
97,135,6093.750,1531.250,2085.415
98,135,6156.250,1531.250,2050.441
99,135,6218.750,1531.250,2003.682
100,135,6281.250,1531.250,1987.294
101,135,6343.750,1531.250,1981.568
102,135,6406.250,1531.250,1954.099
103,135,6468.750,1531.250,1899.796
104,135,6531.250,1531.250,1853.621
105,135,6593.750,1531.250,1838.288
106,135,6656.250,1531.250,1843.678
107,135,6718.750,1531.250,1856.596
108,135,6781.250,1531.250,1855.095
109,135,6843.750,1531.250,1839.858
110,135,6906.250,1531.250,1831.369
111,135,6968.750,1531.250,1850.501
112,135,7031.250,1531.250,1864.989
113,135,7093.750,1531.250,1858.165
114,135,7156.250,1531.250,1853.649
115,135,7218.750,1531.250,1875.663
116,135,7281.250,1531.250,1904.838
117,135,7343.750,1531.250,1935.092
118,135,7406.250,1531.250,1959.109
119,135,7468.750,1531.250,1974.710
120,135,7531.250,1531.250,1983.590
121,135,7593.750,1531.250,1995.041
122,135,7656.250,1531.250,1995.832
123,135,7718.750,1531.250,1996.596
124,135,7781.250,1531.250,1997.230
125,135,7843.750,1531.250,1966.997
126,135,7906.250,1531.250,1904.584
127,135,7968.750,1531.250,1847.298
128,135,8031.250,1531.250,1813.698
129,135,8093.750,1531.250,1805.261
130,135,8156.250,1531.250,1837.873
131,135,8218.750,1531.250,1920.360
132,135,8281.250,1531.250,2011.388
133,135,8343.750,1531.250,2070.782
134,135,8406.250,1531.250,2113.743
135,135,8468.750,1531.250,2169.342
136,135,8531.250,1531.250,2226.299
137,135,8593.750,1531.250,2263.123
138,135,8656.250,1531.250,2246.518
139,135,8718.750,1531.250,2218.912
140,135,8781.250,1531.250,2227.321
141,135,8843.750,1531.250,2255.651
142,135,8906.250,1531.250,2260.242
143,135,8968.750,1531.250,2221.435
144,135,9031.250,1531.250,2168.127
145,135,9093.750,1531.250,2125.963
146,135,9156.250,1531.250,2094.465
147,135,9218.750,1531.250,2041.235
148,135,9281.250,1531.250,1955.263
149,135,9343.750,1531.250,1877.758
150,135,9406.250,1531.250,1841.509
151,135,9468.750,1531.250,1803.792
152,135,9531.250,1531.250,1784.517
153,135,9593.750,1531.250,1804.089
154,135,9656.250,1531.250,1834.155
155,135,9718.750,1531.250,1842.742
156,135,9781.250,1531.250,1849.647
157,135,9843.750,1531.250,1880.043
158,135,9906.250,1531.250,1945.818
159,135,9968.750,1531.250,2010.013
0,136,31.250,1468.750,2183.760
1,136,93.750,1468.750,2127.875
2,136,156.250,1468.750,2055.093
3,136,218.750,1468.750,2014.292
4,136,281.250,1468.750,1994.157
5,136,343.750,1468.750,1951.663
6,136,406.250,1468.750,1900.947
7,136,468.750,1468.750,1871.420
8,136,531.250,1468.750,1851.339
9,136,593.750,1468.750,1821.821
10,136,656.250,1468.750,1798.992
11,136,718.750,1468.750,1805.611
12,136,781.250,1468.750,1821.510
13,136,843.750,1468.750,1848.231
14,136,906.250,1468.750,1882.706
15,136,968.750,1468.750,1886.016
16,136,1031.250,1468.750,1848.664
17,136,1093.750,1468.750,1805.551
18,136,1156.250,1468.750,1754.478
19,136,1218.750,1468.750,1695.069
20,136,1281.250,1468.750,1668.601
21,136,1343.750,1468.750,1654.200
22,136,1406.250,1468.750,1636.571
23,136,1468.750,1468.750,1603.182
24,136,1531.250,1468.750,1565.408
25,136,1593.750,1468.750,1543.454
26,136,1656.250,1468.750,1550.728
27,136,1718.750,1468.750,1547.409
28,136,1781.250,1468.750,1527.529
29,136,1843.750,1468.750,1518.896
30,136,1906.250,1468.750,1514.866
31,136,1968.750,1468.750,1495.481
32,136,2031.250,1468.750,1498.999
33,136,2093.750,1468.750,1547.877
34,136,2156.250,1468.750,1597.690
35,136,2218.750,1468.750,1608.654
36,136,2281.250,1468.750,1586.940
37,136,2343.750,1468.750,1556.267
38,136,2406.250,1468.750,1519.295
39,136,2468.750,1468.750,1484.259
40,136,2531.250,1468.750,1477.665
41,136,2593.750,1468.750,1509.186
42,136,2656.250,1468.750,1561.563
43,136,2718.750,1468.750,1646.677
44,136,2781.250,1468.750,1743.805
45,136,2843.750,1468.750,1804.764
46,136,2906.250,1468.750,1849.907
47,136,2968.750,1468.750,1916.553
48,136,3031.250,1468.750,1999.869
49,136,3093.750,1468.750,2077.049
50,136,3156.250,1468.750,2147.108
51,136,3218.750,1468.750,2199.372
52,136,3281.250,1468.750,2252.710
53,136,3343.750,1468.750,2206.134
54,136,3406.250,1468.750,2124.138
55,136,3468.750,1468.750,2088.601
56,136,3531.250,1468.750,2090.562
57,136,3593.750,1468.750,2091.413
58,136,3656.250,1468.750,2078.859
59,136,3718.750,1468.750,2058.598
60,136,3781.250,1468.750,2028.848
61,136,3843.750,1468.750,2027.662
62,136,3906.250,1468.750,2042.012
63,136,3968.750,1468.750,2041.152
64,136,4031.250,1468.750,2023.947
65,136,4093.750,1468.750,2003.341
66,136,4156.250,1468.750,1941.222
67,136,4218.750,1468.750,1879.681
68,136,4281.250,1468.750,1855.816
69,136,4343.750,1468.750,1863.804
70,136,4406.250,1468.750,1892.770
71,136,4468.750,1468.750,1915.037
72,136,4531.250,1468.750,1941.795
73,136,4593.750,1468.750,2014.048
74,136,4656.250,1468.750,2105.282
75,136,4718.750,1468.750,2111.467
76,136,4781.250,1468.750,2138.211
77,136,4843.750,1468.750,2163.179
78,136,4906.250,1468.750,2178.013
79,136,4968.750,1468.750,2183.611
80,136,5031.250,1468.750,2170.928
81,136,5093.750,1468.750,2129.306
82,136,5156.250,1468.750,2102.769
83,136,5218.750,1468.750,2110.877
84,136,5281.250,1468.750,2134.064
85,136,5343.750,1468.750,2103.879
86,136,5406.250,1468.750,2078.882
87,136,5468.750,1468.750,2071.732
88,136,5531.250,1468.750,2096.137
89,136,5593.750,1468.750,2125.320
90,136,5656.250,1468.750,2140.486
91,136,5718.750,1468.750,2162.804
92,136,5781.250,1468.750,2165.978
93,136,5843.750,1468.750,2169.805
94,136,5906.250,1468.750,2151.906
95,136,5968.750,1468.750,2166.029
96,136,6031.250,1468.750,2157.695
97,136,6093.750,1468.750,2154.428
98,136,6156.250,1468.750,2106.208
99,136,6218.750,1468.750,2039.017
100,136,6281.250,1468.750,2020.747
101,136,6343.750,1468.750,2024.097
102,136,6406.250,1468.750,2006.251
103,136,6468.750,1468.750,1953.016
104,136,6531.250,1468.750,1901.489
105,136,6593.750,1468.750,1884.723
106,136,6656.250,1468.750,1896.348
107,136,6718.750,1468.750,1910.994
108,136,6781.250,1468.750,1903.876
109,136,6843.750,1468.750,1884.086
110,136,6906.250,1468.750,1874.091
111,136,6968.750,1468.750,1893.256
112,136,7031.250,1468.750,1906.357
113,136,7093.750,1468.750,1887.740
114,136,7156.250,1468.750,1867.086
115,136,7218.750,1468.750,1884.536
116,136,7281.250,1468.750,1915.866
117,136,7343.750,1468.750,1946.841
118,136,7406.250,1468.750,1968.147
119,136,7468.750,1468.750,1982.192
120,136,7531.250,1468.750,1994.631
121,136,7593.750,1468.750,2015.308
122,136,7656.250,1468.750,2018.329
123,136,7718.750,1468.750,2017.756
124,136,7781.250,1468.750,2022.161
125,136,7843.750,1468.750,1994.432
126,136,7906.250,1468.750,1929.241
127,136,7968.750,1468.750,1880.905
128,136,8031.250,1468.750,1870.172
129,136,8093.750,1468.750,1878.244
130,136,8156.250,1468.750,1911.226
131,136,8218.750,1468.750,1988.521
132,136,8281.250,1468.750,2063.769
133,136,8343.750,1468.750,2088.022
134,136,8406.250,1468.750,2095.255
135,136,8468.750,1468.750,2144.152
136,136,8531.250,1468.750,2217.532
137,136,8593.750,1468.750,2254.213
138,136,8656.250,1468.750,2207.550
139,136,8718.750,1468.750,2172.358
140,136,8781.250,1468.750,2182.569
141,136,8843.750,1468.750,2225.283
142,136,8906.250,1468.750,2242.493
143,136,8968.750,1468.750,2205.212
144,136,9031.250,1468.750,2150.447
145,136,9093.750,1468.750,2114.477
146,136,9156.250,1468.750,2102.540
147,136,9218.750,1468.750,2067.607
148,136,9281.250,1468.750,1994.884
149,136,9343.750,1468.750,1928.390
150,136,9406.250,1468.750,1891.680
151,136,9468.750,1468.750,1833.863
152,136,9531.250,1468.750,1794.925
153,136,9593.750,1468.750,1809.362
154,136,9656.250,1468.750,1840.766
155,136,9718.750,1468.750,1847.749
156,136,9781.250,1468.750,1849.148
157,136,9843.750,1468.750,1876.019
158,136,9906.250,1468.750,1935.398
159,136,9968.750,1468.750,1989.944
0,137,31.250,1406.250,2232.262
1,137,93.750,1406.250,2180.789
2,137,156.250,1406.250,2111.290
3,137,218.750,1406.250,2066.614
4,137,281.250,1406.250,2037.589
5,137,343.750,1406.250,1989.385
6,137,406.250,1406.250,1936.087
7,137,468.750,1406.250,1901.080
8,137,531.250,1406.250,1868.717
9,137,593.750,1406.250,1826.883
10,137,656.250,1406.250,1797.858
11,137,718.750,1406.250,1804.667
12,137,781.250,1406.250,1825.968
13,137,843.750,1406.250,1859.596
14,137,906.250,1406.250,1896.464
15,137,968.750,1406.250,1894.836
16,137,1031.250,1406.250,1856.695
17,137,1093.750,1406.250,1815.491
18,137,1156.250,1406.250,1771.010
19,137,1218.750,1406.250,1719.791
20,137,1281.250,1406.250,1691.701
21,137,1343.750,1406.250,1660.912
22,137,1406.250,1406.250,1627.301
23,137,1468.750,1406.250,1588.601
24,137,1531.250,1406.250,1550.031
25,137,1593.750,1406.250,1524.032
26,137,1656.250,1406.250,1518.207
27,137,1718.750,1406.250,1505.258
28,137,1781.250,1406.250,1485.645
29,137,1843.750,1406.250,1479.198
30,137,1906.250,1406.250,1474.382
31,137,1968.750,1406.250,1456.395
32,137,2031.250,1406.250,1459.982
33,137,2093.750,1406.250,1501.659
34,137,2156.250,1406.250,1543.438
35,137,2218.750,1406.250,1555.848
36,137,2281.250,1406.250,1552.993
37,137,2343.750,1406.250,1547.664
38,137,2406.250,1406.250,1534.443
39,137,2468.750,1406.250,1516.079
40,137,2531.250,1406.250,1509.468
41,137,2593.750,1406.250,1525.354
42,137,2656.250,1406.250,1561.760
43,137,2718.750,1406.250,1637.548
44,137,2781.250,1406.250,1731.791
45,137,2843.750,1406.250,1797.485
46,137,2906.250,1406.250,1851.380
47,137,2968.750,1406.250,1917.662
48,137,3031.250,1406.250,1992.418
49,137,3093.750,1406.250,2063.431
50,137,3156.250,1406.250,2135.160
51,137,3218.750,1406.250,2194.420
52,137,3281.250,1406.250,2254.616
53,137,3343.750,1406.250,2244.029
54,137,3406.250,1406.250,2168.150
55,137,3468.750,1406.250,2124.280
56,137,3531.250,1406.250,2114.394
57,137,3593.750,1406.250,2109.471
58,137,3656.250,1406.250,2097.217
59,137,3718.750,1406.250,2078.581
60,137,3781.250,1406.250,2049.836
61,137,3843.750,1406.250,2045.417
62,137,3906.250,1406.250,2052.163
63,137,3968.750,1406.250,2040.155
64,137,4031.250,1406.250,2014.790
65,137,4093.750,1406.250,1996.362
66,137,4156.250,1406.250,1947.412
67,137,4218.750,1406.250,1894.574
68,137,4281.250,1406.250,1868.725
69,137,4343.750,1406.250,1873.774
70,137,4406.250,1406.250,1902.102
71,137,4468.750,1406.250,1922.387
72,137,4531.250,1406.250,1946.233
73,137,4593.750,1406.250,2009.937
74,137,4656.250,1406.250,2089.475
75,137,4718.750,1406.250,2124.977
76,137,4781.250,1406.250,2130.249
77,137,4843.750,1406.250,2138.162
78,137,4906.250,1406.250,2148.588
79,137,4968.750,1406.250,2146.168
80,137,5031.250,1406.250,2144.568
81,137,5093.750,1406.250,2157.737
82,137,5156.250,1406.250,2153.819
83,137,5218.750,1406.250,2138.679
84,137,5281.250,1406.250,2101.752
85,137,5343.750,1406.250,2078.067
86,137,5406.250,1406.250,2067.039
87,137,5468.750,1406.250,2077.147
88,137,5531.250,1406.250,2110.822
89,137,5593.750,1406.250,2139.600
90,137,5656.250,1406.250,2148.402
91,137,5718.750,1406.250,2163.726
92,137,5781.250,1406.250,2167.637
93,137,5843.750,1406.250,2147.309
94,137,5906.250,1406.250,2132.701
95,137,5968.750,1406.250,2149.172
96,137,6031.250,1406.250,2159.284
97,137,6093.750,1406.250,2181.159
98,137,6156.250,1406.250,2146.477
99,137,6218.750,1406.250,2087.852
100,137,6281.250,1406.250,2072.431
101,137,6343.750,1406.250,2081.095
102,137,6406.250,1406.250,2072.816
103,137,6468.750,1406.250,2027.956
104,137,6531.250,1406.250,1977.098
105,137,6593.750,1406.250,1956.222
106,137,6656.250,1406.250,1964.725
107,137,6718.750,1406.250,1976.179
108,137,6781.250,1406.250,1966.302
109,137,6843.750,1406.250,1946.259
110,137,6906.250,1406.250,1934.210
111,137,6968.750,1406.250,1943.766
112,137,7031.250,1406.250,1951.190
113,137,7093.750,1406.250,1932.094
114,137,7156.250,1406.250,1909.335
115,137,7218.750,1406.250,1921.145
116,137,7281.250,1406.250,1947.665
117,137,7343.750,1406.250,1974.043
118,137,7406.250,1406.250,1991.147
119,137,7468.750,1406.250,2003.946
120,137,7531.250,1406.250,2019.638
121,137,7593.750,1406.250,2040.420
122,137,7656.250,1406.250,2037.445
123,137,7718.750,1406.250,2023.386
124,137,7781.250,1406.250,2015.938
125,137,7843.750,1406.250,1995.932
126,137,7906.250,1406.250,1962.286
127,137,7968.750,1406.250,1947.182
128,137,8031.250,1406.250,1955.701
129,137,8093.750,1406.250,1969.722
130,137,8156.250,1406.250,1997.042
131,137,8218.750,1406.250,2055.273
132,137,8281.250,1406.250,2104.347
133,137,8343.750,1406.250,2103.898
134,137,8406.250,1406.250,2094.024
135,137,8468.750,1406.250,2135.448
136,137,8531.250,1406.250,2208.236
137,137,8593.750,1406.250,2225.172
138,137,8656.250,1406.250,2178.835
139,137,8718.750,1406.250,2148.065
140,137,8781.250,1406.250,2159.699
141,137,8843.750,1406.250,2199.580
142,137,8906.250,1406.250,2218.779
143,137,8968.750,1406.250,2189.818
144,137,9031.250,1406.250,2143.586
145,137,9093.750,1406.250,2113.169
146,137,9156.250,1406.250,2104.964
147,137,9218.750,1406.250,2079.436
148,137,9281.250,1406.250,2027.088
149,137,9343.750,1406.250,1980.421
150,137,9406.250,1406.250,1946.535
151,137,9468.750,1406.250,1877.751
152,137,9531.250,1406.250,1823.923
153,137,9593.750,1406.250,1824.136
154,137,9656.250,1406.250,1844.361
155,137,9718.750,1406.250,1847.269
156,137,9781.250,1406.250,1846.900
157,137,9843.750,1406.250,1872.720
158,137,9906.250,1406.250,1932.090
159,137,9968.750,1406.250,1987.311
0,138,31.250,1343.750,2284.404
1,138,93.750,1343.750,2241.073
2,138,156.250,1343.750,2177.359
3,138,218.750,1343.750,2124.749
4,138,281.250,1343.750,2080.408
5,138,343.750,1343.750,2027.142
6,138,406.250,1343.750,1981.311
7,138,468.750,1343.750,1947.578
8,138,531.250,1343.750,1901.089
9,138,593.750,1343.750,1843.782
10,138,656.250,1343.750,1807.441
11,138,718.750,1343.750,1809.926
12,138,781.250,1343.750,1833.248
13,138,843.750,1343.750,1873.652
14,138,906.250,1343.750,1913.196
15,138,968.750,1343.750,1907.794
16,138,1031.250,1343.750,1874.723
17,138,1093.750,1343.750,1838.499
18,138,1156.250,1343.750,1803.767
19,138,1218.750,1343.750,1766.753
20,138,1281.250,1343.750,1735.176
21,138,1343.750,1343.750,1672.250
22,138,1406.250,1343.750,1613.109
23,138,1468.750,1343.750,1577.108
24,138,1531.250,1343.750,1549.029
25,138,1593.750,1343.750,1517.571
26,138,1656.250,1343.750,1481.283
27,138,1718.750,1343.750,1447.578
28,138,1781.250,1343.750,1433.683
29,138,1843.750,1343.750,1437.780
30,138,1906.250,1343.750,1435.231
31,138,1968.750,1343.750,1426.508
32,138,2031.250,1343.750,1435.729
33,138,2093.750,1343.750,1466.713
34,138,2156.250,1343.750,1494.426
35,138,2218.750,1343.750,1508.610
36,138,2281.250,1343.750,1531.253
37,138,2343.750,1343.750,1554.837
38,138,2406.250,1343.750,1567.080
39,138,2468.750,1343.750,1569.450
40,138,2531.250,1343.750,1561.675
41,138,2593.750,1343.750,1548.804
42,138,2656.250,1343.750,1561.085
43,138,2718.750,1343.750,1625.955
44,138,2781.250,1343.750,1713.586
45,138,2843.750,1343.750,1784.651
46,138,2906.250,1343.750,1859.868
47,138,2968.750,1343.750,1933.279
48,138,3031.250,1343.750,1997.512
49,138,3093.750,1343.750,2060.737
50,138,3156.250,1343.750,2134.440
51,138,3218.750,1343.750,2204.415
52,138,3281.250,1343.750,2274.960
53,138,3343.750,1343.750,2267.466
54,138,3406.250,1343.750,2210.543
55,138,3468.750,1343.750,2159.932
56,138,3531.250,1343.750,2132.695
57,138,3593.750,1343.750,2118.059
58,138,3656.250,1343.750,2104.278
59,138,3718.750,1343.750,2084.968
60,138,3781.250,1343.750,2058.397
61,138,3843.750,1343.750,2057.614
62,138,3906.250,1343.750,2062.292
63,138,3968.750,1343.750,2037.547
64,138,4031.250,1343.750,1999.830
65,138,4093.750,1343.750,1986.937
66,138,4156.250,1343.750,1971.674
67,138,4218.750,1343.750,1940.701
68,138,4281.250,1343.750,1908.015
69,138,4343.750,1343.750,1902.601
70,138,4406.250,1343.750,1928.946
71,138,4468.750,1343.750,1948.666
72,138,4531.250,1343.750,1970.424
73,138,4593.750,1343.750,2013.940
74,138,4656.250,1343.750,2063.612
75,138,4718.750,1343.750,2088.615
76,138,4781.250,1343.750,2081.558
77,138,4843.750,1343.750,2075.647
78,138,4906.250,1343.750,2093.748
79,138,4968.750,1343.750,2117.974
80,138,5031.250,1343.750,2126.540
81,138,5093.750,1343.750,2132.564
82,138,5156.250,1343.750,2131.252
83,138,5218.750,1343.750,2112.983
84,138,5281.250,1343.750,2087.652
85,138,5343.750,1343.750,2073.432
86,138,5406.250,1343.750,2080.255
87,138,5468.750,1343.750,2108.710
88,138,5531.250,1343.750,2140.683
89,138,5593.750,1343.750,2153.745
90,138,5656.250,1343.750,2151.264
91,138,5718.750,1343.750,2144.479
92,138,5781.250,1343.750,2129.484
93,138,5843.750,1343.750,2121.339
94,138,5906.250,1343.750,2131.172
95,138,5968.750,1343.750,2147.228
96,138,6031.250,1343.750,2152.478
97,138,6093.750,1343.750,2170.199
98,138,6156.250,1343.750,2178.354
99,138,6218.750,1343.750,2147.002
100,138,6281.250,1343.750,2136.502
101,138,6343.750,1343.750,2142.661
102,138,6406.250,1343.750,2138.470
103,138,6468.750,1343.750,2100.972
104,138,6531.250,1343.750,2049.926
105,138,6593.750,1343.750,2026.247
106,138,6656.250,1343.750,2038.526
107,138,6718.750,1343.750,2051.705
108,138,6781.250,1343.750,2042.473
109,138,6843.750,1343.750,2026.757
110,138,6906.250,1343.750,2011.398
111,138,6968.750,1343.750,1999.202
112,138,7031.250,1343.750,1993.208
113,138,7093.750,1343.750,1975.572
114,138,7156.250,1343.750,1953.267
115,138,7218.750,1343.750,1960.641
116,138,7281.250,1343.750,1988.213
117,138,7343.750,1343.750,2013.520
118,138,7406.250,1343.750,2022.172
119,138,7468.750,1343.750,2027.626
120,138,7531.250,1343.750,2045.369
121,138,7593.750,1343.750,2067.707
122,138,7656.250,1343.750,2060.880
123,138,7718.750,1343.750,2026.528
124,138,7781.250,1343.750,1995.457
125,138,7843.750,1343.750,1985.467
126,138,7906.250,1343.750,2001.576
127,138,7968.750,1343.750,2030.111
128,138,8031.250,1343.750,2050.644
129,138,8093.750,1343.750,2060.707
130,138,8156.250,1343.750,2079.660
131,138,8218.750,1343.750,2118.323
132,138,8281.250,1343.750,2141.751
133,138,8343.750,1343.750,2122.076
134,138,8406.250,1343.750,2102.302
135,138,8468.750,1343.750,2136.100
136,138,8531.250,1343.750,2203.182
137,138,8593.750,1343.750,2192.754
138,138,8656.250,1343.750,2157.925
139,138,8718.750,1343.750,2147.457
140,138,8781.250,1343.750,2160.277
141,138,8843.750,1343.750,2180.995
142,138,8906.250,1343.750,2191.580
143,138,8968.750,1343.750,2173.230
144,138,9031.250,1343.750,2139.478
145,138,9093.750,1343.750,2113.660
146,138,9156.250,1343.750,2097.108
147,138,9218.750,1343.750,2072.808
148,138,9281.250,1343.750,2051.219
149,138,9343.750,1343.750,2040.655
150,138,9406.250,1343.750,2011.959
151,138,9468.750,1343.750,1929.291
152,138,9531.250,1343.750,1859.457
153,138,9593.750,1343.750,1843.819
154,138,9656.250,1343.750,1849.103
155,138,9718.750,1343.750,1846.998
156,138,9781.250,1343.750,1845.398
157,138,9843.750,1343.750,1870.286
158,138,9906.250,1343.750,1931.030
159,138,9968.750,1343.750,1989.588
0,139,31.250,1281.250,2284.115
1,139,93.750,1281.250,2306.208
2,139,156.250,1281.250,2244.744
3,139,218.750,1281.250,2183.615
4,139,281.250,1281.250,2125.946
5,139,343.750,1281.250,2068.602
6,139,406.250,1281.250,2029.883
7,139,468.750,1281.250,1997.683
8,139,531.250,1281.250,1940.464
9,139,593.750,1281.250,1871.665
10,139,656.250,1281.250,1829.841
11,139,718.750,1281.250,1826.882
12,139,781.250,1281.250,1848.419
13,139,843.750,1281.250,1891.069
14,139,906.250,1281.250,1930.959
15,139,968.750,1281.250,1923.166
16,139,1031.250,1281.250,1895.576
17,139,1093.750,1281.250,1863.414
18,139,1156.250,1281.250,1834.767
19,139,1218.750,1281.250,1807.065
20,139,1281.250,1281.250,1770.473
21,139,1343.750,1281.250,1679.836
22,139,1406.250,1281.250,1599.702
23,139,1468.750,1281.250,1566.895
24,139,1531.250,1281.250,1548.237
25,139,1593.750,1281.250,1511.680
26,139,1656.250,1281.250,1448.391
27,139,1718.750,1281.250,1396.252
28,139,1781.250,1281.250,1387.252
29,139,1843.750,1281.250,1400.688
30,139,1906.250,1281.250,1400.278
31,139,1968.750,1281.250,1400.417
32,139,2031.250,1281.250,1415.812
33,139,2093.750,1281.250,1440.507
34,139,2156.250,1281.250,1459.519
35,139,2218.750,1281.250,1477.115
36,139,2281.250,1281.250,1519.804
37,139,2343.750,1281.250,1564.174
38,139,2406.250,1281.250,1594.338
39,139,2468.750,1281.250,1612.999
40,139,2531.250,1281.250,1606.403
41,139,2593.750,1281.250,1572.456
42,139,2656.250,1281.250,1567.060
43,139,2718.750,1281.250,1622.530
44,139,2781.250,1281.250,1700.107
45,139,2843.750,1281.250,1769.822
46,139,2906.250,1281.250,1859.817
47,139,2968.750,1281.250,1939.636
48,139,3031.250,1281.250,1996.995
49,139,3093.750,1281.250,2055.666
50,139,3156.250,1281.250,2131.300
51,139,3218.750,1281.250,2209.314
52,139,3281.250,1281.250,2287.821
53,139,3343.750,1281.250,2279.071
54,139,3406.250,1281.250,2239.087
55,139,3468.750,1281.250,2185.850
56,139,3531.250,1281.250,2146.155
57,139,3593.750,1281.250,2122.675
58,139,3656.250,1281.250,2105.140
59,139,3718.750,1281.250,2082.665
60,139,3781.250,1281.250,2056.941
61,139,3843.750,1281.250,2061.358
62,139,3906.250,1281.250,2067.789
63,139,3968.750,1281.250,2035.558
64,139,4031.250,1281.250,1989.334
65,139,4093.750,1281.250,1981.942
66,139,4156.250,1281.250,1996.243
67,139,4218.750,1281.250,1984.307
68,139,4281.250,1281.250,1945.134
69,139,4343.750,1281.250,1928.833
70,139,4406.250,1281.250,1951.497
71,139,4468.750,1281.250,1970.152
72,139,4531.250,1281.250,1989.481
73,139,4593.750,1281.250,2013.782
74,139,4656.250,1281.250,2035.640
75,139,4718.750,1281.250,2051.064
76,139,4781.250,1281.250,2037.392
77,139,4843.750,1281.250,2025.068
78,139,4906.250,1281.250,2053.048
79,139,4968.750,1281.250,2099.738
80,139,5031.250,1281.250,2115.442
81,139,5093.750,1281.250,2115.521
82,139,5156.250,1281.250,2111.240
83,139,5218.750,1281.250,2102.132
84,139,5281.250,1281.250,2089.226
85,139,5343.750,1281.250,2083.967
86,139,5406.250,1281.250,2104.715
87,139,5468.750,1281.250,2145.266
88,139,5531.250,1281.250,2171.480
89,139,5593.750,1281.250,2168.120
90,139,5656.250,1281.250,2156.021
91,139,5718.750,1281.250,2131.499
92,139,5781.250,1281.250,2101.366
93,139,5843.750,1281.250,2104.242
94,139,5906.250,1281.250,2135.870
95,139,5968.750,1281.250,2151.563
96,139,6031.250,1281.250,2151.782
97,139,6093.750,1281.250,2165.524
98,139,6156.250,1281.250,2189.435
99,139,6218.750,1281.250,2204.161
100,139,6281.250,1281.250,2199.348
101,139,6343.750,1281.250,2199.585
102,139,6406.250,1281.250,2194.114
103,139,6468.750,1281.250,2159.948
104,139,6531.250,1281.250,2109.016
105,139,6593.750,1281.250,2085.251
106,139,6656.250,1281.250,2103.594
107,139,6718.750,1281.250,2119.818
108,139,6781.250,1281.250,2111.853
109,139,6843.750,1281.250,2100.158
110,139,6906.250,1281.250,2081.897
111,139,6968.750,1281.250,2050.366
112,139,7031.250,1281.250,2030.742
113,139,7093.750,1281.250,2012.246
114,139,7156.250,1281.250,1989.478
115,139,7218.750,1281.250,1994.325
116,139,7281.250,1281.250,2025.283
117,139,7343.750,1281.250,2051.309
118,139,7406.250,1281.250,2051.826
119,139,7468.750,1281.250,2048.692
120,139,7531.250,1281.250,2066.220
121,139,7593.750,1281.250,2090.371
122,139,7656.250,1281.250,2084.573
123,139,7718.750,1281.250,2039.176
124,139,7781.250,1281.250,1993.218
125,139,7843.750,1281.250,1993.543
126,139,7906.250,1281.250,2049.798
127,139,7968.750,1281.250,2110.944
128,139,8031.250,1281.250,2137.106
129,139,8093.750,1281.250,2140.906
130,139,8156.250,1281.250,2151.844
131,139,8218.750,1281.250,2174.929
132,139,8281.250,1281.250,2178.383
133,139,8343.750,1281.250,2144.402
134,139,8406.250,1281.250,2117.324
135,139,8468.750,1281.250,2143.597
136,139,8531.250,1281.250,2203.184
137,139,8593.750,1281.250,2161.771
138,139,8656.250,1281.250,2138.111
139,139,8718.750,1281.250,2146.368
140,139,8781.250,1281.250,2159.336
141,139,8843.750,1281.250,2161.579
142,139,8906.250,1281.250,2163.416
143,139,8968.750,1281.250,2154.522
144,139,9031.250,1281.250,2132.748
145,139,9093.750,1281.250,2112.440
146,139,9156.250,1281.250,2089.099
147,139,9218.750,1281.250,2064.996
148,139,9281.250,1281.250,2068.581
149,139,9343.750,1281.250,2088.119
150,139,9406.250,1281.250,2064.018
151,139,9468.750,1281.250,1971.562
152,139,9531.250,1281.250,1890.981
153,139,9593.750,1281.250,1864.053
154,139,9656.250,1281.250,1857.507
155,139,9718.750,1281.250,1851.060
156,139,9781.250,1281.250,1847.973
157,139,9843.750,1281.250,1871.248
158,139,9906.250,1281.250,1932.432
159,139,9968.750,1281.250,1993.483
0,140,31.250,1218.750,2247.385
1,140,93.750,1218.750,2284.540
2,140,156.250,1218.750,2310.361
3,140,218.750,1218.750,2243.241
4,140,281.250,1218.750,2179.202
5,140,343.750,1218.750,2119.178
6,140,406.250,1218.750,2077.425
7,140,468.750,1218.750,2040.344
8,140,531.250,1218.750,1980.984
9,140,593.750,1218.750,1912.169
10,140,656.250,1218.750,1868.837
11,140,718.750,1218.750,1862.022
12,140,781.250,1218.750,1877.159
13,140,843.750,1218.750,1912.164
14,140,906.250,1218.750,1945.797
15,140,968.750,1218.750,1934.037
16,140,1031.250,1218.750,1904.440
17,140,1093.750,1218.750,1869.753
18,140,1156.250,1218.750,1838.328
19,140,1218.750,1218.750,1809.580
20,140,1281.250,1218.750,1771.947
21,140,1343.750,1218.750,1680.110
22,140,1406.250,1218.750,1597.984
23,140,1468.750,1218.750,1562.119
24,140,1531.250,1218.750,1539.901
25,140,1593.750,1218.750,1499.479
26,140,1656.250,1218.750,1428.393
27,140,1718.750,1218.750,1370.089
28,140,1781.250,1218.750,1360.687
29,140,1843.750,1218.750,1375.465
30,140,1906.250,1218.750,1373.689
31,140,1968.750,1218.750,1373.895
32,140,2031.250,1218.750,1390.761
33,140,2093.750,1218.750,1418.006
34,140,2156.250,1218.750,1440.518
35,140,2218.750,1218.750,1461.965
36,140,2281.250,1218.750,1507.416
37,140,2343.750,1218.750,1553.820
38,140,2406.250,1218.750,1588.086
39,140,2468.750,1218.750,1613.474
40,140,2531.250,1218.750,1615.278
41,140,2593.750,1218.750,1587.055
42,140,2656.250,1218.750,1583.502
43,140,2718.750,1218.750,1633.442
44,140,2781.250,1218.750,1699.686
45,140,2843.750,1218.750,1757.962
46,140,2906.250,1218.750,1839.869
47,140,2968.750,1218.750,1915.578
48,140,3031.250,1218.750,1971.468
49,140,3093.750,1218.750,2030.805
50,140,3156.250,1218.750,2108.943
51,140,3218.750,1218.750,2194.031
52,140,3281.250,1218.750,2280.237
53,140,3343.750,1218.750,2290.310
54,140,3406.250,1218.750,2251.202
55,140,3468.750,1218.750,2196.106
56,140,3531.250,1218.750,2151.979
57,140,3593.750,1218.750,2122.845
58,140,3656.250,1218.750,2099.162
59,140,3718.750,1218.750,2071.296
60,140,3781.250,1218.750,2043.889
61,140,3843.750,1218.750,2049.624
62,140,3906.250,1218.750,2056.940
63,140,3968.750,1218.750,2027.616
64,140,4031.250,1218.750,1986.603
65,140,4093.750,1218.750,1983.808
66,140,4156.250,1218.750,2003.287
67,140,4218.750,1218.750,1994.546
68,140,4281.250,1218.750,1953.050
69,140,4343.750,1218.750,1930.439
70,140,4406.250,1218.750,1947.782
71,140,4468.750,1218.750,1965.733
72,140,4531.250,1218.750,1986.706
73,140,4593.750,1218.750,2009.178
74,140,4656.250,1218.750,2025.934
75,140,4718.750,1218.750,2036.744
76,140,4781.250,1218.750,2020.862
77,140,4843.750,1218.750,2008.021
78,140,4906.250,1218.750,2036.877
79,140,4968.750,1218.750,2085.295
80,140,5031.250,1218.750,2103.686
81,140,5093.750,1218.750,2110.073
82,140,5156.250,1218.750,2114.013
83,140,5218.750,1218.750,2112.877
84,140,5281.250,1218.750,2107.568
85,140,5343.750,1218.750,2108.412
86,140,5406.250,1218.750,2134.128
87,140,5468.750,1218.750,2176.844
88,140,5531.250,1218.750,2199.854
89,140,5593.750,1218.750,2190.452
90,140,5656.250,1218.750,2173.070
91,140,5718.750,1218.750,2142.426
92,140,5781.250,1218.750,2105.637
93,140,5843.750,1218.750,2102.083
94,140,5906.250,1218.750,2127.529
95,140,5968.750,1218.750,2138.817
96,140,6031.250,1218.750,2137.340
97,140,6093.750,1218.750,2149.520
98,140,6156.250,1218.750,2169.381
99,140,6218.750,1218.750,2179.652
100,140,6281.250,1218.750,2184.284
101,140,6343.750,1218.750,2188.823
102,140,6406.250,1218.750,2193.634
103,140,6468.750,1218.750,2196.121
104,140,6531.250,1218.750,2148.981
105,140,6593.750,1218.750,2126.159
106,140,6656.250,1218.750,2143.056
107,140,6718.750,1218.750,2109.501
108,140,6781.250,1218.750,2086.889
109,140,6843.750,1218.750,2065.151
110,140,6906.250,1218.750,2059.842
111,140,6968.750,1218.750,2088.689
112,140,7031.250,1218.750,2064.828
113,140,7093.750,1218.750,2043.346
114,140,7156.250,1218.750,2018.324
115,140,7218.750,1218.750,2020.811
116,140,7281.250,1218.750,2048.953
117,140,7343.750,1218.750,2072.213
118,140,7406.250,1218.750,2071.394
119,140,7468.750,1218.750,2067.093
120,140,7531.250,1218.750,2082.154
121,140,7593.750,1218.750,2106.001
122,140,7656.250,1218.750,2104.514
123,140,7718.750,1218.750,2064.047
124,140,7781.250,1218.750,2022.624
125,140,7843.750,1218.750,2031.485
126,140,7906.250,1218.750,2099.817
127,140,7968.750,1218.750,2170.089
128,140,8031.250,1218.750,2198.695
129,140,8093.750,1218.750,2200.599
130,140,8156.250,1218.750,2199.074
131,140,8218.750,1218.750,2179.237
132,140,8281.250,1218.750,2186.223
133,140,8343.750,1218.750,2171.557
134,140,8406.250,1218.750,2137.052
135,140,8468.750,1218.750,2156.059
136,140,8531.250,1218.750,2197.185
137,140,8593.750,1218.750,2138.195
138,140,8656.250,1218.750,2113.904
139,140,8718.750,1218.750,2122.089
140,140,8781.250,1218.750,2134.455
141,140,8843.750,1218.750,2137.066
142,140,8906.250,1218.750,2141.389
143,140,8968.750,1218.750,2138.034
144,140,9031.250,1218.750,2123.728
145,140,9093.750,1218.750,2110.776
146,140,9156.250,1218.750,2093.407
147,140,9218.750,1218.750,2076.129
148,140,9281.250,1218.750,2086.096
149,140,9343.750,1218.750,2109.106
150,140,9406.250,1218.750,2086.646
151,140,9468.750,1218.750,1997.089
152,140,9531.250,1218.750,1917.142
153,140,9593.750,1218.750,1887.095
154,140,9656.250,1218.750,1876.485
155,140,9718.750,1218.750,1866.817
156,140,9781.250,1218.750,1861.084
157,140,9843.750,1218.750,1881.223
158,140,9906.250,1218.750,1938.084
159,140,9968.750,1218.750,1995.487
0,141,31.250,1156.250,2195.698
1,141,93.750,1156.250,2224.512
2,141,156.250,1156.250,2273.737
3,141,218.750,1156.250,2316.073
4,141,281.250,1156.250,2237.269
5,141,343.750,1156.250,2171.561
6,141,406.250,1156.250,2113.820
7,141,468.750,1156.250,2063.418
8,141,531.250,1156.250,2013.670
9,141,593.750,1156.250,1962.249
10,141,656.250,1156.250,1921.520
11,141,718.750,1156.250,1911.905
12,141,781.250,1156.250,1916.087
13,141,843.750,1156.250,1929.921
14,141,906.250,1156.250,1944.559
15,141,968.750,1156.250,1926.903
16,141,1031.250,1156.250,1896.229
17,141,1093.750,1156.250,1859.303
18,141,1156.250,1156.250,1820.239
19,141,1218.750,1156.250,1784.188
20,141,1281.250,1156.250,1750.640
21,141,1343.750,1156.250,1685.181
22,141,1406.250,1156.250,1620.905
23,141,1468.750,1156.250,1573.958
24,141,1531.250,1156.250,1532.209
25,141,1593.750,1156.250,1485.754
26,141,1656.250,1156.250,1410.639
27,141,1718.750,1156.250,1349.403
28,141,1781.250,1156.250,1343.332
29,141,1843.750,1156.250,1363.760
30,141,1906.250,1156.250,1359.780
31,141,1968.750,1156.250,1353.067
32,141,2031.250,1156.250,1366.595
33,141,2093.750,1156.250,1400.972
34,141,2156.250,1156.250,1434.569
35,141,2218.750,1156.250,1458.502
36,141,2281.250,1156.250,1490.788
37,141,2343.750,1156.250,1525.373
38,141,2406.250,1156.250,1561.162
39,141,2468.750,1156.250,1594.634
40,141,2531.250,1156.250,1608.142
41,141,2593.750,1156.250,1593.197
42,141,2656.250,1156.250,1595.297
43,141,2718.750,1156.250,1636.627
44,141,2781.250,1156.250,1687.396
45,141,2843.750,1156.250,1728.605
46,141,2906.250,1156.250,1785.318
47,141,2968.750,1156.250,1847.437
48,141,3031.250,1156.250,1905.069
49,141,3093.750,1156.250,1968.664
50,141,3156.250,1156.250,2052.814
51,141,3218.750,1156.250,2161.303
52,141,3281.250,1156.250,2268.168
53,141,3343.750,1156.250,2297.206
54,141,3406.250,1156.250,2252.625
55,141,3468.750,1156.250,2194.758
56,141,3531.250,1156.250,2145.942
57,141,3593.750,1156.250,2108.973
58,141,3656.250,1156.250,2072.958
59,141,3718.750,1156.250,2033.148
60,141,3781.250,1156.250,2001.997
61,141,3843.750,1156.250,2008.099
62,141,3906.250,1156.250,2017.835
63,141,3968.750,1156.250,2010.581
64,141,4031.250,1156.250,2001.229
65,141,4093.750,1156.250,2004.686
66,141,4156.250,1156.250,2008.190
67,141,4218.750,1156.250,1988.584
68,141,4281.250,1156.250,1942.950
69,141,4343.750,1156.250,1910.980
70,141,4406.250,1156.250,1923.466
71,141,4468.750,1156.250,1952.204
72,141,4531.250,1156.250,1987.131
73,141,4593.750,1156.250,2016.648
74,141,4656.250,1156.250,2035.557
75,141,4718.750,1156.250,2043.539
76,141,4781.250,1156.250,2025.966
77,141,4843.750,1156.250,2013.324
78,141,4906.250,1156.250,2033.401
79,141,4968.750,1156.250,2066.914
80,141,5031.250,1156.250,2086.906
81,141,5093.750,1156.250,2117.355
82,141,5156.250,1156.250,2140.293
83,141,5218.750,1156.250,2142.363
84,141,5281.250,1156.250,2139.101
85,141,5343.750,1156.250,2144.548
86,141,5406.250,1156.250,2174.512
87,141,5468.750,1156.250,2217.661
88,141,5531.250,1156.250,2213.746
89,141,5593.750,1156.250,2206.214
90,141,5656.250,1156.250,2195.636
91,141,5718.750,1156.250,2172.647
92,141,5781.250,1156.250,2137.741
93,141,5843.750,1156.250,2105.419
94,141,5906.250,1156.250,2090.740
95,141,5968.750,1156.250,2094.293
96,141,6031.250,1156.250,2106.610
97,141,6093.750,1156.250,2128.452
98,141,6156.250,1156.250,2151.804
99,141,6218.750,1156.250,2167.353
100,141,6281.250,1156.250,2174.039
101,141,6343.750,1156.250,2187.335
102,141,6406.250,1156.250,2197.241
103,141,6468.750,1156.250,2196.070
104,141,6531.250,1156.250,2179.688
105,141,6593.750,1156.250,2158.496
106,141,6656.250,1156.250,2131.454
107,141,6718.750,1156.250,2103.153
108,141,6781.250,1156.250,2079.407
109,141,6843.750,1156.250,2056.210
110,141,6906.250,1156.250,2048.933
111,141,6968.750,1156.250,2070.259
112,141,7031.250,1156.250,2084.058
113,141,7093.750,1156.250,2062.927
114,141,7156.250,1156.250,2039.514
115,141,7218.750,1156.250,2038.612
116,141,7281.250,1156.250,2051.774
117,141,7343.750,1156.250,2064.946
118,141,7406.250,1156.250,2077.234
119,141,7468.750,1156.250,2076.185
120,141,7531.250,1156.250,2083.463
121,141,7593.750,1156.250,2083.836
122,141,7656.250,1156.250,2092.515
123,141,7718.750,1156.250,2095.559
124,141,7781.250,1156.250,2058.594
125,141,7843.750,1156.250,2073.425
126,141,7906.250,1156.250,2145.121
127,141,7968.750,1156.250,2182.718
128,141,8031.250,1156.250,2182.116
129,141,8093.750,1156.250,2185.162
130,141,8156.250,1156.250,2177.028
131,141,8218.750,1156.250,2159.297
132,141,8281.250,1156.250,2167.018
133,141,8343.750,1156.250,2196.641
134,141,8406.250,1156.250,2160.507
135,141,8468.750,1156.250,2172.850
136,141,8531.250,1156.250,2183.145
137,141,8593.750,1156.250,2129.335
138,141,8656.250,1156.250,2091.863
139,141,8718.750,1156.250,2080.383
140,141,8781.250,1156.250,2092.105
141,141,8843.750,1156.250,2114.681
142,141,8906.250,1156.250,2133.236
143,141,8968.750,1156.250,2133.401
144,141,9031.250,1156.250,2124.590
145,141,9093.750,1156.250,2119.411
146,141,9156.250,1156.250,2113.653
147,141,9218.750,1156.250,2105.571
148,141,9281.250,1156.250,2099.635
149,141,9343.750,1156.250,2093.800
150,141,9406.250,1156.250,2071.246
151,141,9468.750,1156.250,2009.240
152,141,9531.250,1156.250,1947.873
153,141,9593.750,1156.250,1917.905
154,141,9656.250,1156.250,1905.108
155,141,9718.750,1156.250,1892.563
156,141,9781.250,1156.250,1885.139
157,141,9843.750,1156.250,1900.985
158,141,9906.250,1156.250,1946.367
159,141,9968.750,1156.250,1991.949
0,142,31.250,1093.750,2138.756
1,142,93.750,1093.750,2158.029
2,142,156.250,1093.750,2199.615
3,142,218.750,1093.750,2264.893
4,142,281.250,1093.750,2302.251
5,142,343.750,1093.750,2229.364
6,142,406.250,1093.750,2152.896
7,142,468.750,1093.750,2087.999
8,142,531.250,1093.750,2049.380
9,142,593.750,1093.750,2017.291
10,142,656.250,1093.750,1978.612
11,142,718.750,1093.750,1964.164
12,142,781.250,1093.750,1954.550
13,142,843.750,1093.750,1943.038
14,142,906.250,1093.750,1934.807
15,142,968.750,1093.750,1910.883
16,142,1031.250,1093.750,1879.953
17,142,1093.750,1093.750,1841.431
18,142,1156.250,1093.750,1794.168
19,142,1218.750,1093.750,1749.313
20,142,1281.250,1093.750,1720.053
21,142,1343.750,1093.750,1686.108
22,142,1406.250,1093.750,1644.887
23,142,1468.750,1093.750,1588.051
24,142,1531.250,1093.750,1526.211
25,142,1593.750,1093.750,1474.339
26,142,1656.250,1093.750,1397.086
27,142,1718.750,1093.750,1335.298
28,142,1781.250,1093.750,1335.071
29,142,1843.750,1093.750,1362.961
30,142,1906.250,1093.750,1356.826
31,142,1968.750,1093.750,1341.792
32,142,2031.250,1093.750,1350.393
33,142,2093.750,1093.750,1391.132
34,142,2156.250,1093.750,1435.452
35,142,2218.750,1093.750,1460.612
36,142,2281.250,1093.750,1476.705
37,142,2343.750,1093.750,1497.339
38,142,2406.250,1093.750,1534.158
39,142,2468.750,1093.750,1574.734
40,142,2531.250,1093.750,1596.284
41,142,2593.750,1093.750,1589.039
42,142,2656.250,1093.750,1591.744
43,142,2718.750,1093.750,1622.370
44,142,2781.250,1093.750,1658.594
45,142,2843.750,1093.750,1685.309
46,142,2906.250,1093.750,1716.657
47,142,2968.750,1093.750,1764.120
48,142,3031.250,1093.750,1823.259
49,142,3093.750,1093.750,1890.796
50,142,3156.250,1093.750,1981.574
51,142,3218.750,1093.750,2118.275
52,142,3281.250,1093.750,2250.731
53,142,3343.750,1093.750,2302.868
54,142,3406.250,1093.750,2249.425
55,142,3468.750,1093.750,2187.230
56,142,3531.250,1093.750,2131.560
57,142,3593.750,1093.750,2084.425
58,142,3656.250,1093.750,2033.760
59,142,3718.750,1093.750,1980.275
60,142,3781.250,1093.750,1945.337
61,142,3843.750,1093.750,1953.525
62,142,3906.250,1093.750,1969.423
63,142,3968.750,1093.750,1990.917
64,142,4031.250,1093.750,2019.574
65,142,4093.750,1093.750,2028.909
66,142,4156.250,1093.750,2011.758
67,142,4218.750,1093.750,1977.895
68,142,4281.250,1093.750,1927.496
69,142,4343.750,1093.750,1886.530
70,142,4406.250,1093.750,1896.121
71,142,4468.750,1093.750,1940.311
72,142,4531.250,1093.750,1993.371
73,142,4593.750,1093.750,2032.463
74,142,4656.250,1093.750,2055.334
75,142,4718.750,1093.750,2061.777
76,142,4781.250,1093.750,2042.464
77,142,4843.750,1093.750,2029.243
78,142,4906.250,1093.750,2038.339
79,142,4968.750,1093.750,2054.185
80,142,5031.250,1093.750,2075.179
81,142,5093.750,1093.750,2130.853
82,142,5156.250,1093.750,2171.565
83,142,5218.750,1093.750,2173.233
84,142,5281.250,1093.750,2169.176
85,142,5343.750,1093.750,2178.125
86,142,5406.250,1093.750,2212.014
87,142,5468.750,1093.750,2219.891
88,142,5531.250,1093.750,2192.639
89,142,5593.750,1093.750,2190.372
90,142,5656.250,1093.750,2179.081
91,142,5718.750,1093.750,2163.593
92,142,5781.250,1093.750,2174.085
93,142,5843.750,1093.750,2109.356
94,142,5906.250,1093.750,2048.885
95,142,5968.750,1093.750,2044.070
96,142,6031.250,1093.750,2073.531
97,142,6093.750,1093.750,2107.830
98,142,6156.250,1093.750,2136.103
99,142,6218.750,1093.750,2158.235
100,142,6281.250,1093.750,2167.770
101,142,6343.750,1093.750,2192.981
102,142,6406.250,1093.750,2210.401
103,142,6468.750,1093.750,2195.551
104,142,6531.250,1093.750,2161.214
105,142,6593.750,1093.750,2140.583
106,142,6656.250,1093.750,2127.402
107,142,6718.750,1093.750,2113.565
108,142,6781.250,1093.750,2089.572
109,142,6843.750,1093.750,2065.108
110,142,6906.250,1093.750,2055.539
111,142,6968.750,1093.750,2066.584
112,142,7031.250,1093.750,2086.442
113,142,7093.750,1093.750,2072.325
114,142,7156.250,1093.750,2052.445
115,142,7218.750,1093.750,2047.857
116,142,7281.250,1093.750,2043.762
117,142,7343.750,1093.750,2045.767
118,142,7406.250,1093.750,2076.840
119,142,7468.750,1093.750,2042.168
120,142,7531.250,1093.750,2041.262
121,142,7593.750,1093.750,2044.850
122,142,7656.250,1093.750,2052.341
123,142,7718.750,1093.750,2093.476
124,142,7781.250,1093.750,2094.559
125,142,7843.750,1093.750,2113.045
126,142,7906.250,1093.750,2167.271
127,142,7968.750,1093.750,2150.309
128,142,8031.250,1093.750,2152.151
129,142,8093.750,1093.750,2157.904
130,142,8156.250,1093.750,2152.716
131,142,8218.750,1093.750,2138.658
132,142,8281.250,1093.750,2149.541
133,142,8343.750,1093.750,2188.772
134,142,8406.250,1093.750,2181.083
135,142,8468.750,1093.750,2187.735
136,142,8531.250,1093.750,2176.276
137,142,8593.750,1093.750,2130.277
138,142,8656.250,1093.750,2079.737
139,142,8718.750,1093.750,2046.827
140,142,8781.250,1093.750,2058.685
141,142,8843.750,1093.750,2104.489
142,142,8906.250,1093.750,2138.714
143,142,8968.750,1093.750,2141.136
144,142,9031.250,1093.750,2136.366
145,142,9093.750,1093.750,2137.707
146,142,9156.250,1093.750,2142.124
147,142,9218.750,1093.750,2140.592
148,142,9281.250,1093.750,2112.242
149,142,9343.750,1093.750,2070.328
150,142,9406.250,1093.750,2047.009
151,142,9468.750,1093.750,2017.486
152,142,9531.250,1093.750,1979.058
153,142,9593.750,1093.750,1950.948
154,142,9656.250,1093.750,1936.994
155,142,9718.750,1093.750,1921.517
156,142,9781.250,1093.750,1911.472
157,142,9843.750,1093.750,1921.265
158,142,9906.250,1093.750,1952.968
159,142,9968.750,1093.750,1985.187
0,143,31.250,1031.250,2085.540
1,143,93.750,1031.250,2100.867
2,143,156.250,1031.250,2139.155
3,143,218.750,1031.250,2207.298
4,143,281.250,1031.250,2277.684
5,143,343.750,1031.250,2296.643
6,143,406.250,1031.250,2209.726
7,143,468.750,1031.250,2137.055
8,143,531.250,1031.250,2099.270
9,143,593.750,1031.250,2070.423
10,143,656.250,1031.250,2028.213
11,143,718.750,1031.250,2003.928
12,143,781.250,1031.250,1979.536
13,143,843.750,1031.250,1949.150
14,143,906.250,1031.250,1924.842
15,143,968.750,1031.250,1896.686
16,143,1031.250,1031.250,1865.476
17,143,1093.750,1031.250,1825.665
18,143,1156.250,1031.250,1772.989
19,143,1218.750,1031.250,1721.035
20,143,1281.250,1031.250,1690.186
21,143,1343.750,1031.250,1669.059
22,143,1406.250,1031.250,1640.462
23,143,1468.750,1031.250,1584.701
24,143,1531.250,1031.250,1518.906
25,143,1593.750,1031.250,1466.050
26,143,1656.250,1031.250,1390.943
27,143,1718.750,1031.250,1332.828
28,143,1781.250,1031.250,1337.307
29,143,1843.750,1031.250,1368.736
30,143,1906.250,1031.250,1361.618
31,143,1968.750,1031.250,1343.094
32,143,2031.250,1031.250,1348.738
33,143,2093.750,1031.250,1390.043
34,143,2156.250,1031.250,1436.893
35,143,2218.750,1031.250,1462.120
36,143,2281.250,1031.250,1471.590
37,143,2343.750,1031.250,1485.965
38,143,2406.250,1031.250,1521.676
39,143,2468.750,1031.250,1563.006
40,143,2531.250,1031.250,1583.903
41,143,2593.750,1031.250,1572.144
42,143,2656.250,1031.250,1566.591
43,143,2718.750,1031.250,1586.606
44,143,2781.250,1031.250,1613.746
45,143,2843.750,1031.250,1634.961
46,143,2906.250,1031.250,1656.804
47,143,2968.750,1031.250,1697.805
48,143,3031.250,1031.250,1756.215
49,143,3093.750,1031.250,1824.496
50,143,3156.250,1031.250,1918.815
51,143,3218.750,1031.250,2071.685
52,143,3281.250,1031.250,2222.327
53,143,3343.750,1031.250,2311.600
54,143,3406.250,1031.250,2246.083
55,143,3468.750,1031.250,2177.004
56,143,3531.250,1031.250,2111.647
57,143,3593.750,1031.250,2053.083
58,143,3656.250,1031.250,1991.884
59,143,3718.750,1031.250,1931.156
60,143,3781.250,1031.250,1895.621
61,143,3843.750,1031.250,1908.965
62,143,3906.250,1031.250,1934.724
63,143,3968.750,1031.250,1974.842
64,143,4031.250,1031.250,2023.252
65,143,4093.750,1031.250,2035.817
66,143,4156.250,1031.250,2010.304
67,143,4218.750,1031.250,1969.923
68,143,4281.250,1031.250,1916.900
69,143,4343.750,1031.250,1871.972
70,143,4406.250,1031.250,1880.382
71,143,4468.750,1031.250,1933.942
72,143,4531.250,1031.250,1998.917
73,143,4593.750,1031.250,2046.364
74,143,4656.250,1031.250,2073.802
75,143,4718.750,1031.250,2080.477
76,143,4781.250,1031.250,2061.252
77,143,4843.750,1031.250,2048.077
78,143,4906.250,1031.250,2052.210
79,143,4968.750,1031.250,2060.371
80,143,5031.250,1031.250,2081.410
81,143,5093.750,1031.250,2145.032
82,143,5156.250,1031.250,2189.967
83,143,5218.750,1031.250,2189.829
84,143,5281.250,1031.250,2185.353
85,143,5343.750,1031.250,2196.969
86,143,5406.250,1031.250,2232.115
87,143,5468.750,1031.250,2194.062
88,143,5531.250,1031.250,2167.660
89,143,5593.750,1031.250,2167.803
90,143,5656.250,1031.250,2156.601
91,143,5718.750,1031.250,2138.411
92,143,5781.250,1031.250,2155.350
93,143,5843.750,1031.250,2109.339
94,143,5906.250,1031.250,2029.186
95,143,5968.750,1031.250,2019.472
96,143,6031.250,1031.250,2054.638
97,143,6093.750,1031.250,2092.838
98,143,6156.250,1031.250,2122.082
99,143,6218.750,1031.250,2145.911
100,143,6281.250,1031.250,2156.298
101,143,6343.750,1031.250,2187.795
102,143,6406.250,1031.250,2201.498
103,143,6468.750,1031.250,2194.370
104,143,6531.250,1031.250,2152.419
105,143,6593.750,1031.250,2130.152
106,143,6656.250,1031.250,2124.822
107,143,6718.750,1031.250,2117.552
108,143,6781.250,1031.250,2095.174
109,143,6843.750,1031.250,2071.486
110,143,6906.250,1031.250,2060.692
111,143,6968.750,1031.250,2065.596
112,143,7031.250,1031.250,2079.662
113,143,7093.750,1031.250,2075.188
114,143,7156.250,1031.250,2057.384
115,143,7218.750,1031.250,2050.464
116,143,7281.250,1031.250,2039.188
117,143,7343.750,1031.250,2036.857
118,143,7406.250,1031.250,2075.017
119,143,7468.750,1031.250,2028.031
120,143,7531.250,1031.250,2023.311
121,143,7593.750,1031.250,2023.432
122,143,7656.250,1031.250,2023.507
123,143,7718.750,1031.250,2056.018
124,143,7781.250,1031.250,2110.797
125,143,7843.750,1031.250,2135.255
126,143,7906.250,1031.250,2123.760
127,143,7968.750,1031.250,2109.343
128,143,8031.250,1031.250,2113.800
129,143,8093.750,1031.250,2121.846
130,143,8156.250,1031.250,2118.428
131,143,8218.750,1031.250,2108.073
132,143,8281.250,1031.250,2124.411
133,143,8343.750,1031.250,2167.959
134,143,8406.250,1031.250,2190.610
135,143,8468.750,1031.250,2193.040
136,143,8531.250,1031.250,2172.368
137,143,8593.750,1031.250,2135.694
138,143,8656.250,1031.250,2086.613
139,143,8718.750,1031.250,2049.240
140,143,8781.250,1031.250,2061.111
141,143,8843.750,1031.250,2114.050
142,143,8906.250,1031.250,2152.966
143,143,8968.750,1031.250,2156.501
144,143,9031.250,1031.250,2154.509
145,143,9093.750,1031.250,2160.293
146,143,9156.250,1031.250,2168.367
147,143,9218.750,1031.250,2167.227
148,143,9281.250,1031.250,2127.884
149,143,9343.750,1031.250,2070.512
150,143,9406.250,1031.250,2046.568
151,143,9468.750,1031.250,2030.701
152,143,9531.250,1031.250,2003.105
153,143,9593.750,1031.250,1977.474
154,143,9656.250,1031.250,1963.494
155,143,9718.750,1031.250,1944.846
156,143,9781.250,1031.250,1929.103
157,143,9843.750,1031.250,1930.515
158,143,9906.250,1031.250,1952.152
159,143,9968.750,1031.250,1977.045
0,144,31.250,968.750,2040.384
1,144,93.750,968.750,2049.464
2,144,156.250,968.750,2084.153
3,144,218.750,968.750,2150.406
4,144,281.250,968.750,2216.244
5,144,343.750,968.750,2255.402
6,144,406.250,968.750,2279.524
7,144,468.750,968.750,2206.736
8,144,531.250,968.750,2156.394
9,144,593.750,968.750,2110.140
10,144,656.250,968.750,2057.622
11,144,718.750,968.750,2014.737
12,144,781.250,968.750,1972.963
13,144,843.750,968.750,1931.237
14,144,906.250,968.750,1897.687
15,144,968.750,968.750,1871.135
16,144,1031.250,968.750,1852.610
17,144,1093.750,968.750,1820.413
18,144,1156.250,968.750,1762.548
19,144,1218.750,968.750,1700.067
20,144,1281.250,968.750,1657.961
21,144,1343.750,968.750,1622.755
22,144,1406.250,968.750,1590.058
23,144,1468.750,968.750,1553.970
24,144,1531.250,968.750,1514.228
25,144,1593.750,968.750,1467.714
26,144,1656.250,968.750,1400.839
27,144,1718.750,968.750,1351.474
28,144,1781.250,968.750,1348.668
29,144,1843.750,968.750,1364.406
30,144,1906.250,968.750,1357.544
31,144,1968.750,968.750,1347.481
32,144,2031.250,968.750,1356.239
33,144,2093.750,968.750,1389.423
34,144,2156.250,968.750,1425.731
35,144,2218.750,968.750,1448.549
36,144,2281.250,968.750,1459.280
37,144,2343.750,968.750,1471.553
38,144,2406.250,968.750,1503.275
39,144,2468.750,968.750,1541.924
40,144,2531.250,968.750,1560.856
41,144,2593.750,968.750,1553.545
42,144,2656.250,968.750,1545.830
43,144,2718.750,968.750,1545.418
44,144,2781.250,968.750,1549.310
45,144,2843.750,968.750,1568.872
46,144,2906.250,968.750,1606.103
47,144,2968.750,968.750,1657.974
48,144,3031.250,968.750,1715.645
49,144,3093.750,968.750,1781.939
50,144,3156.250,968.750,1875.550
51,144,3218.750,968.750,2025.635
52,144,3281.250,968.750,2179.972
53,144,3343.750,968.750,2303.961
54,144,3406.250,968.750,2250.584
55,144,3468.750,968.750,2172.123
56,144,3531.250,968.750,2090.244
57,144,3593.750,968.750,2017.506
58,144,3656.250,968.750,1954.281
59,144,3718.750,968.750,1897.779
60,144,3781.250,968.750,1866.384
61,144,3843.750,968.750,1881.619
62,144,3906.250,968.750,1912.889
63,144,3968.750,968.750,1951.757
64,144,4031.250,968.750,1992.676
65,144,4093.750,968.750,2006.546
66,144,4156.250,968.750,1992.061
67,144,4218.750,968.750,1957.861
68,144,4281.250,968.750,1911.665
69,144,4343.750,968.750,1876.494
70,144,4406.250,968.750,1880.936
71,144,4468.750,968.750,1919.452
72,144,4531.250,968.750,1978.518
73,144,4593.750,968.750,2034.102
74,144,4656.250,968.750,2069.203
75,144,4718.750,968.750,2081.381
76,144,4781.250,968.750,2084.152
77,144,4843.750,968.750,2087.404
78,144,4906.250,968.750,2084.674
79,144,4968.750,968.750,2078.175
80,144,5031.250,968.750,2095.028
81,144,5093.750,968.750,2151.753
82,144,5156.250,968.750,2190.046
83,144,5218.750,968.750,2187.721
84,144,5281.250,968.750,2183.566
85,144,5343.750,968.750,2195.867
86,144,5406.250,968.750,2220.536
87,144,5468.750,968.750,2194.151
88,144,5531.250,968.750,2146.391
89,144,5593.750,968.750,2119.582
90,144,5656.250,968.750,2109.951
91,144,5718.750,968.750,2114.864
92,144,5781.250,968.750,2149.398
93,144,5843.750,968.750,2099.759
94,144,5906.250,968.750,2024.079
95,144,5968.750,968.750,2016.945
96,144,6031.250,968.750,2054.857
97,144,6093.750,968.750,2091.510
98,144,6156.250,968.750,2116.973
99,144,6218.750,968.750,2138.349
100,144,6281.250,968.750,2146.898
101,144,6343.750,968.750,2174.111
102,144,6406.250,968.750,2199.619
103,144,6468.750,968.750,2186.009
104,144,6531.250,968.750,2144.056
105,144,6593.750,968.750,2119.460
106,144,6656.250,968.750,2117.477
107,144,6718.750,968.750,2115.080
108,144,6781.250,968.750,2100.622
109,144,6843.750,968.750,2086.713
110,144,6906.250,968.750,2075.118
111,144,6968.750,968.750,2062.328
112,144,7031.250,968.750,2062.226
113,144,7093.750,968.750,2078.614
114,144,7156.250,968.750,2078.510
115,144,7218.750,968.750,2071.486
116,144,7281.250,968.750,2055.700
117,144,7343.750,968.750,2051.151
118,144,7406.250,968.750,2077.211
119,144,7468.750,968.750,2040.314
120,144,7531.250,968.750,2031.730
121,144,7593.750,968.750,2018.299
122,144,7656.250,968.750,2006.220
123,144,7718.750,968.750,2017.620
124,144,7781.250,968.750,2046.294
125,144,7843.750,968.750,2065.403
126,144,7906.250,968.750,2061.921
127,144,7968.750,968.750,2054.890
128,144,8031.250,968.750,2060.588
129,144,8093.750,968.750,2066.870
130,144,8156.250,968.750,2064.136
131,144,8218.750,968.750,2067.607
132,144,8281.250,968.750,2098.067
133,144,8343.750,968.750,2153.608
134,144,8406.250,968.750,2176.943
135,144,8468.750,968.750,2177.696
136,144,8531.250,968.750,2175.853
137,144,8593.750,968.750,2146.839
138,144,8656.250,968.750,2117.707
139,144,8718.750,968.750,2096.543
140,144,8781.250,968.750,2104.444
141,144,8843.750,968.750,2140.020
142,144,8906.250,968.750,2153.647
143,144,8968.750,968.750,2162.930
144,144,9031.250,968.750,2162.242
145,144,9093.750,968.750,2171.236
146,144,9156.250,968.750,2179.839
147,144,9218.750,968.750,2176.230
148,144,9281.250,968.750,2138.200
149,144,9343.750,968.750,2085.205
150,144,9406.250,968.750,2063.087
151,144,9468.750,968.750,2054.891
152,144,9531.250,968.750,2032.740
153,144,9593.750,968.750,1999.586
154,144,9656.250,968.750,1973.032
155,144,9718.750,968.750,1950.784
156,144,9781.250,968.750,1937.747
157,144,9843.750,968.750,1936.537
158,144,9906.250,968.750,1951.233
159,144,9968.750,968.750,1973.009
0,145,31.250,906.250,1996.601
1,145,93.750,906.250,1996.123
2,145,156.250,906.250,2025.733
3,145,218.750,906.250,2089.786
4,145,281.250,906.250,2149.413
5,145,343.750,906.250,2184.577
6,145,406.250,906.250,2216.014
7,145,468.750,906.250,2246.394
8,145,531.250,906.250,2209.795
9,145,593.750,906.250,2140.105
10,145,656.250,906.250,2075.837
11,145,718.750,906.250,2012.087
12,145,781.250,906.250,1953.539
13,145,843.750,906.250,1904.576
14,145,906.250,906.250,1864.703
15,145,968.750,906.250,1841.763
16,145,1031.250,906.250,1842.348
17,145,1093.750,906.250,1822.121
18,145,1156.250,906.250,1758.612
19,145,1218.750,906.250,1684.252
20,145,1281.250,906.250,1628.430
21,145,1343.750,906.250,1569.333
22,145,1406.250,906.250,1525.377
23,145,1468.750,906.250,1516.062
24,145,1531.250,906.250,1514.889
25,145,1593.750,906.250,1477.635
26,145,1656.250,906.250,1420.549
27,145,1718.750,906.250,1380.517
28,145,1781.250,906.250,1362.544
29,145,1843.750,906.250,1351.177
30,145,1906.250,906.250,1343.670
31,145,1968.750,906.250,1346.494
32,145,2031.250,906.250,1360.864
33,145,2093.750,906.250,1382.544
34,145,2156.250,906.250,1403.055
35,145,2218.750,906.250,1421.884
36,145,2281.250,906.250,1435.029
37,145,2343.750,906.250,1445.498
38,145,2406.250,906.250,1472.722
39,145,2468.750,906.250,1508.432
40,145,2531.250,906.250,1525.965
41,145,2593.750,906.250,1531.569
42,145,2656.250,906.250,1528.435
43,145,2718.750,906.250,1503.224
44,145,2781.250,906.250,1476.164
45,145,2843.750,906.250,1496.065
46,145,2906.250,906.250,1560.308
47,145,2968.750,906.250,1631.418
48,145,3031.250,906.250,1688.960
49,145,3093.750,906.250,1752.282
50,145,3156.250,906.250,1843.396
51,145,3218.750,906.250,1982.614
52,145,3281.250,906.250,2132.911
53,145,3343.750,906.250,2259.511
54,145,3406.250,906.250,2263.916
55,145,3468.750,906.250,2175.835
56,145,3531.250,906.250,2075.246
57,145,3593.750,906.250,1988.435
58,145,3656.250,906.250,1926.570
59,145,3718.750,906.250,1877.411
60,145,3781.250,906.250,1850.156
61,145,3843.750,906.250,1863.006
62,145,3906.250,906.250,1894.951
63,145,3968.750,906.250,1923.215
64,145,4031.250,906.250,1945.400
65,145,4093.750,906.250,1959.431
66,145,4156.250,906.250,1962.712
67,145,4218.750,906.250,1939.367
68,145,4281.250,906.250,1905.554
69,145,4343.750,906.250,1888.372
70,145,4406.250,906.250,1888.080
71,145,4468.750,906.250,1898.439
72,145,4531.250,906.250,1941.557
73,145,4593.750,906.250,2004.498
74,145,4656.250,906.250,2048.488
75,145,4718.750,906.250,2068.840
76,145,4781.250,906.250,2104.947
77,145,4843.750,906.250,2128.784
78,145,4906.250,906.250,2118.293
79,145,4968.750,906.250,2089.021
80,145,5031.250,906.250,2098.976
81,145,5093.750,906.250,2145.370
82,145,5156.250,906.250,2174.403
83,145,5218.750,906.250,2168.929
84,145,5281.250,906.250,2164.053
85,145,5343.750,906.250,2175.036
86,145,5406.250,906.250,2183.497
87,145,5468.750,906.250,2198.118
88,145,5531.250,906.250,2130.589
89,145,5593.750,906.250,2061.092
90,145,5656.250,906.250,2052.968
91,145,5718.750,906.250,2091.456
92,145,5781.250,906.250,2149.521
93,145,5843.750,906.250,2084.072
94,145,5906.250,906.250,2017.234
95,145,5968.750,906.250,2014.581
96,145,6031.250,906.250,2056.819
97,145,6093.750,906.250,2091.915
98,145,6156.250,906.250,2112.647
99,145,6218.750,906.250,2131.289
100,145,6281.250,906.250,2137.240
101,145,6343.750,906.250,2155.954
102,145,6406.250,906.250,2179.938
103,145,6468.750,906.250,2170.884
104,145,6531.250,906.250,2128.604
105,145,6593.750,906.250,2103.187
106,145,6656.250,906.250,2108.304
107,145,6718.750,906.250,2111.929
108,145,6781.250,906.250,2101.555
109,145,6843.750,906.250,2090.632
110,145,6906.250,906.250,2090.725
111,145,6968.750,906.250,2055.710
112,145,7031.250,906.250,2036.110
113,145,7093.750,906.250,2044.855
114,145,7156.250,906.250,2054.094
115,145,7218.750,906.250,2061.622
116,145,7281.250,906.250,2086.266
117,145,7343.750,906.250,2077.821
118,145,7406.250,906.250,2079.120
119,145,7468.750,906.250,2060.343
120,145,7531.250,906.250,2048.661
121,145,7593.750,906.250,2019.791
122,145,7656.250,906.250,1995.698
123,145,7718.750,906.250,1980.652
124,145,7781.250,906.250,1973.050
125,145,7843.750,906.250,1985.571
126,145,7906.250,906.250,1994.350
127,145,7968.750,906.250,1997.316
128,145,8031.250,906.250,2002.944
129,145,8093.750,906.250,2005.698
130,145,8156.250,906.250,2004.875
131,145,8218.750,906.250,2029.824
132,145,8281.250,906.250,2079.667
133,145,8343.750,906.250,2149.968
134,145,8406.250,906.250,2153.918
135,145,8468.750,906.250,2154.744
136,145,8531.250,906.250,2187.594
137,145,8593.750,906.250,2162.489
138,145,8656.250,906.250,2157.244
139,145,8718.750,906.250,2158.054
140,145,8781.250,906.250,2161.190
141,145,8843.750,906.250,2163.801
142,145,8906.250,906.250,2136.277
143,145,8968.750,906.250,2151.665
144,145,9031.250,906.250,2165.275
145,145,9093.750,906.250,2175.822
146,145,9156.250,906.250,2184.395
147,145,9218.750,906.250,2178.049
148,145,9281.250,906.250,2143.876
149,145,9343.750,906.250,2099.226
150,145,9406.250,906.250,2080.054
151,145,9468.750,906.250,2082.468
152,145,9531.250,906.250,2066.486
153,145,9593.750,906.250,2018.777
154,145,9656.250,906.250,1970.743
155,145,9718.750,906.250,1944.460
156,145,9781.250,906.250,1940.962
157,145,9843.750,906.250,1942.740
158,145,9906.250,906.250,1952.184
159,145,9968.750,906.250,1971.835
0,146,31.250,843.750,1941.788
1,146,93.750,843.750,1935.537
2,146,156.250,843.750,1962.601
3,146,218.750,843.750,2026.507
4,146,281.250,843.750,2084.314
5,146,343.750,843.750,2119.578
6,146,406.250,843.750,2147.431
7,146,468.750,843.750,2177.782
8,146,531.250,843.750,2218.835
9,146,593.750,843.750,2167.449
10,146,656.250,843.750,2096.197
11,146,718.750,843.750,2019.665
12,146,781.250,843.750,1950.629
13,146,843.750,843.750,1896.921
14,146,906.250,843.750,1852.601
15,146,968.750,843.750,1829.952
16,146,1031.250,843.750,1840.040
17,146,1093.750,843.750,1825.416
18,146,1156.250,843.750,1757.927
19,146,1218.750,843.750,1676.989
20,146,1281.250,843.750,1613.595
21,146,1343.750,843.750,1539.015
22,146,1406.250,843.750,1486.929
23,146,1468.750,843.750,1493.866
24,146,1531.250,843.750,1516.695
25,146,1593.750,843.750,1485.046
26,146,1656.250,843.750,1433.041
27,146,1718.750,843.750,1397.260
28,146,1781.250,843.750,1368.092
29,146,1843.750,843.750,1337.916
30,146,1906.250,843.750,1328.038
31,146,1968.750,843.750,1337.154
32,146,2031.250,843.750,1353.923
33,146,2093.750,843.750,1367.753
34,146,2156.250,843.750,1377.720
35,146,2218.750,843.750,1393.040
36,146,2281.250,843.750,1406.273
37,146,2343.750,843.750,1413.824
38,146,2406.250,843.750,1436.186
39,146,2468.750,843.750,1467.882
40,146,2531.250,843.750,1482.881
41,146,2593.750,843.750,1496.153
42,146,2656.250,843.750,1496.384
43,146,2718.750,843.750,1456.798
44,146,2781.250,843.750,1412.339
45,146,2843.750,843.750,1434.815
46,146,2906.250,843.750,1518.699
47,146,2968.750,843.750,1604.358
48,146,3031.250,843.750,1663.687
49,146,3093.750,843.750,1726.204
50,146,3156.250,843.750,1815.742
51,146,3218.750,843.750,1946.774
52,146,3281.250,843.750,2092.176
53,146,3343.750,843.750,2217.479
54,146,3406.250,843.750,2281.138
55,146,3468.750,843.750,2185.735
56,146,3531.250,843.750,2073.027
57,146,3593.750,843.750,1977.689
58,146,3656.250,843.750,1915.186
59,146,3718.750,843.750,1867.816
60,146,3781.250,843.750,1840.332
61,146,3843.750,843.750,1849.510
62,146,3906.250,843.750,1879.778
63,146,3968.750,843.750,1899.508
64,146,4031.250,843.750,1908.505
65,146,4093.750,843.750,1922.259
66,146,4156.250,843.750,1936.881
67,146,4218.750,843.750,1920.684
68,146,4281.250,843.750,1895.015
69,146,4343.750,843.750,1889.757
70,146,4406.250,843.750,1886.791
71,146,4468.750,843.750,1878.391
72,146,4531.250,843.750,1910.450
73,146,4593.750,843.750,1977.845
74,146,4656.250,843.750,2027.646
75,146,4718.750,843.750,2053.165
76,146,4781.250,843.750,2109.276
77,146,4843.750,843.750,2097.534
78,146,4906.250,843.750,2128.407
79,146,4968.750,843.750,2083.965
80,146,5031.250,843.750,2087.948
81,146,5093.750,843.750,2125.990
82,146,5156.250,843.750,2147.434
83,146,5218.750,843.750,2138.075
84,146,5281.250,843.750,2130.966
85,146,5343.750,843.750,2139.996
86,146,5406.250,843.750,2139.036
87,146,5468.750,843.750,2146.764
88,146,5531.250,843.750,2118.455
89,146,5593.750,843.750,2024.242
90,146,5656.250,843.750,2018.471
91,146,5718.750,843.750,2078.703
92,146,5781.250,843.750,2142.944
93,146,5843.750,843.750,2066.441
94,146,5906.250,843.750,2003.678
95,146,5968.750,843.750,2001.564
96,146,6031.250,843.750,2044.497
97,146,6093.750,843.750,2077.497
98,146,6156.250,843.750,2094.742
99,146,6218.750,843.750,2111.485
100,146,6281.250,843.750,2115.825
101,146,6343.750,843.750,2129.975
102,146,6406.250,843.750,2154.479
103,146,6468.750,843.750,2150.275
104,146,6531.250,843.750,2110.548
105,146,6593.750,843.750,2087.994
106,146,6656.250,843.750,2100.055
107,146,6718.750,843.750,2109.608
108,146,6781.250,843.750,2110.698
109,146,6843.750,843.750,2095.755
110,146,6906.250,843.750,2098.506
111,146,6968.750,843.750,2045.794
112,146,7031.250,843.750,2013.726
113,146,7093.750,843.750,2017.532
114,146,7156.250,843.750,2022.349
115,146,7218.750,843.750,2031.629
116,146,7281.250,843.750,2064.648
117,146,7343.750,843.750,2079.655
118,146,7406.250,843.750,2072.159
119,146,7468.750,843.750,2065.855
120,146,7531.250,843.750,2053.483
121,146,7593.750,843.750,2016.197
122,146,7656.250,843.750,1985.203
123,146,7718.750,843.750,1953.589
124,146,7781.250,843.750,1922.837
125,146,7843.750,843.750,1930.618
126,146,7906.250,843.750,1946.276
127,146,7968.750,843.750,1954.904
128,146,8031.250,843.750,1960.577
129,146,8093.750,843.750,1962.715
130,146,8156.250,843.750,1966.144
131,146,8218.750,843.750,2007.875
132,146,8281.250,843.750,2072.479
133,146,8343.750,843.750,2154.109
134,146,8406.250,843.750,2145.117
135,146,8468.750,843.750,2146.356
136,146,8531.250,843.750,2193.804
137,146,8593.750,843.750,2179.970
138,146,8656.250,843.750,2187.706
139,146,8718.750,843.750,2201.549
140,146,8781.250,843.750,2189.253
141,146,8843.750,843.750,2152.450
142,146,8906.250,843.750,2127.726
143,146,8968.750,843.750,2146.883
144,146,9031.250,843.750,2175.043
145,146,9093.750,843.750,2185.192
146,146,9156.250,843.750,2192.772
147,146,9218.750,843.750,2184.034
148,146,9281.250,843.750,2151.623
149,146,9343.750,843.750,2111.519
150,146,9406.250,843.750,2093.353
151,146,9468.750,843.750,2101.093
152,146,9531.250,843.750,2087.170
153,146,9593.750,843.750,2028.102
154,146,9656.250,843.750,1964.262
155,146,9718.750,843.750,1933.764
156,146,9781.250,843.750,1935.626
157,146,9843.750,843.750,1939.750
158,146,9906.250,843.750,1946.606
159,146,9968.750,843.750,1965.621
0,147,31.250,781.250,1874.680
1,147,93.750,781.250,1871.452
2,147,156.250,781.250,1897.974
3,147,218.750,781.250,1960.189
4,147,281.250,781.250,2023.242
5,147,343.750,781.250,2068.129
6,147,406.250,781.250,2105.785
7,147,468.750,781.250,2142.400
8,147,531.250,781.250,2186.318
9,147,593.750,781.250,2197.300
10,147,656.250,781.250,2125.724
11,147,718.750,781.250,2049.848
12,147,781.250,781.250,1977.565
13,147,843.750,781.250,1917.266
14,147,906.250,781.250,1867.698
15,147,968.750,781.250,1838.856
16,147,1031.250,781.250,1834.460
17,147,1093.750,781.250,1810.278
18,147,1156.250,781.250,1747.382
19,147,1218.750,781.250,1676.700
20,147,1281.250,781.250,1618.347
21,147,1343.750,781.250,1547.604
22,147,1406.250,781.250,1496.127
23,147,1468.750,781.250,1499.085
24,147,1531.250,781.250,1517.052
25,147,1593.750,781.250,1483.905
26,147,1656.250,781.250,1429.617
27,147,1718.750,781.250,1392.435
28,147,1781.250,781.250,1366.554
29,147,1843.750,781.250,1338.806
30,147,1906.250,781.250,1322.815
31,147,1968.750,781.250,1320.503
32,147,2031.250,781.250,1330.429
33,147,2093.750,781.250,1346.924
34,147,2156.250,781.250,1362.112
35,147,2218.750,781.250,1377.270
36,147,2281.250,781.250,1387.747
37,147,2343.750,781.250,1391.725
38,147,2406.250,781.250,1405.010
39,147,2468.750,781.250,1424.580
40,147,2531.250,781.250,1432.230
41,147,2593.750,781.250,1439.435
42,147,2656.250,781.250,1435.639
43,147,2718.750,781.250,1398.784
44,147,2781.250,781.250,1361.295
45,147,2843.750,781.250,1387.747
46,147,2906.250,781.250,1471.967
47,147,2968.750,781.250,1561.160
48,147,3031.250,781.250,1633.219
49,147,3093.750,781.250,1709.413
50,147,3156.250,781.250,1800.081
51,147,3218.750,781.250,1922.829
52,147,3281.250,781.250,2060.601
53,147,3343.750,781.250,2184.340
54,147,3406.250,781.250,2289.151
55,147,3468.750,781.250,2195.423
56,147,3531.250,781.250,2085.973
57,147,3593.750,781.250,1992.806
58,147,3656.250,781.250,1924.108
59,147,3718.750,781.250,1867.476
60,147,3781.250,781.250,1833.020
61,147,3843.750,781.250,1836.250
62,147,3906.250,781.250,1862.160
63,147,3968.750,781.250,1881.241
64,147,4031.250,781.250,1891.045
65,147,4093.750,781.250,1905.341
66,147,4156.250,781.250,1922.391
67,147,4218.750,781.250,1910.427
68,147,4281.250,781.250,1883.229
69,147,4343.750,781.250,1870.304
70,147,4406.250,781.250,1866.094
71,147,4468.750,781.250,1869.152
72,147,4531.250,781.250,1909.864
73,147,4593.750,781.250,1974.014
74,147,4656.250,781.250,2018.407
75,147,4718.750,781.250,2042.310
76,147,4781.250,781.250,2093.418
77,147,4843.750,781.250,2100.351
78,147,4906.250,781.250,2111.651
79,147,4968.750,781.250,2077.296
80,147,5031.250,781.250,2079.256
81,147,5093.750,781.250,2106.209
82,147,5156.250,781.250,2119.075
83,147,5218.750,781.250,2103.367
84,147,5281.250,781.250,2088.908
85,147,5343.750,781.250,2095.846
86,147,5406.250,781.250,2103.923
87,147,5468.750,781.250,2123.664
88,147,5531.250,781.250,2104.104
89,147,5593.750,781.250,2022.565
90,147,5656.250,781.250,2021.702
91,147,5718.750,781.250,2087.885
92,147,5781.250,781.250,2121.377
93,147,5843.750,781.250,2051.495
94,147,5906.250,781.250,1994.572
95,147,5968.750,781.250,1987.446
96,147,6031.250,781.250,2019.279
97,147,6093.750,781.250,2043.540
98,147,6156.250,781.250,2057.458
99,147,6218.750,781.250,2073.382
100,147,6281.250,781.250,2077.163
101,147,6343.750,781.250,2090.259
102,147,6406.250,781.250,2116.118
103,147,6468.750,781.250,2119.705
104,147,6531.250,781.250,2091.004
105,147,6593.750,781.250,2075.188
106,147,6656.250,781.250,2088.484
107,147,6718.750,781.250,2097.626
108,147,6781.250,781.250,2098.448
109,147,6843.750,781.250,2102.967
110,147,6906.250,781.250,2086.539
111,147,6968.750,781.250,2031.833
112,147,7031.250,781.250,1998.217
113,147,7093.750,781.250,1998.037
114,147,7156.250,781.250,2000.365
115,147,7218.750,781.250,2008.328
116,147,7281.250,781.250,2037.766
117,147,7343.750,781.250,2051.255
118,147,7406.250,781.250,2045.006
119,147,7468.750,781.250,2040.397
120,147,7531.250,781.250,2030.759
121,147,7593.750,781.250,1999.612
122,147,7656.250,781.250,1973.456
123,147,7718.750,781.250,1945.633
124,147,7781.250,781.250,1918.384
125,147,7843.750,781.250,1925.514
126,147,7906.250,781.250,1939.790
127,147,7968.750,781.250,1946.880
128,147,8031.250,781.250,1950.162
129,147,8093.750,781.250,1953.023
130,147,8156.250,781.250,1962.506
131,147,8218.750,781.250,2008.982
132,147,8281.250,781.250,2077.180
133,147,8343.750,781.250,2161.373
134,147,8406.250,781.250,2164.204
135,147,8468.750,781.250,2164.589
136,147,8531.250,781.250,2206.975
137,147,8593.750,781.250,2195.836
138,147,8656.250,781.250,2197.572
139,147,8718.750,781.250,2206.014
140,147,8781.250,781.250,2195.591
141,147,8843.750,781.250,2161.708
142,147,8906.250,781.250,2138.392
143,147,8968.750,781.250,2151.499
144,147,9031.250,781.250,2183.102
145,147,9093.750,781.250,2195.358
146,147,9156.250,781.250,2201.763
147,147,9218.750,781.250,2206.788
148,147,9281.250,781.250,2167.195
149,147,9343.750,781.250,2118.429
150,147,9406.250,781.250,2097.607
151,147,9468.750,781.250,2105.832
152,147,9531.250,781.250,2091.894
153,147,9593.750,781.250,2034.170
154,147,9656.250,781.250,1973.652
155,147,9718.750,781.250,1942.599
156,147,9781.250,781.250,1936.802
157,147,9843.750,781.250,1934.426
158,147,9906.250,781.250,1935.707
159,147,9968.750,781.250,1948.515
0,148,31.250,718.750,1812.410
1,148,93.750,718.750,1818.055
2,148,156.250,718.750,1842.278
3,148,218.750,718.750,1895.720
4,148,281.250,718.750,1964.064
5,148,343.750,718.750,2023.321
6,148,406.250,718.750,2076.253
7,148,468.750,718.750,2121.269
8,148,531.250,718.750,2163.928
9,148,593.750,718.750,2210.486
10,148,656.250,718.750,2161.803
11,148,718.750,718.750,2091.705
12,148,781.250,718.750,2016.650
13,148,843.750,718.750,1945.125
14,148,906.250,718.750,1887.651
15,148,968.750,718.750,1848.552
16,148,1031.250,718.750,1811.393
17,148,1093.750,718.750,1767.097
18,148,1156.250,718.750,1720.282
19,148,1218.750,718.750,1677.579
20,148,1281.250,718.750,1632.061
21,148,1343.750,718.750,1573.834
22,148,1406.250,718.750,1527.269
23,148,1468.750,718.750,1520.570
24,148,1531.250,718.750,1525.043
25,148,1593.750,718.750,1487.405
26,148,1656.250,718.750,1425.469
27,148,1718.750,718.750,1383.627
28,148,1781.250,718.750,1369.087
29,148,1843.750,718.750,1354.362
30,148,1906.250,718.750,1329.257
31,148,1968.750,718.750,1302.479
32,148,2031.250,718.750,1297.943
33,148,2093.750,718.750,1323.801
34,148,2156.250,718.750,1354.828
35,148,2218.750,718.750,1372.131
36,148,2281.250,718.750,1380.186
37,148,2343.750,718.750,1381.786
38,148,2406.250,718.750,1379.318
39,148,2468.750,718.750,1375.397
40,148,2531.250,718.750,1372.385
41,148,2593.750,718.750,1370.417
42,148,2656.250,718.750,1360.091
43,148,2718.750,718.750,1331.343
44,148,2781.250,718.750,1309.565
45,148,2843.750,718.750,1339.737
46,148,2906.250,718.750,1415.450
47,148,2968.750,718.750,1504.183
48,148,3031.250,718.750,1601.831
49,148,3093.750,718.750,1709.140
50,148,3156.250,718.750,1802.088
51,148,3218.750,718.750,1905.746
52,148,3281.250,718.750,2027.935
53,148,3343.750,718.750,2152.933
54,148,3406.250,718.750,2265.130
55,148,3468.750,718.750,2200.500
56,148,3531.250,718.750,2106.160
57,148,3593.750,718.750,2023.201
58,148,3656.250,718.750,1945.243
59,148,3718.750,718.750,1873.064
60,148,3781.250,718.750,1827.889
61,148,3843.750,718.750,1819.333
62,148,3906.250,718.750,1835.100
63,148,3968.750,718.750,1853.222
64,148,4031.250,718.750,1866.225
65,148,4093.750,718.750,1882.064
66,148,4156.250,718.750,1905.647
67,148,4218.750,718.750,1906.215
68,148,4281.250,718.750,1877.021
69,148,4343.750,718.750,1846.106
70,148,4406.250,718.750,1841.454
71,148,4468.750,718.750,1878.422
72,148,4531.250,718.750,1941.817
73,148,4593.750,718.750,1992.932
74,148,4656.250,718.750,2018.669
75,148,4718.750,718.750,2037.346
76,148,4781.250,718.750,2076.823
77,148,4843.750,718.750,2101.487
78,148,4906.250,718.750,2100.614
79,148,4968.750,718.750,2097.639
80,148,5031.250,718.750,2099.796
81,148,5093.750,718.750,2104.459
82,148,5156.250,718.750,2102.474
83,148,5218.750,718.750,2078.114
84,148,5281.250,718.750,2050.790
85,148,5343.750,718.750,2055.138
86,148,5406.250,718.750,2083.907
87,148,5468.750,718.750,2124.972
88,148,5531.250,718.750,2082.645
89,148,5593.750,718.750,2029.120
90,148,5656.250,718.750,2035.443
91,148,5718.750,718.750,2111.294
92,148,5781.250,718.750,2089.384
93,148,5843.750,718.750,2039.043
94,148,5906.250,718.750,2003.353
95,148,5968.750,718.750,1989.968
96,148,6031.250,718.750,1998.164
97,148,6093.750,718.750,2004.048
98,148,6156.250,718.750,2013.352
99,148,6218.750,718.750,2029.863
100,148,6281.250,718.750,2032.404
101,148,6343.750,718.750,2037.926
102,148,6406.250,718.750,2058.644
103,148,6468.750,718.750,2072.555
104,148,6531.250,718.750,2062.827
105,148,6593.750,718.750,2055.484
106,148,6656.250,718.750,2065.102
107,148,6718.750,718.750,2071.017
108,148,6781.250,718.750,2071.595
109,148,6843.750,718.750,2073.415
110,148,6906.250,718.750,2057.539
111,148,6968.750,718.750,2009.843
112,148,7031.250,718.750,1977.464
113,148,7093.750,718.750,1970.875
114,148,7156.250,718.750,1968.764
115,148,7218.750,718.750,1974.088
116,148,7281.250,718.750,1994.438
117,148,7343.750,718.750,2004.318
118,148,7406.250,718.750,2000.797
119,148,7468.750,718.750,1998.548
120,148,7531.250,718.750,1994.594
121,148,7593.750,718.750,1979.902
122,148,7656.250,718.750,1967.563
123,148,7718.750,718.750,1952.007
124,148,7781.250,718.750,1937.708
125,148,7843.750,718.750,1946.893
126,148,7906.250,718.750,1961.861
127,148,7968.750,718.750,1968.284
128,148,8031.250,718.750,1965.313
129,148,8093.750,718.750,1964.522
130,148,8156.250,718.750,1979.725
131,148,8218.750,718.750,2025.298
132,148,8281.250,718.750,2090.186
133,148,8343.750,718.750,2170.041
134,148,8406.250,718.750,2196.795
135,148,8468.750,718.750,2195.241
136,148,8531.250,718.750,2226.398
137,148,8593.750,718.750,2209.681
138,148,8656.250,718.750,2196.484
139,148,8718.750,718.750,2190.132
140,148,8781.250,718.750,2195.055
141,148,8843.750,718.750,2189.092
142,148,8906.250,718.750,2167.580
143,148,8968.750,718.750,2164.225
144,148,9031.250,718.750,2171.980
145,148,9093.750,718.750,2174.911
146,148,9156.250,718.750,2167.707
147,148,9218.750,718.750,2183.431
148,148,9281.250,718.750,2194.124
149,148,9343.750,718.750,2125.622
150,148,9406.250,718.750,2100.714
151,148,9468.750,718.750,2114.139
152,148,9531.250,718.750,2105.873
153,148,9593.750,718.750,2060.027
154,148,9656.250,718.750,2016.638
155,148,9718.750,718.750,1988.803
156,148,9781.250,718.750,1964.266
157,148,9843.750,718.750,1945.217
158,148,9906.250,718.750,1932.016
159,148,9968.750,718.750,1927.328
0,149,31.250,656.250,1766.294
1,149,93.750,656.250,1776.980
2,149,156.250,656.250,1795.047
3,149,218.750,656.250,1836.501
4,149,281.250,656.250,1906.248
5,149,343.750,656.250,1977.296
6,149,406.250,656.250,2043.733
7,149,468.750,656.250,2096.955
8,149,531.250,656.250,2139.552
9,149,593.750,656.250,2182.510
10,149,656.250,656.250,2198.052
11,149,718.750,656.250,2131.917
12,149,781.250,656.250,2053.144
13,149,843.750,656.250,1970.627
14,149,906.250,656.250,1905.479
15,149,968.750,656.250,1857.775
16,149,1031.250,656.250,1793.604
17,149,1093.750,656.250,1733.829
18,149,1156.250,656.250,1702.812
19,149,1218.750,656.250,1685.307
20,149,1281.250,656.250,1650.783
21,149,1343.750,656.250,1603.733
22,149,1406.250,656.250,1562.072
23,149,1468.750,656.250,1547.410
24,149,1531.250,656.250,1540.090
25,149,1593.750,656.250,1497.695
26,149,1656.250,656.250,1427.466
27,149,1718.750,656.250,1379.677
28,149,1781.250,656.250,1373.441
29,149,1843.750,656.250,1369.233
30,149,1906.250,656.250,1336.024
31,149,1968.750,656.250,1287.326
32,149,2031.250,656.250,1268.847
33,149,2093.750,656.250,1300.942
34,149,2156.250,656.250,1343.648
35,149,2218.750,656.250,1360.957
36,149,2281.250,656.250,1365.955
37,149,2343.750,656.250,1365.295
38,149,2406.250,656.250,1349.410
39,149,2468.750,656.250,1325.562
40,149,2531.250,656.250,1313.811
41,149,2593.750,656.250,1304.104
42,149,2656.250,656.250,1287.981
43,149,2718.750,656.250,1265.821
44,149,2781.250,656.250,1257.125
45,149,2843.750,656.250,1290.219
46,149,2906.250,656.250,1358.767
47,149,2968.750,656.250,1447.552
48,149,3031.250,656.250,1567.887
49,149,3093.750,656.250,1702.511
50,149,3156.250,656.250,1797.313
51,149,3218.750,656.250,1883.771
52,149,3281.250,656.250,1991.606
53,149,3343.750,656.250,2116.975
54,149,3406.250,656.250,2235.161
55,149,3468.750,656.250,2204.903
56,149,3531.250,656.250,2125.441
57,149,3593.750,656.250,2053.350
58,149,3656.250,656.250,1969.745
59,149,3718.750,656.250,1886.184
60,149,3781.250,656.250,1832.278
61,149,3843.750,656.250,1810.639
62,149,3906.250,656.250,1812.714
63,149,3968.750,656.250,1824.853
64,149,4031.250,656.250,1836.933
65,149,4093.750,656.250,1853.682
66,149,4156.250,656.250,1887.386
67,149,4218.750,656.250,1906.049
68,149,4281.250,656.250,1882.517
69,149,4343.750,656.250,1840.991
70,149,4406.250,656.250,1836.404
71,149,4468.750,656.250,1900.420
72,149,4531.250,656.250,1979.425
73,149,4593.750,656.250,2014.719
74,149,4656.250,656.250,2021.084
75,149,4718.750,656.250,2034.739
76,149,4781.250,656.250,2064.970
77,149,4843.750,656.250,2081.275
78,149,4906.250,656.250,2080.341
79,149,4968.750,656.250,2057.392
80,149,5031.250,656.250,2056.405
81,149,5093.750,656.250,2072.326
82,149,5156.250,656.250,2088.495
83,149,5218.750,656.250,2067.854
84,149,5281.250,656.250,2030.292
85,149,5343.750,656.250,2031.591
86,149,5406.250,656.250,2075.021
87,149,5468.750,656.250,2084.035
88,149,5531.250,656.250,2064.209
89,149,5593.750,656.250,2036.224
90,149,5656.250,656.250,2047.992
91,149,5718.750,656.250,2129.624
92,149,5781.250,656.250,2059.867
93,149,5843.750,656.250,2029.613
94,149,5906.250,656.250,2014.781
95,149,5968.750,656.250,1996.313
96,149,6031.250,656.250,1982.247
97,149,6093.750,656.250,1969.407
98,149,6156.250,656.250,1971.996
99,149,6218.750,656.250,1987.265
100,149,6281.250,656.250,1988.144
101,149,6343.750,656.250,1984.557
102,149,6406.250,656.250,1996.975
103,149,6468.750,656.250,2016.081
104,149,6531.250,656.250,2020.330
105,149,6593.750,656.250,2019.954
106,149,6656.250,656.250,2026.946
107,149,6718.750,656.250,2031.334
108,149,6781.250,656.250,2033.168
109,149,6843.750,656.250,2033.870
110,149,6906.250,656.250,2019.244
111,149,6968.750,656.250,1978.333
112,149,7031.250,656.250,1947.741
113,149,7093.750,656.250,1936.167
114,149,7156.250,656.250,1930.538
115,149,7218.750,656.250,1934.114
116,149,7281.250,656.250,1948.216
117,149,7343.750,656.250,1957.201
118,149,7406.250,656.250,1958.120
119,149,7468.750,656.250,1959.053
120,149,7531.250,656.250,1960.068
121,149,7593.750,656.250,1960.671
122,149,7656.250,656.250,1962.138
123,149,7718.750,656.250,1959.287
124,149,7781.250,656.250,1958.098
125,149,7843.750,656.250,1970.542
126,149,7906.250,656.250,1988.281
127,149,7968.750,656.250,1996.536
128,149,8031.250,656.250,1990.043
129,149,8093.750,656.250,1986.882
130,149,8156.250,656.250,2006.427
131,149,8218.750,656.250,2048.705
132,149,8281.250,656.250,2107.420
133,149,8343.750,656.250,2180.489
134,149,8406.250,656.250,2225.421
135,149,8468.750,656.250,2222.129
136,149,8531.250,656.250,2243.752
137,149,8593.750,656.250,2224.509
138,149,8656.250,656.250,2199.179
139,149,8718.750,656.250,2180.566
140,149,8781.250,656.250,2188.028
141,149,8843.750,656.250,2205.235
142,149,8906.250,656.250,2191.551
143,149,8968.750,656.250,2171.694
144,149,9031.250,656.250,2158.070
145,149,9093.750,656.250,2154.313
146,149,9156.250,656.250,2136.749
147,149,9218.750,656.250,2145.707
148,149,9281.250,656.250,2218.303
149,149,9343.750,656.250,2138.943
150,149,9406.250,656.250,2110.263
151,149,9468.750,656.250,2129.445
152,149,9531.250,656.250,2128.458
153,149,9593.750,656.250,2095.857
154,149,9656.250,656.250,2070.024
155,149,9718.750,656.250,2046.386
156,149,9781.250,656.250,2004.963
157,149,9843.750,656.250,1969.664
158,149,9906.250,656.250,1941.884
159,149,9968.750,656.250,1920.496
0,150,31.250,593.750,1742.038
1,150,93.750,593.750,1747.830
2,150,156.250,593.750,1756.044
3,150,218.750,593.750,1786.757
4,150,281.250,593.750,1851.458
5,150,343.750,593.750,1925.200
6,150,406.250,593.750,1995.887
7,150,468.750,593.750,2054.361
8,150,531.250,593.750,2101.277
9,150,593.750,593.750,2147.201
10,150,656.250,593.750,2205.322
11,150,718.750,593.750,2160.844
12,150,781.250,593.750,2074.137
13,150,843.750,593.750,1986.073
14,150,906.250,593.750,1918.009
15,150,968.750,593.750,1868.181
16,150,1031.250,593.750,1800.392
17,150,1093.750,593.750,1740.868
18,150,1156.250,593.750,1715.400
19,150,1218.750,593.750,1702.992
20,150,1281.250,593.750,1669.638
21,150,1343.750,593.750,1624.444
22,150,1406.250,593.750,1584.105
23,150,1468.750,593.750,1568.547
24,150,1531.250,593.750,1558.895
25,150,1593.750,593.750,1514.343
26,150,1656.250,593.750,1442.508
27,150,1718.750,593.750,1391.593
28,150,1781.250,593.750,1381.657
29,150,1843.750,593.750,1374.223
30,150,1906.250,593.750,1336.907
31,150,1968.750,593.750,1282.599
32,150,2031.250,593.750,1258.195
33,150,2093.750,593.750,1284.952
34,150,2156.250,593.750,1322.467
35,150,2218.750,593.750,1333.789
36,150,2281.250,593.750,1333.895
37,150,2343.750,593.750,1330.290
38,150,2406.250,593.750,1310.455
39,150,2468.750,593.750,1281.467
40,150,2531.250,593.750,1266.582
41,150,2593.750,593.750,1252.857
42,150,2656.250,593.750,1233.495
43,150,2718.750,593.750,1211.923
44,150,2781.250,593.750,1205.948
45,150,2843.750,593.750,1241.009
46,150,2906.250,593.750,1312.677
47,150,2968.750,593.750,1406.066
48,150,3031.250,593.750,1531.802
49,150,3093.750,593.750,1670.393
50,150,3156.250,593.750,1765.240
51,150,3218.750,593.750,1848.418
52,150,3281.250,593.750,1951.767
53,150,3343.750,593.750,2072.987
54,150,3406.250,593.750,2188.446
55,150,3468.750,593.750,2211.886
56,150,3531.250,593.750,2137.317
57,150,3593.750,593.750,2070.575
58,150,3656.250,593.750,1991.557
59,150,3718.750,593.750,1911.297
60,150,3781.250,593.750,1855.400
61,150,3843.750,593.750,1822.701
62,150,3906.250,593.750,1809.600
63,150,3968.750,593.750,1807.650
64,150,4031.250,593.750,1809.817
65,150,4093.750,593.750,1825.397
66,150,4156.250,593.750,1871.064
67,150,4218.750,593.750,1909.789
68,150,4281.250,593.750,1906.046
69,150,4343.750,593.750,1876.246
70,150,4406.250,593.750,1871.887
71,150,4468.750,593.750,1931.173
72,150,4531.250,593.750,2000.853
73,150,4593.750,593.750,2023.787
74,150,4656.250,593.750,2021.082
75,150,4718.750,593.750,2032.961
76,150,4781.250,593.750,2062.399
77,150,4843.750,593.750,2079.455
78,150,4906.250,593.750,2061.856
79,150,4968.750,593.750,2034.600
80,150,5031.250,593.750,2031.582
81,150,5093.750,593.750,2045.154
82,150,5156.250,593.750,2057.680
83,150,5218.750,593.750,2074.223
84,150,5281.250,593.750,2038.603
85,150,5343.750,593.750,2037.100
86,150,5406.250,593.750,2070.723
87,150,5468.750,593.750,2061.187
88,150,5531.250,593.750,2054.905
89,150,5593.750,593.750,2037.593
90,150,5656.250,593.750,2050.210
91,150,5718.750,593.750,2116.694
92,150,5781.250,593.750,2048.221
93,150,5843.750,593.750,2026.734
94,150,5906.250,593.750,2016.748
95,150,5968.750,593.750,1995.619
96,150,6031.250,593.750,1972.954
97,150,6093.750,593.750,1949.827
98,150,6156.250,593.750,1940.931
99,150,6218.750,593.750,1946.747
100,150,6281.250,593.750,1945.424
101,150,6343.750,593.750,1937.296
102,150,6406.250,593.750,1942.031
103,150,6468.750,593.750,1955.548
104,150,6531.250,593.750,1960.081
105,150,6593.750,593.750,1963.521
106,150,6656.250,593.750,1973.160
107,150,6718.750,593.750,1980.462
108,150,6781.250,593.750,1986.409
109,150,6843.750,593.750,1990.215
110,150,6906.250,593.750,1976.482
111,150,6968.750,593.750,1936.483
112,150,7031.250,593.750,1906.654
113,150,7093.750,593.750,1897.215
114,150,7156.250,593.750,1894.472
115,150,7218.750,593.750,1899.010
116,150,7281.250,593.750,1914.528
117,150,7343.750,593.750,1927.891
118,150,7406.250,593.750,1935.043
119,150,7468.750,593.750,1940.304
120,150,7531.250,593.750,1942.866
121,150,7593.750,593.750,1947.328
122,150,7656.250,593.750,1954.368
123,150,7718.750,593.750,1957.940
124,150,7781.250,593.750,1962.303
125,150,7843.750,593.750,1977.482
126,150,7906.250,593.750,1998.720
127,150,7968.750,593.750,2011.293
128,150,8031.250,593.750,2010.083
129,150,8093.750,593.750,2012.553
130,150,8156.250,593.750,2034.289
131,150,8218.750,593.750,2070.645
132,150,8281.250,593.750,2121.964
133,150,8343.750,593.750,2191.186
134,150,8406.250,593.750,2236.106
135,150,8468.750,593.750,2232.373
136,150,8531.250,593.750,2251.687
137,150,8593.750,593.750,2244.561
138,150,8656.250,593.750,2220.114
139,150,8718.750,593.750,2203.141
140,150,8781.250,593.750,2213.776
141,150,8843.750,593.750,2216.193
142,150,8906.250,593.750,2187.792
143,150,8968.750,593.750,2161.450
144,150,9031.250,593.750,2144.753
145,150,9093.750,593.750,2143.971
146,150,9156.250,593.750,2131.239
147,150,9218.750,593.750,2143.376
148,150,9281.250,593.750,2216.145
149,150,9343.750,593.750,2163.839
150,150,9406.250,593.750,2133.045
151,150,9468.750,593.750,2152.224
152,150,9531.250,593.750,2154.957
153,150,9593.750,593.750,2130.541
154,150,9656.250,593.750,2112.969
155,150,9718.750,593.750,2092.296
156,150,9781.250,593.750,2048.533
157,150,9843.750,593.750,2007.863
158,150,9906.250,593.750,1971.506
159,150,9968.750,593.750,1942.149
0,151,31.250,531.250,1715.036
1,151,93.750,531.250,1720.455
2,151,156.250,531.250,1725.768
3,151,218.750,531.250,1751.333
4,151,281.250,531.250,1810.164
5,151,343.750,531.250,1879.531
6,151,406.250,531.250,1942.349
7,151,468.750,531.250,2000.441
8,151,531.250,531.250,2048.391
9,151,593.750,531.250,2091.996
10,151,656.250,531.250,2159.011
11,151,718.750,531.250,2189.524
12,151,781.250,531.250,2082.929
13,151,843.750,531.250,1996.863
14,151,906.250,531.250,1937.719
15,151,968.750,531.250,1889.397
16,151,1031.250,531.250,1818.379
17,151,1093.750,531.250,1759.777
18,151,1156.250,531.250,1735.255
19,151,1218.750,531.250,1718.267
20,151,1281.250,531.250,1681.492
21,151,1343.750,531.250,1634.561
22,151,1406.250,531.250,1593.691
23,151,1468.750,531.250,1578.566
24,151,1531.250,531.250,1569.155
25,151,1593.750,531.250,1526.594
26,151,1656.250,531.250,1471.386
27,151,1718.750,531.250,1429.587
28,151,1781.250,531.250,1410.931
29,151,1843.750,531.250,1391.604
30,151,1906.250,531.250,1350.497
31,151,1968.750,531.250,1301.741
32,151,2031.250,531.250,1278.040
33,151,2093.750,531.250,1292.125
34,151,2156.250,531.250,1313.916
35,151,2218.750,531.250,1315.229
36,151,2281.250,531.250,1307.859
37,151,2343.750,531.250,1301.523
38,151,2406.250,531.250,1279.991
39,151,2468.750,531.250,1246.631
40,151,2531.250,531.250,1228.552
41,151,2593.750,531.250,1207.382
42,151,2656.250,531.250,1182.933
43,151,2718.750,531.250,1163.926
44,151,2781.250,531.250,1162.237
45,151,2843.750,531.250,1199.662
46,151,2906.250,531.250,1281.799
47,151,2968.750,531.250,1383.255
48,151,3031.250,531.250,1500.522
49,151,3093.750,531.250,1624.133
50,151,3156.250,531.250,1717.640
51,151,3218.750,531.250,1809.428
52,151,3281.250,531.250,1917.046
53,151,3343.750,531.250,2030.367
54,151,3406.250,531.250,2136.247
55,151,3468.750,531.250,2220.128
56,151,3531.250,531.250,2147.638
57,151,3593.750,531.250,2083.715
58,151,3656.250,531.250,2019.252
59,151,3718.750,531.250,1957.972
60,151,3781.250,531.250,1903.620
61,151,3843.750,531.250,1858.488
62,151,3906.250,531.250,1830.090
63,151,3968.750,531.250,1813.273
64,151,4031.250,531.250,1802.574
65,151,4093.750,531.250,1815.441
66,151,4156.250,531.250,1869.167
67,151,4218.750,531.250,1924.008
68,151,4281.250,531.250,1946.023
69,151,4343.750,531.250,1940.133
70,151,4406.250,531.250,1935.915
71,151,4468.750,531.250,1973.418
72,151,4531.250,531.250,2020.645
73,151,4593.750,531.250,2034.011
74,151,4656.250,531.250,2028.923
75,151,4718.750,531.250,2040.138
76,151,4781.250,531.250,2068.195
77,151,4843.750,531.250,2076.443
78,151,4906.250,531.250,2064.293
79,151,4968.750,531.250,2053.113
80,151,5031.250,531.250,2047.921
81,151,5093.750,531.250,2046.981
82,151,5156.250,531.250,2049.188
83,151,5218.750,531.250,2053.337
84,151,5281.250,531.250,2058.183
85,151,5343.750,531.250,2053.884
86,151,5406.250,531.250,2037.630
87,151,5468.750,531.250,2035.216
88,151,5531.250,531.250,2039.220
89,151,5593.750,531.250,2034.623
90,151,5656.250,531.250,2048.139
91,151,5718.750,531.250,2105.299
92,151,5781.250,531.250,2064.393
93,151,5843.750,531.250,2040.440
94,151,5906.250,531.250,2018.205
95,151,5968.750,531.250,1992.380
96,151,6031.250,531.250,1970.207
97,151,6093.750,531.250,1945.096
98,151,6156.250,531.250,1913.721
99,151,6218.750,531.250,1889.974
100,151,6281.250,531.250,1884.498
101,151,6343.750,531.250,1881.206
102,151,6406.250,531.250,1881.580
103,151,6468.750,531.250,1887.310
104,151,6531.250,531.250,1895.113
105,151,6593.750,531.250,1905.526
106,151,6656.250,531.250,1916.925
107,151,6718.750,531.250,1924.934
108,151,6781.250,531.250,1937.559
109,151,6843.750,531.250,1949.106
110,151,6906.250,531.250,1934.387
111,151,6968.750,531.250,1890.692
112,151,7031.250,531.250,1862.406
113,151,7093.750,531.250,1869.954
114,151,7156.250,531.250,1886.945
115,151,7218.750,531.250,1893.819
116,151,7281.250,531.250,1905.248
117,151,7343.750,531.250,1919.504
118,151,7406.250,531.250,1934.462
119,151,7468.750,531.250,1946.996
120,151,7531.250,531.250,1951.329
121,151,7593.750,531.250,1951.059
122,151,7656.250,531.250,1956.360
123,151,7718.750,531.250,1961.970
124,151,7781.250,531.250,1966.646
125,151,7843.750,531.250,1982.124
126,151,7906.250,531.250,2002.370
127,151,7968.750,531.250,2015.260
128,151,8031.250,531.250,2025.917
129,151,8093.750,531.250,2046.064
130,151,8156.250,531.250,2069.005
131,151,8218.750,531.250,2085.191
132,151,8281.250,531.250,2120.780
133,151,8343.750,531.250,2195.079
134,151,8406.250,531.250,2238.151
135,151,8468.750,531.250,2234.703
136,151,8531.250,531.250,2251.090
137,151,8593.750,531.250,2257.954
138,151,8656.250,531.250,2251.368
139,151,8718.750,531.250,2239.762
140,151,8781.250,531.250,2219.903
141,151,8843.750,531.250,2191.567
142,151,8906.250,531.250,2159.467
143,151,8968.750,531.250,2137.847
144,151,9031.250,531.250,2135.931
145,151,9093.750,531.250,2148.373
146,151,9156.250,531.250,2161.746
147,151,9218.750,531.250,2189.544
148,151,9281.250,531.250,2249.999
149,151,9343.750,531.250,2198.479
150,151,9406.250,531.250,2166.034
151,151,9468.750,531.250,2170.879
152,151,9531.250,531.250,2168.893
153,151,9593.750,531.250,2156.219
154,151,9656.250,531.250,2149.030
155,151,9718.750,531.250,2131.395
156,151,9781.250,531.250,2100.710
157,151,9843.750,531.250,2067.019
158,151,9906.250,531.250,2018.687
159,151,9968.750,531.250,1975.022
0,152,31.250,468.750,1682.869
1,152,93.750,468.750,1691.716
2,152,156.250,468.750,1699.297
3,152,218.750,468.750,1724.084
4,152,281.250,468.750,1778.815
5,152,343.750,468.750,1842.314
6,152,406.250,468.750,1894.357
7,152,468.750,468.750,1950.356
8,152,531.250,468.750,1997.985
9,152,593.750,468.750,2037.576
10,152,656.250,468.750,2113.444
11,152,718.750,468.750,2214.327
12,152,781.250,468.750,2086.774
13,152,843.750,468.750,2005.032
14,152,906.250,468.750,1957.817
15,152,968.750,468.750,1912.025
16,152,1031.250,468.750,1837.024
17,152,1093.750,468.750,1778.562
18,152,1156.250,468.750,1754.036
19,152,1218.750,468.750,1731.073
20,152,1281.250,468.750,1690.438
21,152,1343.750,468.750,1641.147
22,152,1406.250,468.750,1599.009
23,152,1468.750,468.750,1583.814
24,152,1531.250,468.750,1574.560
25,152,1593.750,468.750,1534.956
26,152,1656.250,468.750,1500.299
27,152,1718.750,468.750,1470.771
28,152,1781.250,468.750,1443.775
29,152,1843.750,468.750,1411.886
30,152,1906.250,468.750,1366.782
31,152,1968.750,468.750,1324.722
32,152,2031.250,468.750,1302.283
33,152,2093.750,468.750,1302.287
34,152,2156.250,468.750,1306.527
35,152,2218.750,468.750,1296.871
36,152,2281.250,468.750,1281.077
37,152,2343.750,468.750,1271.448
38,152,2406.250,468.750,1247.643
39,152,2468.750,468.750,1208.926
40,152,2531.250,468.750,1187.319
41,152,2593.750,468.750,1158.346
42,152,2656.250,468.750,1129.060
43,152,2718.750,468.750,1113.813
44,152,2781.250,468.750,1117.128
45,152,2843.750,468.750,1156.419
46,152,2906.250,468.750,1248.789
47,152,2968.750,468.750,1357.238
48,152,3031.250,468.750,1462.591
49,152,3093.750,468.750,1567.562
50,152,3156.250,468.750,1659.474
51,152,3218.750,468.750,1762.469
52,152,3281.250,468.750,1877.087
53,152,3343.750,468.750,1983.587
54,152,3406.250,468.750,2080.287
55,152,3468.750,468.750,2179.676
56,152,3531.250,468.750,2160.842
57,152,3593.750,468.750,2098.714
58,152,3656.250,468.750,2049.529
59,152,3718.750,468.750,2009.355
60,152,3781.250,468.750,1957.761
61,152,3843.750,468.750,1902.721
62,152,3906.250,468.750,1862.963
63,152,3968.750,468.750,1835.127
64,152,4031.250,468.750,1813.584
65,152,4093.750,468.750,1823.117
66,152,4156.250,468.750,1880.086
67,152,4218.750,468.750,1944.261
68,152,4281.250,468.750,1986.665
69,152,4343.750,468.750,2002.221
70,152,4406.250,468.750,1997.859
71,152,4468.750,468.750,2013.610
72,152,4531.250,468.750,2039.686
73,152,4593.750,468.750,2046.505
74,152,4656.250,468.750,2041.624
75,152,4718.750,468.750,2052.640
76,152,4781.250,468.750,2079.027
77,152,4843.750,468.750,2068.357
78,152,4906.250,468.750,2072.260
79,152,4968.750,468.750,2080.260
80,152,5031.250,468.750,2072.618
81,152,5093.750,468.750,2056.035
82,152,5156.250,468.750,2048.183
83,152,5218.750,468.750,2037.115
84,152,5281.250,468.750,2021.356
85,152,5343.750,468.750,2017.601
86,152,5406.250,468.750,2008.725
87,152,5468.750,468.750,2010.853
88,152,5531.250,468.750,2023.190
89,152,5593.750,468.750,2031.237
90,152,5656.250,468.750,2046.462
91,152,5718.750,468.750,2085.993
92,152,5781.250,468.750,2084.165
93,152,5843.750,468.750,2053.535
94,152,5906.250,468.750,2014.537
95,152,5968.750,468.750,1983.110
96,152,6031.250,468.750,1963.627
97,152,6093.750,468.750,1939.752
98,152,6156.250,468.750,1886.279
99,152,6218.750,468.750,1831.139
100,152,6281.250,468.750,1821.604
101,152,6343.750,468.750,1825.640
102,152,6406.250,468.750,1823.648
103,152,6468.750,468.750,1823.092
104,152,6531.250,468.750,1836.365
105,152,6593.750,468.750,1854.565
106,152,6656.250,468.750,1867.216
107,152,6718.750,468.750,1875.079
108,152,6781.250,468.750,1894.325
109,152,6843.750,468.750,1914.053
110,152,6906.250,468.750,1898.266
111,152,6968.750,468.750,1851.153
112,152,7031.250,468.750,1825.805
113,152,7093.750,468.750,1853.899
114,152,7156.250,468.750,1894.024
115,152,7218.750,468.750,1903.519
116,152,7281.250,468.750,1909.003
117,152,7343.750,468.750,1922.446
118,152,7406.250,468.750,1944.749
119,152,7468.750,468.750,1964.880
120,152,7531.250,468.750,1971.504
121,152,7593.750,468.750,1964.901
122,152,7656.250,468.750,1966.147
123,152,7718.750,468.750,1971.582
124,152,7781.250,468.750,1974.409
125,152,7843.750,468.750,1988.741
126,152,7906.250,468.750,2005.689
127,152,7968.750,468.750,2016.484
128,152,8031.250,468.750,2038.735
129,152,8093.750,468.750,2077.923
130,152,8156.250,468.750,2102.012
131,152,8218.750,468.750,2096.838
132,152,8281.250,468.750,2117.310
133,152,8343.750,468.750,2200.583
134,152,8406.250,468.750,2233.350
135,152,8468.750,468.750,2230.253
136,152,8531.250,468.750,2243.208
137,152,8593.750,468.750,2247.475
138,152,8656.250,468.750,2231.183
139,152,8718.750,468.750,2206.429
140,152,8781.250,468.750,2187.262
141,152,8843.750,468.750,2161.089
142,152,8906.250,468.750,2129.033
143,152,8968.750,468.750,2116.784
144,152,9031.250,468.750,2134.632
145,152,9093.750,468.750,2162.900
146,152,9156.250,468.750,2206.506
147,152,9218.750,468.750,2252.446
148,152,9281.250,468.750,2292.221
149,152,9343.750,468.750,2232.982
150,152,9406.250,468.750,2198.828
151,152,9468.750,468.750,2186.354
152,152,9531.250,468.750,2177.305
153,152,9593.750,468.750,2176.147
154,152,9656.250,468.750,2179.077
155,152,9718.750,468.750,2164.185
156,152,9781.250,468.750,2150.002
157,152,9843.750,468.750,2127.416
158,152,9906.250,468.750,2068.502
159,152,9968.750,468.750,2010.431
0,153,31.250,406.250,1648.630
1,153,93.750,406.250,1660.428
2,153,156.250,406.250,1671.228
3,153,218.750,406.250,1697.623
4,153,281.250,406.250,1751.517
5,153,343.750,406.250,1812.970
6,153,406.250,406.250,1861.605
7,153,468.750,406.250,1918.482
8,153,531.250,406.250,1968.375
9,153,593.750,406.250,2009.067
10,153,656.250,406.250,2090.178
11,153,718.750,406.250,2220.928
12,153,781.250,406.250,2092.309
13,153,843.750,406.250,2011.189
14,153,906.250,406.250,1967.737
15,153,968.750,406.250,1923.538
16,153,1031.250,406.250,1848.769
17,153,1093.750,406.250,1792.156
18,153,1156.250,406.250,1768.832
19,153,1218.750,406.250,1744.214
20,153,1281.250,406.250,1702.239
21,153,1343.750,406.250,1651.524
22,153,1406.250,406.250,1608.020
23,153,1468.750,406.250,1591.881
24,153,1531.250,406.250,1581.849
25,153,1593.750,406.250,1542.522
26,153,1656.250,406.250,1514.472
27,153,1718.750,406.250,1488.509
28,153,1781.250,406.250,1457.441
29,153,1843.750,406.250,1419.374
30,153,1906.250,406.250,1370.443
31,153,1968.750,406.250,1327.053
32,153,2031.250,406.250,1300.444
33,153,2093.750,406.250,1289.984
34,153,2156.250,406.250,1282.220
35,153,2218.750,406.250,1263.354
36,153,2281.250,406.250,1240.078
37,153,2343.750,406.250,1225.483
38,153,2406.250,406.250,1197.838
39,153,2468.750,406.250,1154.781
40,153,2531.250,406.250,1130.487
41,153,2593.750,406.250,1098.449
42,153,2656.250,406.250,1068.066
43,153,2718.750,406.250,1055.048
44,153,2781.250,406.250,1060.165
45,153,2843.750,406.250,1099.490
46,153,2906.250,406.250,1194.381
47,153,2968.750,406.250,1303.986
48,153,3031.250,406.250,1403.801
49,153,3093.750,406.250,1501.172
50,153,3156.250,406.250,1592.312
51,153,3218.750,406.250,1700.095
52,153,3281.250,406.250,1818.616
53,153,3343.750,406.250,1924.413
54,153,3406.250,406.250,2019.630
55,153,3468.750,406.250,2120.743
56,153,3531.250,406.250,2179.907
57,153,3593.750,406.250,2119.170
58,153,3656.250,406.250,2076.620
59,153,3718.750,406.250,2045.686
60,153,3781.250,406.250,1996.537
61,153,3843.750,406.250,1939.170
62,153,3906.250,406.250,1896.205
63,153,3968.750,406.250,1864.532
64,153,4031.250,406.250,1838.001
65,153,4093.750,406.250,1844.360
66,153,4156.250,406.250,1899.769
67,153,4218.750,406.250,1964.292
68,153,4281.250,406.250,2011.448
69,153,4343.750,406.250,2033.128
70,153,4406.250,406.250,2028.151
71,153,4468.750,406.250,2036.120
72,153,4531.250,406.250,2054.483
73,153,4593.750,406.250,2058.721
74,153,4656.250,406.250,2053.870
75,153,4718.750,406.250,2065.049
76,153,4781.250,406.250,2067.026
77,153,4843.750,406.250,2058.147
78,153,4906.250,406.250,2067.795
79,153,4968.750,406.250,2081.644
80,153,5031.250,406.250,2071.608
81,153,5093.750,406.250,2048.457
82,153,5156.250,406.250,2037.213
83,153,5218.750,406.250,2022.028
84,153,5281.250,406.250,2000.876
85,153,5343.750,406.250,1999.630
86,153,5406.250,406.250,1995.540
87,153,5468.750,406.250,2000.754
88,153,5531.250,406.250,2017.456
89,153,5593.750,406.250,2031.721
90,153,5656.250,406.250,2049.148
91,153,5718.750,406.250,2084.374
92,153,5781.250,406.250,2079.663
93,153,5843.750,406.250,2045.210
94,153,5906.250,406.250,1998.210
95,153,5968.750,406.250,1962.498
96,153,6031.250,406.250,1941.726
97,153,6093.750,406.250,1917.112
98,153,6156.250,406.250,1855.774
99,153,6218.750,406.250,1789.866
100,153,6281.250,406.250,1778.962
101,153,6343.750,406.250,1784.690
102,153,6406.250,406.250,1780.617
103,153,6468.750,406.250,1777.189
104,153,6531.250,406.250,1793.181
105,153,6593.750,406.250,1815.962
106,153,6656.250,406.250,1831.372
107,153,6718.750,406.250,1841.271
108,153,6781.250,406.250,1864.068
109,153,6843.750,406.250,1887.531
110,153,6906.250,406.250,1872.801
111,153,6968.750,406.250,1827.476
112,153,7031.250,406.250,1806.800
113,153,7093.750,406.250,1845.333
114,153,7156.250,406.250,1895.345
115,153,7218.750,406.250,1906.985
116,153,7281.250,406.250,1911.943
117,153,7343.750,406.250,1926.923
118,153,7406.250,406.250,1953.690
119,153,7468.750,406.250,1978.186
120,153,7531.250,406.250,1987.022
121,153,7593.750,406.250,1979.286
122,153,7656.250,406.250,1979.187
123,153,7718.750,406.250,1983.834
124,153,7781.250,406.250,1985.092
125,153,7843.750,406.250,1998.179
126,153,7906.250,406.250,2012.797
127,153,7968.750,406.250,2022.084
128,153,8031.250,406.250,2048.756
129,153,8093.750,406.250,2095.898
130,153,8156.250,406.250,2121.854
131,153,8218.750,406.250,2111.389
132,153,8281.250,406.250,2129.145
133,153,8343.750,406.250,2218.744
134,153,8406.250,406.250,2220.638
135,153,8468.750,406.250,2217.413
136,153,8531.250,406.250,2228.340
137,153,8593.750,406.250,2231.658
138,153,8656.250,406.250,2212.907
139,153,8718.750,406.250,2185.294
140,153,8781.250,406.250,2168.809
141,153,8843.750,406.250,2146.891
142,153,8906.250,406.250,2118.803
143,153,8968.750,406.250,2113.771
144,153,9031.250,406.250,2143.236
145,153,9093.750,406.250,2181.832
146,153,9156.250,406.250,2240.549
147,153,9218.750,406.250,2296.090
148,153,9281.250,406.250,2313.469
149,153,9343.750,406.250,2257.295
150,153,9406.250,406.250,2221.102
151,153,9468.750,406.250,2202.056
152,153,9531.250,406.250,2190.845
153,153,9593.750,406.250,2194.359
154,153,9656.250,406.250,2201.202
155,153,9718.750,406.250,2187.922
156,153,9781.250,406.250,2181.244
157,153,9843.750,406.250,2165.327
158,153,9906.250,406.250,2105.068
159,153,9968.750,406.250,2043.328
0,154,31.250,343.750,1630.992
1,154,93.750,343.750,1639.045
2,154,156.250,343.750,1647.828
3,154,218.750,343.750,1673.594
4,154,281.250,343.750,1726.609
5,154,343.750,343.750,1790.029
6,154,406.250,343.750,1844.733
7,154,468.750,343.750,1906.025
8,154,531.250,343.750,1965.155
9,154,593.750,343.750,2019.793
10,154,656.250,343.750,2102.519
11,154,718.750,343.750,2214.892
12,154,781.250,343.750,2113.651
13,154,843.750,343.750,2020.861
14,154,906.250,343.750,1959.494
15,154,968.750,343.750,1913.325
16,154,1031.250,343.750,1852.564
17,154,1093.750,343.750,1807.261
18,154,1156.250,343.750,1786.842
19,154,1218.750,343.750,1764.681
20,154,1281.250,343.750,1725.851
21,154,1343.750,343.750,1676.178
22,154,1406.250,343.750,1632.539
23,154,1468.750,343.750,1618.913
24,154,1531.250,343.750,1612.325
25,154,1593.750,343.750,1569.124
26,154,1656.250,343.750,1520.877
27,154,1718.750,343.750,1479.073
28,154,1781.250,343.750,1447.239
29,154,1843.750,343.750,1411.445
30,154,1906.250,343.750,1357.671
31,154,1968.750,343.750,1297.778
32,154,2031.250,343.750,1256.387
33,154,2093.750,343.750,1237.747
34,154,2156.250,343.750,1222.733
35,154,2218.750,343.750,1197.115
36,154,2281.250,343.750,1168.878
37,154,2343.750,343.750,1148.042
38,154,2406.250,343.750,1122.005
39,154,2468.750,343.750,1087.370
40,154,2531.250,343.750,1063.602
41,154,2593.750,343.750,1037.244
42,154,2656.250,343.750,1015.691
43,154,2718.750,343.750,1006.687
44,154,2781.250,343.750,1011.876
45,154,2843.750,343.750,1049.913
46,154,2906.250,343.750,1127.862
47,154,2968.750,343.750,1220.910
48,154,3031.250,343.750,1320.589
49,154,3093.750,343.750,1424.812
50,154,3156.250,343.750,1516.463
51,154,3218.750,343.750,1620.783
52,154,3281.250,343.750,1739.093
53,154,3343.750,343.750,1855.531
54,154,3406.250,343.750,1964.117
55,154,3468.750,343.750,2068.263
56,154,3531.250,343.750,2154.353
57,154,3593.750,343.750,2135.830
58,154,3656.250,343.750,2101.240
59,154,3718.750,343.750,2080.205
60,154,3781.250,343.750,2033.768
61,154,3843.750,343.750,1974.749
62,154,3906.250,343.750,1930.907
63,154,3968.750,343.750,1898.565
64,154,4031.250,343.750,1868.996
65,154,4093.750,343.750,1871.813
66,154,4156.250,343.750,1921.932
67,154,4218.750,343.750,1980.144
68,154,4281.250,343.750,2023.116
69,154,4343.750,343.750,2044.637
70,154,4406.250,343.750,2041.375
71,154,4468.750,343.750,2052.104
72,154,4531.250,343.750,2070.528
73,154,4593.750,343.750,2076.978
74,154,4656.250,343.750,2077.696
75,154,4718.750,343.750,2070.296
76,154,4781.250,343.750,2063.627
77,154,4843.750,343.750,2059.690
78,154,4906.250,343.750,2058.703
79,154,4968.750,343.750,2058.296
80,154,5031.250,343.750,2044.852
81,154,5093.750,343.750,2020.070
82,154,5156.250,343.750,2008.643
83,154,5218.750,343.750,2005.067
84,154,5281.250,343.750,2001.359
85,154,5343.750,343.750,2006.562
86,154,5406.250,343.750,2006.719
87,154,5468.750,343.750,2014.666
88,154,5531.250,343.750,2037.293
89,154,5593.750,343.750,2060.119
90,154,5656.250,343.750,2066.356
91,154,5718.750,343.750,2055.189
92,154,5781.250,343.750,2033.376
93,154,5843.750,343.750,2007.162
94,154,5906.250,343.750,1975.147
95,154,5968.750,343.750,1937.798
96,154,6031.250,343.750,1897.676
97,154,6093.750,343.750,1860.843
98,154,6156.250,343.750,1815.519
99,154,6218.750,343.750,1774.067
100,154,6281.250,343.750,1767.130
101,154,6343.750,343.750,1768.553
102,154,6406.250,343.750,1763.667
103,154,6468.750,343.750,1759.897
104,154,6531.250,343.750,1770.659
105,154,6593.750,343.750,1791.351
106,154,6656.250,343.750,1811.698
107,154,6718.750,343.750,1825.745
108,154,6781.250,343.750,1838.299
109,154,6843.750,343.750,1847.223
110,154,6906.250,343.750,1835.482
111,154,6968.750,343.750,1805.012
112,154,7031.250,343.750,1796.244
113,154,7093.750,343.750,1832.090
114,154,7156.250,343.750,1873.528
115,154,7218.750,343.750,1887.820
116,154,7281.250,343.750,1907.087
117,154,7343.750,343.750,1931.389
118,154,7406.250,343.750,1951.736
119,154,7468.750,343.750,1966.131
120,154,7531.250,343.750,1977.967
121,154,7593.750,343.750,1990.268
122,154,7656.250,343.750,2002.469
123,154,7718.750,343.750,2007.656
124,154,7781.250,343.750,2009.710
125,154,7843.750,343.750,2021.701
126,154,7906.250,343.750,2032.794
127,154,7968.750,343.750,2039.926
128,154,8031.250,343.750,2055.636
129,154,8093.750,343.750,2086.973
130,154,8156.250,343.750,2118.078
131,154,8218.750,343.750,2139.656
132,154,8281.250,343.750,2180.391
133,154,8343.750,343.750,2229.117
134,154,8406.250,343.750,2191.968
135,154,8468.750,343.750,2186.638
136,154,8531.250,343.750,2191.062
137,154,8593.750,343.750,2193.798
138,154,8656.250,343.750,2191.045
139,154,8718.750,343.750,2184.113
140,154,8781.250,343.750,2171.242
141,154,8843.750,343.750,2146.464
142,154,8906.250,343.750,2121.667
143,154,8968.750,343.750,2118.423
144,154,9031.250,343.750,2143.637
145,154,9093.750,343.750,2184.540
146,154,9156.250,343.750,2242.027
147,154,9218.750,343.750,2296.534
148,154,9281.250,343.750,2348.137
149,154,9343.750,343.750,2277.047
150,154,9406.250,343.750,2237.465
151,154,9468.750,343.750,2222.529
152,154,9531.250,343.750,2212.913
153,154,9593.750,343.750,2205.593
154,154,9656.250,343.750,2198.977
155,154,9718.750,343.750,2184.916
156,154,9781.250,343.750,2177.039
157,154,9843.750,343.750,2163.123
158,154,9906.250,343.750,2117.853
159,154,9968.750,343.750,2074.162
0,155,31.250,281.250,1627.988
1,155,93.750,281.250,1629.023
2,155,156.250,281.250,1633.356
3,155,218.750,281.250,1657.617
4,155,281.250,281.250,1709.144
5,155,343.750,281.250,1774.469
6,155,406.250,281.250,1836.564
7,155,468.750,281.250,1901.980
8,155,531.250,281.250,1974.049
9,155,593.750,281.250,2050.019
10,155,656.250,281.250,2134.505
11,155,718.750,281.250,2216.572
12,155,781.250,281.250,2145.247
13,155,843.750,281.250,2035.334
14,155,906.250,281.250,1946.085
15,155,968.750,281.250,1894.864
16,155,1031.250,281.250,1853.441
17,155,1093.750,281.250,1823.965
18,155,1156.250,281.250,1808.112
19,155,1218.750,281.250,1791.075
20,155,1281.250,281.250,1758.518
21,155,1343.750,281.250,1711.674
22,155,1406.250,281.250,1669.063
23,155,1468.750,281.250,1660.951
24,155,1531.250,281.250,1661.193
25,155,1593.750,281.250,1612.490
26,155,1656.250,281.250,1531.619
27,155,1718.750,281.250,1463.691
28,155,1781.250,281.250,1430.146
29,155,1843.750,281.250,1398.400
30,155,1906.250,281.250,1338.403
31,155,1968.750,281.250,1254.707
32,155,2031.250,281.250,1193.361
33,155,2093.750,281.250,1166.201
34,155,2156.250,281.250,1144.722
35,155,2218.750,281.250,1113.501
36,155,2281.250,281.250,1081.525
37,155,2343.750,281.250,1054.359
38,155,2406.250,281.250,1033.907
39,155,2468.750,281.250,1015.054
40,155,2531.250,281.250,993.528
41,155,2593.750,281.250,978.520
42,155,2656.250,281.250,973.996
43,155,2718.750,281.250,974.965
44,155,2781.250,281.250,984.834
45,155,2843.750,281.250,1023.729
46,155,2906.250,281.250,1074.922
47,155,2968.750,281.250,1139.007
48,155,3031.250,281.250,1234.760
49,155,3093.750,281.250,1347.139
50,155,3156.250,281.250,1439.349
51,155,3218.750,281.250,1538.333
52,155,3281.250,281.250,1656.109
53,155,3343.750,281.250,1788.551
54,155,3406.250,281.250,1916.605
55,155,3468.750,281.250,2023.396
56,155,3531.250,281.250,2108.239
57,155,3593.750,281.250,2149.659
58,155,3656.250,281.250,2127.464
59,155,3718.750,281.250,2120.914
60,155,3781.250,281.250,2077.050
61,155,3843.750,281.250,2014.643
62,155,3906.250,281.250,1969.519
63,155,3968.750,281.250,1937.056
64,155,4031.250,281.250,1904.381
65,155,4093.750,281.250,1903.308
66,155,4156.250,281.250,1945.964
67,155,4218.750,281.250,1994.568
68,155,4281.250,281.250,2031.516
69,155,4343.750,281.250,2054.634
70,155,4406.250,281.250,2056.229
71,155,4468.750,281.250,2071.309
72,155,4531.250,281.250,2088.496
73,155,4593.750,281.250,2097.242
74,155,4656.250,281.250,2080.325
75,155,4718.750,281.250,2061.302
76,155,4781.250,281.250,2069.758
77,155,4843.750,281.250,2073.682
78,155,4906.250,281.250,2056.167
79,155,4968.750,281.250,2034.418
80,155,5031.250,281.250,2017.472
81,155,5093.750,281.250,1991.583
82,155,5156.250,281.250,1980.350
83,155,5218.750,281.250,1995.120
84,155,5281.250,281.250,2018.355
85,155,5343.750,281.250,2031.991
86,155,5406.250,281.250,2035.635
87,155,5468.750,281.250,2038.365
88,155,5531.250,281.250,2025.127
89,155,5593.750,281.250,2009.762
90,155,5656.250,281.250,2009.353
91,155,5718.750,281.250,1992.598
92,155,5781.250,281.250,1964.540
93,155,5843.750,281.250,1952.201
94,155,5906.250,281.250,1946.472
95,155,5968.750,281.250,1909.900
96,155,6031.250,281.250,1842.941
97,155,6093.750,281.250,1790.036
98,155,6156.250,281.250,1772.604
99,155,6218.750,281.250,1771.305
100,155,6281.250,281.250,1771.209
101,155,6343.750,281.250,1768.594
102,155,6406.250,281.250,1766.076
103,155,6468.750,281.250,1764.101
104,155,6531.250,281.250,1765.889
105,155,6593.750,281.250,1780.123
106,155,6656.250,281.250,1803.513
107,155,6718.750,281.250,1819.636
108,155,6781.250,281.250,1812.400
109,155,6843.750,281.250,1795.724
110,155,6906.250,281.250,1787.196
111,155,6968.750,281.250,1778.582
112,155,7031.250,281.250,1787.059
113,155,7093.750,281.250,1817.450
114,155,7156.250,281.250,1844.915
115,155,7218.750,281.250,1862.161
116,155,7281.250,281.250,1901.526
117,155,7343.750,281.250,1937.217
118,155,7406.250,281.250,1943.879
119,155,7468.750,281.250,1939.810
120,155,7531.250,281.250,1955.551
121,155,7593.750,281.250,1999.518
122,155,7656.250,281.250,2031.233
123,155,7718.750,281.250,2037.297
124,155,7781.250,281.250,2040.936
125,155,7843.750,281.250,2051.953
126,155,7906.250,281.250,2058.073
127,155,7968.750,281.250,2061.690
128,155,8031.250,281.250,2058.631
129,155,8093.750,281.250,2063.167
130,155,8156.250,281.250,2102.000
131,155,8218.750,281.250,2174.538
132,155,8281.250,281.250,2210.306
133,155,8343.750,281.250,2177.502
134,155,8406.250,281.250,2150.567
135,155,8468.750,281.250,2140.946
136,155,8531.250,281.250,2135.990
137,155,8593.750,281.250,2139.464
138,155,8656.250,281.250,2163.036
139,155,8718.750,281.250,2187.664
140,155,8781.250,281.250,2177.246
141,155,8843.750,281.250,2144.792
142,155,8906.250,281.250,2123.387
143,155,8968.750,281.250,2122.446
144,155,9031.250,281.250,2138.679
145,155,9093.750,281.250,2178.890
146,155,9156.250,281.250,2228.859
147,155,9218.750,281.250,2276.903
148,155,9281.250,281.250,2346.247
149,155,9343.750,281.250,2298.815
150,155,9406.250,281.250,2255.558
151,155,9468.750,281.250,2246.745
152,155,9531.250,281.250,2238.167
153,155,9593.750,281.250,2211.802
154,155,9656.250,281.250,2182.326
155,155,9718.750,281.250,2166.143
156,155,9781.250,281.250,2155.727
157,155,9843.750,281.250,2143.907
158,155,9906.250,281.250,2120.989
159,155,9968.750,281.250,2104.633
0,156,31.250,218.750,1625.809
1,156,93.750,218.750,1623.235
2,156,156.250,218.750,1626.406
3,156,218.750,218.750,1652.226
4,156,281.250,218.750,1705.172
5,156,343.750,218.750,1771.954
6,156,406.250,218.750,1837.340
7,156,468.750,218.750,1903.338
8,156,531.250,218.750,1982.502
9,156,593.750,218.750,2072.115
10,156,656.250,218.750,2158.826
11,156,718.750,218.750,2222.349
12,156,781.250,218.750,2166.273
13,156,843.750,218.750,2046.237
14,156,906.250,218.750,1939.780
15,156,968.750,218.750,1884.467
16,156,1031.250,218.750,1855.350
17,156,1093.750,218.750,1837.749
18,156,1156.250,218.750,1828.513
19,156,1218.750,218.750,1818.456
20,156,1281.250,218.750,1791.773
21,156,1343.750,218.750,1747.521
22,156,1406.250,218.750,1706.039
23,156,1468.750,218.750,1702.056
24,156,1531.250,218.750,1706.922
25,156,1593.750,218.750,1653.921
26,156,1656.250,218.750,1548.910
27,156,1718.750,218.750,1459.427
28,156,1781.250,218.750,1419.875
29,156,1843.750,218.750,1387.221
30,156,1906.250,218.750,1321.745
31,156,1968.750,218.750,1220.198
32,156,2031.250,218.750,1142.570
33,156,2093.750,218.750,1106.360
34,156,2156.250,218.750,1077.909
35,156,2218.750,218.750,1041.334
36,156,2281.250,218.750,1004.157
37,156,2343.750,218.750,969.564
38,156,2406.250,218.750,949.418
39,156,2468.750,218.750,938.330
40,156,2531.250,218.750,918.126
41,156,2593.750,218.750,916.172
42,156,2656.250,218.750,932.203
43,156,2718.750,218.750,950.417
44,156,2781.250,218.750,972.216
45,156,2843.750,218.750,1014.399
46,156,2906.250,218.750,1045.770
47,156,2968.750,218.750,1084.586
48,156,3031.250,218.750,1169.820
49,156,3093.750,218.750,1281.613
50,156,3156.250,218.750,1373.304
51,156,3218.750,218.750,1469.816
52,156,3281.250,218.750,1588.491
53,156,3343.750,218.750,1731.829
54,156,3406.250,218.750,1871.980
55,156,3468.750,218.750,1979.134
56,156,3531.250,218.750,2060.098
57,156,3593.750,218.750,2112.537
58,156,3656.250,218.750,2111.608
59,156,3718.750,218.750,2092.815
60,156,3781.250,218.750,2121.336
61,156,3843.750,218.750,2057.661
62,156,3906.250,218.750,2012.984
63,156,3968.750,218.750,1981.558
64,156,4031.250,218.750,1947.371
65,156,4093.750,218.750,1942.784
66,156,4156.250,218.750,1977.065
67,156,4218.750,218.750,2014.598
68,156,4281.250,218.750,2043.250
69,156,4343.750,218.750,2065.515
70,156,4406.250,218.750,2070.742
71,156,4468.750,218.750,2086.738
72,156,4531.250,218.750,2099.637
73,156,4593.750,218.750,2098.078
74,156,4656.250,218.750,2078.876
75,156,4718.750,218.750,2060.453
76,156,4781.250,218.750,2077.639
77,156,4843.750,218.750,2085.619
78,156,4906.250,218.750,2057.326
79,156,4968.750,218.750,2022.565
80,156,5031.250,218.750,2004.297
81,156,5093.750,218.750,1979.323
82,156,5156.250,218.750,1969.984
83,156,5218.750,218.750,1998.290
84,156,5281.250,218.750,2034.370
85,156,5343.750,218.750,2008.634
86,156,5406.250,218.750,2005.760
87,156,5468.750,218.750,2006.002
88,156,5531.250,218.750,1988.654
89,156,5593.750,218.750,1967.865
90,156,5656.250,218.750,1963.907
91,156,5718.750,218.750,1941.013
92,156,5781.250,218.750,1906.194
93,156,5843.750,218.750,1900.930
94,156,5906.250,218.750,1911.307
95,156,5968.750,218.750,1876.230
96,156,6031.250,218.750,1795.989
97,156,6093.750,218.750,1737.545
98,156,6156.250,218.750,1741.931
99,156,6218.750,218.750,1768.697
100,156,6281.250,218.750,1773.969
101,156,6343.750,218.750,1771.955
102,156,6406.250,218.750,1775.072
103,156,6468.750,218.750,1777.393
104,156,6531.250,218.750,1774.152
105,156,6593.750,218.750,1782.414
106,156,6656.250,218.750,1802.790
107,156,6718.750,218.750,1814.984
108,156,6781.250,218.750,1791.290
109,156,6843.750,218.750,1756.526
110,156,6906.250,218.750,1750.883
111,156,6968.750,218.750,1759.106
112,156,7031.250,218.750,1782.700
113,156,7093.750,218.750,1813.993
114,156,7156.250,218.750,1835.928
115,156,7218.750,218.750,1855.732
116,156,7281.250,218.750,1906.166
117,156,7343.750,218.750,1946.191
118,156,7406.250,218.750,1941.210
119,156,7468.750,218.750,1923.659
120,156,7531.250,218.750,1941.971
121,156,7593.750,218.750,2007.225
122,156,7656.250,218.750,2052.670
123,156,7718.750,218.750,2060.404
124,156,7781.250,218.750,2065.872
125,156,7843.750,218.750,2076.765
126,156,7906.250,218.750,2079.390
127,156,7968.750,218.750,2079.751
128,156,8031.250,218.750,2063.460
129,156,8093.750,218.750,2050.374
130,156,8156.250,218.750,2095.317
131,156,8218.750,218.750,2203.550
132,156,8281.250,218.750,2173.622
133,156,8343.750,218.750,2136.345
134,156,8406.250,218.750,2110.699
135,156,8468.750,218.750,2096.114
136,156,8531.250,218.750,2084.903
137,156,8593.750,218.750,2089.829
138,156,8656.250,218.750,2131.034
139,156,8718.750,218.750,2175.422
140,156,8781.250,218.750,2166.125
141,156,8843.750,218.750,2132.751
142,156,8906.250,218.750,2120.928
143,156,8968.750,218.750,2130.233
144,156,9031.250,218.750,2146.977
145,156,9093.750,218.750,2187.884
146,156,9156.250,218.750,2229.990
147,156,9218.750,218.750,2269.308
148,156,9281.250,218.750,2343.590
149,156,9343.750,218.750,2319.678
150,156,9406.250,218.750,2274.157
151,156,9468.750,218.750,2266.781
152,156,9531.250,218.750,2255.652
153,156,9593.750,218.750,2214.606
154,156,9656.250,218.750,2169.766
155,156,9718.750,218.750,2153.785
156,156,9781.250,218.750,2145.468
157,156,9843.750,218.750,2139.302
158,156,9906.250,218.750,2133.937
159,156,9968.750,218.750,2136.484
0,157,31.250,156.250,1617.699
1,157,93.750,156.250,1617.161
2,157,156.250,156.250,1625.368
3,157,218.750,156.250,1658.998
4,157,281.250,156.250,1718.399
5,157,343.750,156.250,1784.999
6,157,406.250,156.250,1842.362
7,157,468.750,156.250,1901.084
8,157,531.250,156.250,1976.615
9,157,593.750,156.250,2064.292
10,157,656.250,156.250,2153.113
11,157,718.750,156.250,2222.588
12,157,781.250,156.250,2168.515
13,157,843.750,156.250,2048.498
14,157,906.250,156.250,1941.450
15,157,968.750,156.250,1886.849
16,157,1031.250,156.250,1864.735
17,157,1093.750,156.250,1855.761
18,157,1156.250,156.250,1850.344
19,157,1218.750,156.250,1840.155
20,157,1281.250,156.250,1815.465
21,157,1343.750,156.250,1779.594
22,157,1406.250,156.250,1743.625
23,157,1468.750,156.250,1731.705
24,157,1531.250,156.250,1723.443
25,157,1593.750,156.250,1668.504
26,157,1656.250,156.250,1570.052
27,157,1718.750,156.250,1479.217
28,157,1781.250,156.250,1422.135
29,157,1843.750,156.250,1371.079
30,157,1906.250,156.250,1302.889
31,157,1968.750,156.250,1207.497
32,157,2031.250,156.250,1129.065
33,157,2093.750,156.250,1078.124
34,157,2156.250,156.250,1033.366
35,157,2218.750,156.250,989.676
36,157,2281.250,156.250,945.227
37,157,2343.750,156.250,902.337
38,157,2406.250,156.250,875.973
39,157,2468.750,156.250,861.845
40,157,2531.250,156.250,842.334
41,157,2593.750,156.250,854.253
42,157,2656.250,156.250,891.650
43,157,2718.750,156.250,928.595
44,157,2781.250,156.250,961.630
45,157,2843.750,156.250,1007.746
46,157,2906.250,156.250,1040.353
47,157,2968.750,156.250,1071.547
48,157,3031.250,156.250,1139.101
49,157,3093.750,156.250,1235.357
50,157,3156.250,156.250,1324.315
51,157,3218.750,156.250,1422.024
52,157,3281.250,156.250,1542.281
53,157,3343.750,156.250,1682.519
54,157,3406.250,156.250,1816.345
55,157,3468.750,156.250,1920.422
56,157,3531.250,156.250,1995.136
57,157,3593.750,156.250,2039.749
58,157,3656.250,156.250,2041.725
59,157,3718.750,156.250,2033.881
60,157,3781.250,156.250,2074.660
61,157,3843.750,156.250,2094.882
62,157,3906.250,156.250,2055.954
63,157,3968.750,156.250,2031.538
64,157,4031.250,156.250,2005.919
65,157,4093.750,156.250,1998.870
66,157,4156.250,156.250,2018.006
67,157,4218.750,156.250,2040.242
68,157,4281.250,156.250,2060.045
69,157,4343.750,156.250,2078.115
70,157,4406.250,156.250,2081.804
71,157,4468.750,156.250,2089.069
72,157,4531.250,156.250,2092.278
73,157,4593.750,156.250,2093.619
74,157,4656.250,156.250,2083.852
75,157,4718.750,156.250,2065.068
76,157,4781.250,156.250,2078.759
77,157,4843.750,156.250,2084.152
78,157,4906.250,156.250,2060.023
79,157,4968.750,156.250,2032.612
80,157,5031.250,156.250,2016.391
81,157,5093.750,156.250,1992.912
82,157,5156.250,156.250,1986.517
83,157,5218.750,156.250,2015.180
84,157,5281.250,156.250,2012.455
85,157,5343.750,156.250,1985.139
86,157,5406.250,156.250,1980.784
87,157,5468.750,156.250,1981.323
88,157,5531.250,156.250,1965.368
89,157,5593.750,156.250,1945.809
90,157,5656.250,156.250,1942.807
91,157,5718.750,156.250,1923.241
92,157,5781.250,156.250,1888.317
93,157,5843.750,156.250,1872.441
94,157,5906.250,156.250,1869.984
95,157,5968.750,156.250,1835.043
96,157,6031.250,156.250,1769.224
97,157,6093.750,156.250,1725.389
98,157,6156.250,156.250,1733.403
99,157,6218.750,156.250,1757.605
100,157,6281.250,156.250,1763.283
101,157,6343.750,156.250,1766.110
102,157,6406.250,156.250,1775.178
103,157,6468.750,156.250,1784.045
104,157,6531.250,156.250,1786.135
105,157,6593.750,156.250,1794.016
106,157,6656.250,156.250,1805.986
107,157,6718.750,156.250,1807.694
108,157,6781.250,156.250,1781.280
109,157,6843.750,156.250,1750.604
110,157,6906.250,156.250,1746.708
111,157,6968.750,156.250,1755.340
112,157,7031.250,156.250,1784.553
113,157,7093.750,156.250,1825.294
114,157,7156.250,156.250,1853.662
115,157,7218.750,156.250,1875.282
116,157,7281.250,156.250,1924.870
117,157,7343.750,156.250,1960.777
118,157,7406.250,156.250,1951.462
119,157,7468.750,156.250,1932.540
120,157,7531.250,156.250,1949.277
121,157,7593.750,156.250,2006.351
122,157,7656.250,156.250,2048.445
123,157,7718.750,156.250,2064.273
124,157,7781.250,156.250,2079.499
125,157,7843.750,156.250,2093.052
126,157,7906.250,156.250,2094.632
127,157,7968.750,156.250,2092.461
128,157,8031.250,156.250,2077.253
129,157,8093.750,156.250,2068.618
130,157,8156.250,156.250,2114.943
131,157,8218.750,156.250,2222.534
132,157,8281.250,156.250,2168.426
133,157,8343.750,156.250,2123.818
134,157,8406.250,156.250,2094.689
135,157,8468.750,156.250,2078.101
136,157,8531.250,156.250,2066.784
137,157,8593.750,156.250,2071.715
138,157,8656.250,156.250,2108.624
139,157,8718.750,156.250,2146.727
140,157,8781.250,156.250,2137.397
141,157,8843.750,156.250,2114.439
142,157,8906.250,156.250,2119.959
143,157,8968.750,156.250,2150.438
144,157,9031.250,156.250,2184.398
145,157,9093.750,156.250,2229.396
146,157,9156.250,156.250,2264.710
147,157,9218.750,156.250,2293.296
148,157,9281.250,156.250,2353.521
149,157,9343.750,156.250,2337.892
150,157,9406.250,156.250,2291.939
151,157,9468.750,156.250,2274.626
152,157,9531.250,156.250,2254.363
153,157,9593.750,156.250,2212.713
154,157,9656.250,156.250,2172.373
155,157,9718.750,156.250,2160.579
156,157,9781.250,156.250,2159.463
157,157,9843.750,156.250,2162.462
158,157,9906.250,156.250,2163.532
159,157,9968.750,156.250,2167.868
0,158,31.250,93.750,1615.462
1,158,93.750,93.750,1619.518
2,158,156.250,93.750,1637.480
3,158,218.750,93.750,1683.753
4,158,281.250,93.750,1750.365
5,158,343.750,93.750,1812.406
6,158,406.250,93.750,1849.874
7,158,468.750,93.750,1894.408
8,158,531.250,93.750,1960.426
9,158,593.750,93.750,2037.254
10,158,656.250,93.750,2124.187
11,158,718.750,93.750,2207.834
12,158,781.250,93.750,2165.085
13,158,843.750,93.750,2045.711
14,158,906.250,93.750,1938.011
15,158,968.750,93.750,1888.788
16,158,1031.250,93.750,1883.793
17,158,1093.750,93.750,1890.121
18,158,1156.250,93.750,1881.118
19,158,1218.750,93.750,1856.104
20,158,1281.250,93.750,1828.788
21,158,1343.750,93.750,1812.115
22,158,1406.250,93.750,1790.408
23,158,1468.750,93.750,1756.838
24,158,1531.250,93.750,1713.728
25,158,1593.750,93.750,1657.113
26,158,1656.250,93.750,1590.383
27,158,1718.750,93.750,1515.325
28,158,1781.250,93.750,1429.573
29,158,1843.750,93.750,1343.144
30,158,1906.250,93.750,1276.059
31,158,1968.750,93.750,1211.404
32,158,2031.250,93.750,1147.169
33,158,2093.750,93.750,1071.819
34,158,2156.250,93.750,995.589
35,158,2218.750,93.750,941.856
36,158,2281.250,93.750,891.125
37,158,2343.750,93.750,840.852
38,158,2406.250,93.750,811.274
39,158,2468.750,93.750,798.780
40,158,2531.250,93.750,782.071
41,158,2593.750,93.750,807.983
42,158,2656.250,93.750,864.535
43,158,2718.750,93.750,911.462
44,158,2781.250,93.750,944.975
45,158,2843.750,93.750,995.391
46,158,2906.250,93.750,1044.898
47,158,2968.750,93.750,1081.241
48,158,3031.250,93.750,1128.538
49,158,3093.750,93.750,1201.724
50,158,3156.250,93.750,1286.040
51,158,3218.750,93.750,1383.085
52,158,3281.250,93.750,1501.931
53,158,3343.750,93.750,1629.268
54,158,3406.250,93.750,1745.598
55,158,3468.750,93.750,1846.188
56,158,3531.250,93.750,1915.794
57,158,3593.750,93.750,1953.529
58,158,3656.250,93.750,1979.024
59,158,3718.750,93.750,2012.116
60,158,3781.250,93.750,2059.256
61,158,3843.750,93.750,2112.934
62,158,3906.250,93.750,2088.875
63,158,3968.750,93.750,2077.255
64,158,4031.250,93.750,2073.260
65,158,4093.750,93.750,2064.915
66,158,4156.250,93.750,2058.618
67,158,4218.750,93.750,2060.050
68,158,4281.250,93.750,2074.025
69,158,4343.750,93.750,2087.964
70,158,4406.250,93.750,2085.101
71,158,4468.750,93.750,2075.304
72,158,4531.250,93.750,2066.597
73,158,4593.750,93.750,2067.435
74,158,4656.250,93.750,2080.190
75,158,4718.750,93.750,2068.993
76,158,4781.250,93.750,2074.540
77,158,4843.750,93.750,2074.327
78,158,4906.250,93.750,2062.882
79,158,4968.750,93.750,2055.702
80,158,5031.250,93.750,2043.626
81,158,5093.750,93.750,2019.571
82,158,5156.250,93.750,2014.763
83,158,5218.750,93.750,2036.245
84,158,5281.250,93.750,1998.443
85,158,5343.750,93.750,1972.365
86,158,5406.250,93.750,1964.522
87,158,5468.750,93.750,1962.525
88,158,5531.250,93.750,1945.592
89,158,5593.750,93.750,1925.501
90,158,5656.250,93.750,1927.694
91,158,5718.750,93.750,1926.688
92,158,5781.250,93.750,1902.504
93,158,5843.750,93.750,1865.340
94,158,5906.250,93.750,1833.570
95,158,5968.750,93.750,1800.624
96,158,6031.250,93.750,1764.915
97,158,6093.750,93.750,1744.958
98,158,6156.250,93.750,1745.255
99,158,6218.750,93.750,1749.719
100,158,6281.250,93.750,1752.165
101,158,6343.750,93.750,1756.859
102,158,6406.250,93.750,1766.700
103,158,6468.750,93.750,1781.086
104,158,6531.250,93.750,1793.775
105,158,6593.750,93.750,1804.557
106,158,6656.250,93.750,1808.559
107,158,6718.750,93.750,1799.631
108,158,6781.250,93.750,1783.231
109,158,6843.750,93.750,1774.981
110,158,6906.250,93.750,1774.052
111,158,6968.750,93.750,1769.456
112,158,7031.250,93.750,1793.620
113,158,7093.750,93.750,1840.582
114,158,7156.250,93.750,1873.422
115,158,7218.750,93.750,1896.263
116,158,7281.250,93.750,1947.027
117,158,7343.750,93.750,1980.089
118,158,7406.250,93.750,1969.327
119,158,7468.750,93.750,1953.520
120,158,7531.250,93.750,1965.159
121,158,7593.750,93.750,1993.620
122,158,7656.250,93.750,2019.588
123,158,7718.750,93.750,2051.661
124,158,7781.250,93.750,2089.284
125,158,7843.750,93.750,2109.168
126,158,7906.250,93.750,2111.406
127,158,7968.750,93.750,2108.081
128,158,8031.250,93.750,2102.099
129,158,8093.750,93.750,2108.096
130,158,8156.250,93.750,2151.449
131,158,8218.750,93.750,2235.258
132,158,8281.250,93.750,2172.918
133,158,8343.750,93.750,2128.413
134,158,8406.250,93.750,2106.155
135,158,8468.750,93.750,2091.568
136,158,8531.250,93.750,2082.515
137,158,8593.750,93.750,2085.443
138,158,8656.250,93.750,2107.000
139,158,8718.750,93.750,2127.003
140,158,8781.250,93.750,2119.192
141,158,8843.750,93.750,2110.586
142,158,8906.250,93.750,2134.788
143,158,8968.750,93.750,2187.656
144,158,9031.250,93.750,2241.912
145,158,9093.750,93.750,2289.483
146,158,9156.250,93.750,2314.693
147,158,9218.750,93.750,2328.528
148,158,9281.250,93.750,2363.405
149,158,9343.750,93.750,2348.790
150,158,9406.250,93.750,2302.465
151,158,9468.750,93.750,2268.241
152,158,9531.250,93.750,2236.311
153,158,9593.750,93.750,2204.479
154,158,9656.250,93.750,2180.296
155,158,9718.750,93.750,2172.339
156,158,9781.250,93.750,2174.859
157,158,9843.750,93.750,2184.648
158,158,9906.250,93.750,2187.900
159,158,9968.750,93.750,2188.620
0,159,31.250,31.250,1621.131
1,159,93.750,31.250,1631.069
2,159,156.250,31.250,1659.505
3,159,218.750,31.250,1717.007
4,159,281.250,31.250,1788.001
5,159,343.750,31.250,1844.226
6,159,406.250,31.250,1863.412
7,159,468.750,31.250,1895.804
8,159,531.250,31.250,1951.678
9,159,593.750,31.250,2015.544
10,159,656.250,31.250,2097.491
11,159,718.750,31.250,2192.217
12,159,781.250,31.250,2160.279
13,159,843.750,31.250,2041.873
14,159,906.250,31.250,1933.894
15,159,968.750,31.250,1891.061
16,159,1031.250,31.250,1902.962
17,159,1093.750,31.250,1923.580
18,159,1156.250,31.250,1910.363
19,159,1218.750,31.250,1869.924
20,159,1281.250,31.250,1838.150
21,159,1343.750,31.250,1837.007
22,159,1406.250,31.250,1827.608
23,159,1468.750,31.250,1775.339
24,159,1531.250,31.250,1701.880
25,159,1593.750,31.250,1643.519
26,159,1656.250,31.250,1605.156
27,159,1718.750,31.250,1545.416
28,159,1781.250,31.250,1436.622
29,159,1843.750,31.250,1321.425
30,159,1906.250,31.250,1256.919
31,159,1968.750,31.250,1220.896
32,159,2031.250,31.250,1170.096
33,159,2093.750,31.250,1073.730
34,159,2156.250,31.250,970.048
35,159,2218.750,31.250,907.893
36,159,2281.250,31.250,853.437
37,159,2343.750,31.250,798.809
38,159,2406.250,31.250,768.823
39,159,2468.750,31.250,760.440
40,159,2531.250,31.250,747.295
41,159,2593.750,31.250,782.805
42,159,2656.250,31.250,851.167
43,159,2718.750,31.250,901.659
44,159,2781.250,31.250,932.374
45,159,2843.750,31.250,986.306
46,159,2906.250,31.250,1052.072
47,159,2968.750,31.250,1095.558
48,159,3031.250,31.250,1128.250
49,159,3093.750,31.250,1183.400
50,159,3156.250,31.250,1263.564
51,159,3218.750,31.250,1358.442
52,159,3281.250,31.250,1474.130
53,159,3343.750,31.250,1589.019
54,159,3406.250,31.250,1690.264
55,159,3468.750,31.250,1788.970
56,159,3531.250,31.250,1856.116
57,159,3593.750,31.250,1889.855
58,159,3656.250,31.250,1938.813
59,159,3718.750,31.250,2010.195
60,159,3781.250,31.250,2063.322
61,159,3843.750,31.250,2099.330
62,159,3906.250,31.250,2104.299
63,159,3968.750,31.250,2101.325
64,159,4031.250,31.250,2112.233
65,159,4093.750,31.250,2106.670
66,159,4156.250,31.250,2080.346
67,159,4218.750,31.250,2066.505
68,159,4281.250,31.250,2077.718
69,159,4343.750,31.250,2080.223
70,159,4406.250,31.250,2058.439
71,159,4468.750,31.250,2054.017
72,159,4531.250,31.250,2037.591
73,159,4593.750,31.250,2041.450
74,159,4656.250,31.250,2059.627
75,159,4718.750,31.250,2069.531
76,159,4781.250,31.250,2068.444
77,159,4843.750,31.250,2063.508
78,159,4906.250,31.250,2063.309
79,159,4968.750,31.250,2056.617
80,159,5031.250,31.250,2049.738
81,159,5093.750,31.250,2041.616
82,159,5156.250,31.250,2037.919
83,159,5218.750,31.250,2016.715
84,159,5281.250,31.250,1993.547
85,159,5343.750,31.250,1969.457
86,159,5406.250,31.250,1958.210
87,159,5468.750,31.250,1952.291
88,159,5531.250,31.250,1932.450
89,159,5593.750,31.250,1910.547
90,159,5656.250,31.250,1917.938
91,159,5718.750,31.250,1935.318
92,159,5781.250,31.250,1922.822
93,159,5843.750,31.250,1868.894
94,159,5906.250,31.250,1814.291
95,159,5968.750,31.250,1785.526
96,159,6031.250,31.250,1776.386
97,159,6093.750,31.250,1775.935
98,159,6156.250,31.250,1767.823
99,159,6218.750,31.250,1753.895
100,159,6281.250,31.250,1753.044
101,159,6343.750,31.250,1756.872
102,159,6406.250,31.250,1763.983
103,159,6468.750,31.250,1780.665
104,159,6531.250,31.250,1801.823
105,159,6593.750,31.250,1815.512
106,159,6656.250,31.250,1814.413
107,159,6718.750,31.250,1798.496
108,159,6781.250,31.250,1793.891
109,159,6843.750,31.250,1807.830
110,159,6906.250,31.250,1809.983
111,159,6968.750,31.250,1791.603
112,159,7031.250,31.250,1807.787
113,159,7093.750,31.250,1856.683
114,159,7156.250,31.250,1891.384
115,159,7218.750,31.250,1914.508
116,159,7281.250,31.250,1966.193
117,159,7343.750,31.250,1997.111
118,159,7406.250,31.250,1985.605
119,159,7468.750,31.250,1972.747
120,159,7531.250,31.250,1979.542
121,159,7593.750,31.250,1982.334
122,159,7656.250,31.250,1993.637
123,159,7718.750,31.250,2039.666
124,159,7781.250,31.250,2097.216
125,159,7843.750,31.250,2123.828
126,159,7906.250,31.250,2128.505
127,159,7968.750,31.250,2126.055
128,159,8031.250,31.250,2129.327
129,159,8093.750,31.250,2147.726
130,159,8156.250,31.250,2186.382
131,159,8218.750,31.250,2238.750
132,159,8281.250,31.250,2181.934
133,159,8343.750,31.250,2139.524
134,159,8406.250,31.250,2124.991
135,159,8468.750,31.250,2112.802
136,159,8531.250,31.250,2105.578
137,159,8593.750,31.250,2105.653
138,159,8656.250,31.250,2112.605
139,159,8718.750,31.250,2116.407
140,159,8781.250,31.250,2111.278
141,159,8843.750,31.250,2115.474
142,159,8906.250,31.250,2153.999
143,159,8968.750,31.250,2222.017
144,159,9031.250,31.250,2289.774
145,159,9093.750,31.250,2337.297
146,159,9156.250,31.250,2353.498
147,159,9218.750,31.250,2354.455
148,159,9281.250,31.250,2366.644
149,159,9343.750,31.250,2348.736
150,159,9406.250,31.250,2301.986
151,159,9468.750,31.250,2255.309
152,159,9531.250,31.250,2216.408
153,159,9593.750,31.250,2195.993
154,159,9656.250,31.250,2186.993
155,159,9718.750,31.250,2181.228
156,159,9781.250,31.250,2184.340
157,159,9843.750,31.250,2197.384
158,159,9906.250,31.250,2200.533
159,159,9968.750,31.250,2196.803